{
"type": "FeatureCollection",
"name": "tl_2025_us_county",
"crs": { "type": "name", "properties": { "name": "urn:ogc:def:crs:OGC:1.3:CRS84" } },
"features": [
{ "type": "Feature", "properties": { "STATEFP": "46", "COUNTYFP": "047", "COUNTYNS": "01265787", "GEOID": "46047", "GEOIDFQ": "0500000US46047", "NAME": "Fall River", "NAMELSAD": "Fall River County", "LSAD": "06", "CLASSFP": "H1", "MTFCC": "G4020", "CSAFP": null, "CBSAFP": null, "METDIVFP": null, "FUNCSTAT": "A", "ALAND": 4506292113, "AWATER": 24021148, "INTPTLAT": "+43.2216189", "INTPTLON": "-103.5126087" }, "geometry": { "type": "Polygon", "coordinates": [ [ [ -103.346849, 43.000926 ], [ -103.347222, 43.000926 ], [ -103.347462, 43.000926 ], [ -103.348301, 43.000927 ], [ -103.348626, 43.000929 ], [ -103.351261, 43.000947 ], [ -103.354598, 43.000938 ], [ -103.354713, 43.000938 ], [ -103.359396, 43.000939 ], [ -103.360768, 43.000928 ], [ -103.372939, 43.000915 ], [ -103.375617, 43.000916 ], [ -103.380317, 43.000907 ], [ -103.381469, 43.000904 ], [ -103.381575, 43.000904 ], [ -103.381733, 43.000904 ], [ -103.384961, 43.000905 ], [ -103.385658, 43.000905 ], [ -103.386912, 43.000905 ], [ -103.387153, 43.000905 ], [ -103.387186, 43.000905 ], [ -103.387256, 43.000905 ], [ -103.389344, 43.000912 ], [ -103.390369, 43.000907 ], [ -103.394538, 43.000911 ], [ -103.395348, 43.000912 ], [ -103.395698, 43.000907 ], [ -103.396028, 43.000903 ], [ -103.396157, 43.000901 ], [ -103.396374, 43.000898 ], [ -103.403187, 43.000906 ], [ -103.404019, 43.00092 ], [ -103.40437, 43.000913 ], [ -103.40459, 43.000909 ], [ -103.404606, 43.000893 ], [ -103.404709, 43.00079 ], [ -103.404778, 43.000721 ], [ -103.409394, 43.000721 ], [ -103.409421, 43.000721 ], [ -103.42492, 43.00074 ], [ -103.42536, 43.00074 ], [ -103.450801, 43.000516 ], [ -103.453467, 43.000512 ], [ -103.453528, 43.000513 ], [ -103.461391, 43.000501 ], [ -103.46317, 43.000498 ], [ -103.46516, 43.000495 ], [ -103.465483, 43.000495 ], [ -103.466874, 43.000493 ], [ -103.475547, 43.00048 ], [ -103.475638, 43.00048 ], [ -103.487201, 43.000618 ], [ -103.48725, 43.000619 ], [ -103.500358, 43.000766 ], [ -103.503759, 43.000769 ], [ -103.503827, 43.000769 ], [ -103.5051, 43.00077 ], [ -103.505192, 43.000784 ], [ -103.505815, 43.000879 ], [ -103.506032, 43.000777 ], [ -103.506151, 43.000771 ], [ -103.506518, 43.000874 ], [ -103.506555, 43.000873 ], [ -103.523784, 43.000798 ], [ -103.523904, 43.000799 ], [ -103.539333, 43.000896 ], [ -103.543351, 43.000929 ], [ -103.550189, 43.000984 ], [ -103.570586, 43.000846 ], [ -103.574064, 43.000823 ], [ -103.576329, 43.000807 ], [ -103.576379, 43.000783 ], [ -103.576536, 43.000279 ], [ -103.576569, 43.000178 ], [ -103.576883, 43.000192 ], [ -103.577162, 43.000597 ], [ -103.579943, 43.000731 ], [ -103.583944, 43.000711 ], [ -103.595827, 43.000692 ], [ -103.603389, 43.000617 ], [ -103.610373, 43.000646 ], [ -103.614198, 43.000662 ], [ -103.618296, 43.000679 ], [ -103.625437, 43.000976 ], [ -103.630821, 43.000974 ], [ -103.638341, 43.001062 ], [ -103.652523, 43.001399 ], [ -103.65268, 43.001403 ], [ -103.652749, 43.001405 ], [ -103.65285, 43.001407 ], [ -103.652919, 43.001409 ], [ -103.652947, 43.00141 ], [ -103.653306, 43.001415 ], [ -103.653706, 43.001421 ], [ -103.653776, 43.001422 ], [ -103.654128, 43.001411 ], [ -103.654243, 43.001407 ], [ -103.656225, 43.001417 ], [ -103.660954, 43.00132 ], [ -103.66252, 43.001297 ], [ -103.668427, 43.001234 ], [ -103.67364, 43.001179 ], [ -103.675964, 43.001153 ], [ -103.682808, 43.001079 ], [ -103.687551, 43.001028 ], [ -103.689817, 43.001003 ], [ -103.69137, 43.001002 ], [ -103.692486, 43.001001 ], [ -103.700665, 43.000996 ], [ -103.703479, 43.000995 ], [ -103.715025, 43.000983 ], [ -103.715084, 43.000983 ], [ -103.715118, 43.000983 ], [ -103.715206, 43.000983 ], [ -103.73376, 43.001069 ], [ -103.73383, 43.001069 ], [ -103.743983, 43.001156 ], [ -103.749655, 43.001198 ], [ -103.749751, 43.001222 ], [ -103.75043, 43.001389 ], [ -103.757921, 43.00139 ], [ -103.763053, 43.001331 ], [ -103.765616, 43.001301 ], [ -103.765672, 43.0013 ], [ -103.774888, 43.001192 ], [ -103.778769, 43.001218 ], [ -103.796615, 43.001328 ], [ -103.798007, 43.00133 ], [ -103.801174, 43.001336 ], [ -103.811434, 43.001355 ], [ -103.811591, 43.001354 ], [ -103.813602, 43.001375 ], [ -103.813647, 43.001376 ], [ -103.814261, 43.001343 ], [ -103.814428, 43.001334 ], [ -103.815824, 43.001283 ], [ -103.816179, 43.001279 ], [ -103.817562, 43.001265 ], [ -103.817664, 43.001264 ], [ -103.824004, 43.00123 ], [ -103.835734, 43.00119 ], [ -103.83931, 43.001173 ], [ -103.840268, 43.001175 ], [ -103.841739, 43.001181 ], [ -103.844854, 43.001109 ], [ -103.847411, 43.001118 ], [ -103.851711, 43.001049 ], [ -103.854055, 43.001001 ], [ -103.85409, 43.001 ], [ -103.854283, 43.000997 ], [ -103.854547, 43.00102 ], [ -103.858081, 43.001002 ], [ -103.85838, 43.001001 ], [ -103.860387, 43.000987 ], [ -103.860872, 43.000984 ], [ -103.866904, 43.000942 ], [ -103.869045, 43.000928 ], [ -103.875445, 43.001116 ], [ -103.882313, 43.001042 ], [ -103.883597, 43.001027 ], [ -103.88387, 43.001024 ], [ -103.883912, 43.001024 ], [ -103.884031, 43.001023 ], [ -103.887046, 43.001088 ], [ -103.911315, 43.000979 ], [ -103.918713, 43.000946 ], [ -103.924865, 43.000918 ], [ -103.936973, 43.001173 ], [ -103.938951, 43.00112 ], [ -103.939504, 43.001128 ], [ -103.94006, 43.001135 ], [ -103.946033, 43.00121 ], [ -103.946242, 43.001212 ], [ -103.948749, 43.001253 ], [ -103.950136, 43.001259 ], [ -103.951175, 43.001294 ], [ -103.957674, 43.001485 ], [ -103.95974, 43.001531 ], [ -103.960258, 43.001543 ], [ -103.960696, 43.001553 ], [ -103.962044, 43.001589 ], [ -103.962112, 43.001591 ], [ -103.962565, 43.001619 ], [ -103.963559, 43.001662 ], [ -103.9662, 43.001707 ], [ -103.966608, 43.001707 ], [ -103.966678, 43.001707 ], [ -103.966816, 43.001707 ], [ -103.977543, 43.0017 ], [ -103.990999, 43.00169 ], [ -103.991565, 43.001702 ], [ -104.000404, 43.001612 ], [ -104.000921, 43.001594 ], [ -104.001106, 43.001587 ], [ -104.005027, 43.001516 ], [ -104.010884, 43.001413 ], [ -104.012994, 43.001377 ], [ -104.017563, 43.001297 ], [ -104.019089, 43.001274 ], [ -104.020647, 43.001262 ], [ -104.026764, 43.001096 ], [ -104.028816, 43.001041 ], [ -104.0303, 43.001002 ], [ -104.030583, 43.000988 ], [ -104.031454, 43.000972 ], [ -104.03288, 43.000934 ], [ -104.034508, 43.000891 ], [ -104.03653, 43.00089 ], [ -104.049653, 43.000587 ], [ -104.053028, 43.000585 ], [ -104.053047, 43.000769 ], [ -104.053107, 43.001321 ], [ -104.053127, 43.001505 ], [ -104.053127, 43.002099 ], [ -104.053127, 43.003884 ], [ -104.053127, 43.004479 ], [ -104.053127, 43.00638 ], [ -104.053128, 43.012083 ], [ -104.053129, 43.013984 ], [ -104.053129, 43.014941 ], [ -104.053131, 43.015361 ], [ -104.053159, 43.019492 ], [ -104.053169, 43.02087 ], [ -104.053171, 43.021214 ], [ -104.053179, 43.022247 ], [ -104.053182, 43.022592 ], [ -104.053183, 43.02275 ], [ -104.053186, 43.023227 ], [ -104.053188, 43.023386 ], [ -104.0532, 43.025201 ], [ -104.053231, 43.029443 ], [ -104.053242, 43.030647 ], [ -104.053261, 43.032463 ], [ -104.053253, 43.035696 ], [ -104.053235, 43.043972 ], [ -104.053241, 43.045396 ], [ -104.053257, 43.04863 ], [ -104.053289, 43.055573 ], [ -104.053303, 43.058418 ], [ -104.053252, 43.072928 ], [ -104.053249, 43.076404 ], [ -104.053246, 43.083348 ], [ -104.053246, 43.087101 ], [ -104.053246, 43.087358 ], [ -104.053251, 43.090744 ], [ -104.053253, 43.092521 ], [ -104.053269, 43.101723 ], [ -104.053295, 43.108143 ], [ -104.053305, 43.110682 ], [ -104.053318, 43.113922 ], [ -104.053327, 43.116218 ], [ -104.053353, 43.117774 ], [ -104.05339, 43.12004 ], [ -104.053444, 43.123228 ], [ -104.053471, 43.124857 ], [ -104.053476, 43.125982 ], [ -104.053486, 43.128391 ], [ -104.053489, 43.129213 ], [ -104.053494, 43.130468 ], [ -104.053499, 43.131614 ], [ -104.053509, 43.134235 ], [ -104.053513, 43.135098 ], [ -104.053514, 43.135491 ], [ -104.053528, 43.139223 ], [ -104.053528, 43.139348 ], [ -104.053549, 43.144655 ], [ -104.053573, 43.150919 ], [ -104.053584, 43.153697 ], [ -104.053585, 43.15397 ], [ -104.053587, 43.154458 ], [ -104.053588, 43.154777 ], [ -104.053596, 43.156792 ], [ -104.05362, 43.162838 ], [ -104.053629, 43.164854 ], [ -104.053633, 43.166488 ], [ -104.053648, 43.171391 ], [ -104.053653, 43.173026 ], [ -104.053656, 43.173399 ], [ -104.053666, 43.17452 ], [ -104.05367, 43.174894 ], [ -104.053672, 43.17541 ], [ -104.053674, 43.175717 ], [ -104.053676, 43.176442 ], [ -104.053678, 43.176961 ], [ -104.053681, 43.177479 ], [ -104.053682, 43.177977 ], [ -104.053688, 43.179471 ], [ -104.05369, 43.17997 ], [ -104.053699, 43.182181 ], [ -104.053719, 43.186804 ], [ -104.053726, 43.188815 ], [ -104.053735, 43.190869 ], [ -104.053736, 43.191027 ], [ -104.053742, 43.192591 ], [ -104.053761, 43.197286 ], [ -104.053767, 43.198684 ], [ -104.05377, 43.198851 ], [ -104.05378, 43.199431 ], [ -104.053812, 43.201174 ], [ -104.053823, 43.201755 ], [ -104.053824, 43.202115 ], [ -104.053829, 43.203197 ], [ -104.053831, 43.203558 ], [ -104.053833, 43.204314 ], [ -104.053837, 43.205505 ], [ -104.05384, 43.206584 ], [ -104.053843, 43.207341 ], [ -104.053848, 43.208977 ], [ -104.053863, 43.213887 ], [ -104.053869, 43.215425 ], [ -104.053869, 43.215524 ], [ -104.05387, 43.215871 ], [ -104.053872, 43.216396 ], [ -104.053873, 43.216914 ], [ -104.053875, 43.217262 ], [ -104.053877, 43.217805 ], [ -104.053879, 43.218605 ], [ -104.053892, 43.222637 ], [ -104.053897, 43.223981 ], [ -104.0539, 43.225166 ], [ -104.053912, 43.228721 ], [ -104.053916, 43.229747 ], [ -104.053917, 43.229906 ], [ -104.053922, 43.231686 ], [ -104.05394, 43.237026 ], [ -104.053946, 43.238806 ], [ -104.053946, 43.238915 ], [ -104.053949, 43.240071 ], [ -104.053962, 43.243866 ], [ -104.053967, 43.245132 ], [ -104.053962, 43.245795 ], [ -104.053949, 43.247783 ], [ -104.053945, 43.248447 ], [ -104.053944, 43.248533 ], [ -104.05391, 43.249814 ], [ -104.053908, 43.251498 ], [ -104.0539, 43.260655 ], [ -104.053898, 43.263586 ], [ -104.053898, 43.263708 ], [ -104.053896, 43.265503 ], [ -104.053891, 43.270891 ], [ -104.05389, 43.272687 ], [ -104.053887, 43.275707 ], [ -104.05388, 43.283495 ], [ -104.053879, 43.284767 ], [ -104.053877, 43.287788 ], [ -104.053876, 43.288156 ], [ -104.053876, 43.289261 ], [ -104.053876, 43.28963 ], [ -104.053876, 43.289801 ], [ -104.053939, 43.29035 ], [ -104.053954, 43.291076 ], [ -104.05397, 43.291837 ], [ -104.053925, 43.295426 ], [ -104.053908, 43.296876 ], [ -104.053936, 43.297928 ], [ -104.053942, 43.298142 ], [ -104.054204, 43.30348 ], [ -104.05419, 43.30424 ], [ -104.05423, 43.30556 ], [ -104.054231, 43.305641 ], [ -104.05428, 43.3098 ], [ -104.05429, 43.3122 ], [ -104.05427, 43.3146 ], [ -104.05428, 43.315391 ], [ -104.05431, 43.317765 ], [ -104.05432, 43.318557 ], [ -104.05432, 43.31857 ], [ -104.05432, 43.318689 ], [ -104.054323, 43.319086 ], [ -104.054324, 43.319219 ], [ -104.054331, 43.320571 ], [ -104.05434, 43.322 ], [ -104.05436, 43.32437 ], [ -104.054363, 43.324627 ], [ -104.05438, 43.32598 ], [ -104.054393, 43.3273 ], [ -104.054417, 43.329732 ], [ -104.054422, 43.331262 ], [ -104.054427, 43.332473 ], [ -104.054427, 43.332583 ], [ -104.054429, 43.333337 ], [ -104.054437, 43.335601 ], [ -104.05444, 43.33624 ], [ -104.054441, 43.336356 ], [ -104.054445, 43.337182 ], [ -104.054458, 43.33966 ], [ -104.054463, 43.340487 ], [ -104.054469, 43.342383 ], [ -104.054487, 43.348071 ], [ -104.054494, 43.349967 ], [ -104.0545, 43.352122 ], [ -104.05451, 43.354961 ], [ -104.054522, 43.358588 ], [ -104.054528, 43.360336 ], [ -104.054529, 43.360744 ], [ -104.054533, 43.362338 ], [ -104.054543, 43.365734 ], [ -104.054547, 43.367121 ], [ -104.054552, 43.368716 ], [ -104.054563, 43.369908 ], [ -104.054598, 43.373487 ], [ -104.05461, 43.37468 ], [ -104.054721, 43.375102 ], [ -104.054702, 43.377959 ], [ -104.054637, 43.387841 ], [ -104.054616, 43.391136 ], [ -104.054622, 43.391906 ], [ -104.05464, 43.394219 ], [ -104.054645, 43.394791 ], [ -104.054645, 43.394991 ], [ -104.054644, 43.397144 ], [ -104.054643, 43.403606 ], [ -104.054643, 43.404809 ], [ -104.054549, 43.405518 ], [ -104.054554, 43.405754 ], [ -104.054579, 43.406979 ], [ -104.054654, 43.410655 ], [ -104.054674, 43.411624 ], [ -104.054674, 43.411881 ], [ -104.054698, 43.412855 ], [ -104.054773, 43.415777 ], [ -104.05479, 43.41642 ], [ -104.05479, 43.41654 ], [ -104.05476, 43.41675 ], [ -104.05477, 43.417144 ], [ -104.05478, 43.41748 ], [ -104.05478, 43.418326 ], [ -104.05478, 43.41846 ], [ -104.0548, 43.41872 ], [ -104.054796, 43.41894 ], [ -104.054789, 43.419352 ], [ -104.054777, 43.419602 ], [ -104.054768, 43.419823 ], [ -104.054767, 43.421687 ], [ -104.054766, 43.427282 ], [ -104.054766, 43.428914 ], [ -104.054766, 43.429147 ], [ -104.054766, 43.429542 ], [ -104.054767, 43.430727 ], [ -104.054768, 43.431123 ], [ -104.054768, 43.431159 ], [ -104.054768, 43.431427 ], [ -104.054769, 43.432339 ], [ -104.05477, 43.432643 ], [ -104.054774, 43.436451 ], [ -104.054788, 43.447875 ], [ -104.054793, 43.451683 ], [ -104.054795, 43.453855 ], [ -104.054803, 43.460374 ], [ -104.054806, 43.462547 ], [ -104.054809, 43.465026 ], [ -104.054818, 43.472463 ], [ -104.054822, 43.474942 ], [ -104.054821, 43.475361 ], [ -104.054821, 43.47662 ], [ -104.054821, 43.47704 ], [ -104.054817, 43.477194 ], [ -104.054806, 43.47766 ], [ -104.054803, 43.477815 ], [ -104.053054, 43.477823 ], [ -104.047806, 43.47785 ], [ -104.046058, 43.477859 ], [ -104.045834, 43.47786 ], [ -104.042339, 43.477879 ], [ -104.031183, 43.477941 ], [ -104.027465, 43.477962 ], [ -104.027287, 43.477963 ], [ -104.026711, 43.477973 ], [ -104.024452, 43.478016 ], [ -104.0237, 43.478031 ], [ -104.021818, 43.478037 ], [ -104.016175, 43.478057 ], [ -104.014294, 43.478064 ], [ -104.014164, 43.478064 ], [ -104.013458, 43.478066 ], [ -104.010953, 43.478074 ], [ -104.010118, 43.478078 ], [ -104.010023, 43.478078 ], [ -104.01, 43.478078 ], [ -104.009738, 43.478078 ], [ -104.009644, 43.478079 ], [ -104.009527, 43.478079 ], [ -104.007118, 43.478088 ], [ -104.000484, 43.478113 ], [ -103.999545, 43.478185 ], [ -103.997027, 43.478379 ], [ -103.996932, 43.478386 ], [ -103.996774, 43.478387 ], [ -103.996015, 43.478392 ], [ -103.995763, 43.478394 ], [ -103.99567, 43.478395 ], [ -103.99463, 43.478402 ], [ -103.991233, 43.478426 ], [ -103.990101, 43.478434 ], [ -103.989302, 43.478439 ], [ -103.986905, 43.478456 ], [ -103.986107, 43.478462 ], [ -103.98603, 43.478463 ], [ -103.985068, 43.478483 ], [ -103.981954, 43.478549 ], [ -103.980916, 43.478572 ], [ -103.980848, 43.478573 ], [ -103.98063, 43.478575 ], [ -103.980128, 43.478581 ], [ -103.979772, 43.478584 ], [ -103.979486, 43.478588 ], [ -103.978685, 43.478547 ], [ -103.976285, 43.478426 ], [ -103.975485, 43.478386 ], [ -103.975425, 43.478388 ], [ -103.97325, 43.478418 ], [ -103.966546, 43.47851 ], [ -103.964992, 43.478532 ], [ -103.964408, 43.478541 ], [ -103.964312, 43.478542 ], [ -103.963786, 43.478538 ], [ -103.962211, 43.478527 ], [ -103.961686, 43.478524 ], [ -103.96062, 43.478535 ], [ -103.957423, 43.478569 ], [ -103.956421, 43.47858 ], [ -103.956358, 43.47858 ], [ -103.955286, 43.478591 ], [ -103.952074, 43.478626 ], [ -103.951003, 43.478638 ], [ -103.949435, 43.478654 ], [ -103.944732, 43.478704 ], [ -103.943165, 43.478721 ], [ -103.942674, 43.478726 ], [ -103.941205, 43.478741 ], [ -103.940715, 43.478747 ], [ -103.940576, 43.478748 ], [ -103.940162, 43.478753 ], [ -103.940024, 43.478755 ], [ -103.939326, 43.478762 ], [ -103.937235, 43.478786 ], [ -103.936538, 43.478794 ], [ -103.936507, 43.478795 ], [ -103.936417, 43.478798 ], [ -103.936387, 43.4788 ], [ -103.93635, 43.478801 ], [ -103.936241, 43.478805 ], [ -103.936205, 43.478807 ], [ -103.936169, 43.478808 ], [ -103.936063, 43.478813 ], [ -103.936028, 43.478815 ], [ -103.935987, 43.478816 ], [ -103.935866, 43.478821 ], [ -103.935826, 43.478823 ], [ -103.935373, 43.478824 ], [ -103.934014, 43.478828 ], [ -103.933562, 43.47883 ], [ -103.931747, 43.478811 ], [ -103.926304, 43.478754 ], [ -103.924518, 43.478736 ], [ -103.92449, 43.478736 ], [ -103.923336, 43.478724 ], [ -103.919876, 43.478688 ], [ -103.918723, 43.478677 ], [ -103.915293, 43.478641 ], [ -103.905726, 43.478543 ], [ -103.905006, 43.478536 ], [ -103.901577, 43.478507 ], [ -103.89857, 43.478471 ], [ -103.897471, 43.478458 ], [ -103.889552, 43.478362 ], [ -103.886638, 43.478327 ], [ -103.886547, 43.478326 ], [ -103.885667, 43.478315 ], [ -103.88303, 43.478285 ], [ -103.882251, 43.478277 ], [ -103.882151, 43.478276 ], [ -103.877993, 43.478229 ], [ -103.875478, 43.478202 ], [ -103.86552, 43.478134 ], [ -103.861363, 43.478107 ], [ -103.858982, 43.478091 ], [ -103.858138, 43.478086 ], [ -103.851841, 43.478046 ], [ -103.849787, 43.478016 ], [ -103.849461, 43.478031 ], [ -103.849217, 43.478029 ], [ -103.848488, 43.478025 ], [ -103.848403, 43.478025 ], [ -103.848245, 43.478024 ], [ -103.847499, 43.478019 ], [ -103.84526, 43.478005 ], [ -103.844665, 43.478002 ], [ -103.844515, 43.478001 ], [ -103.843787, 43.477996 ], [ -103.841605, 43.477982 ], [ -103.84102, 43.477979 ], [ -103.840878, 43.477978 ], [ -103.840661, 43.477976 ], [ -103.840009, 43.477973 ], [ -103.839793, 43.477972 ], [ -103.838154, 43.477961 ], [ -103.83324, 43.477931 ], [ -103.831724, 43.477922 ], [ -103.831602, 43.477922 ], [ -103.830985, 43.477922 ], [ -103.829138, 43.477923 ], [ -103.828522, 43.477924 ], [ -103.828451, 43.477923 ], [ -103.828284, 43.477923 ], [ -103.828241, 43.477922 ], [ -103.828171, 43.477922 ], [ -103.825716, 43.47791 ], [ -103.818354, 43.477874 ], [ -103.8159, 43.477863 ], [ -103.815884, 43.477863 ], [ -103.815836, 43.477863 ], [ -103.81582, 43.477863 ], [ -103.81542, 43.477861 ], [ -103.814222, 43.477855 ], [ -103.814167, 43.477855 ], [ -103.813823, 43.477841 ], [ -103.813656, 43.477833 ], [ -103.813157, 43.477811 ], [ -103.81307, 43.477808 ], [ -103.812991, 43.477808 ], [ -103.809036, 43.477783 ], [ -103.797173, 43.477711 ], [ -103.793439, 43.477689 ], [ -103.793219, 43.477688 ], [ -103.792883, 43.477685 ], [ -103.791878, 43.477679 ], [ -103.79157, 43.477678 ], [ -103.791543, 43.477678 ], [ -103.791413, 43.477676 ], [ -103.791024, 43.477672 ], [ -103.790924, 43.477671 ], [ -103.790895, 43.477671 ], [ -103.790858, 43.47767 ], [ -103.790741, 43.477669 ], [ -103.790712, 43.477669 ], [ -103.790687, 43.477669 ], [ -103.790612, 43.477669 ], [ -103.790587, 43.477669 ], [ -103.789482, 43.477662 ], [ -103.786169, 43.477643 ], [ -103.785065, 43.477637 ], [ -103.785007, 43.477628 ], [ -103.784836, 43.477601 ], [ -103.784779, 43.477593 ], [ -103.784738, 43.477594 ], [ -103.784616, 43.477598 ], [ -103.784576, 43.4776 ], [ -103.78455, 43.4776 ], [ -103.784472, 43.477603 ], [ -103.784447, 43.477604 ], [ -103.783638, 43.477632 ], [ -103.781215, 43.477716 ], [ -103.780407, 43.477745 ], [ -103.780345, 43.477727 ], [ -103.780159, 43.477675 ], [ -103.780098, 43.477658 ], [ -103.780012, 43.477665 ], [ -103.779865, 43.477679 ], [ -103.779758, 43.477709 ], [ -103.779676, 43.477734 ], [ -103.779213, 43.477729 ], [ -103.777825, 43.477716 ], [ -103.777363, 43.477712 ], [ -103.77631, 43.477715 ], [ -103.773151, 43.477728 ], [ -103.772099, 43.477733 ], [ -103.768768, 43.477768 ], [ -103.758777, 43.477876 ], [ -103.757339, 43.477891 ], [ -103.755447, 43.477912 ], [ -103.754519, 43.477921 ], [ -103.751737, 43.47795 ], [ -103.75081, 43.47796 ], [ -103.750747, 43.477961 ], [ -103.750472, 43.477964 ], [ -103.749754, 43.477954 ], [ -103.746587, 43.477914 ], [ -103.745532, 43.477901 ], [ -103.744111, 43.477902 ], [ -103.739851, 43.477908 ], [ -103.73981, 43.477909 ], [ -103.739397, 43.47791 ], [ -103.738432, 43.477911 ], [ -103.738413, 43.477911 ], [ -103.738358, 43.477911 ], [ -103.73834, 43.477911 ], [ -103.737679, 43.477912 ], [ -103.732469, 43.477919 ], [ -103.727418, 43.477927 ], [ -103.722363, 43.477935 ], [ -103.714858, 43.477946 ], [ -103.708988, 43.477955 ], [ -103.708845, 43.477955 ], [ -103.699045, 43.47797 ], [ -103.698952, 43.47797 ], [ -103.698866, 43.47797 ], [ -103.698773, 43.477959 ], [ -103.693798, 43.477948 ], [ -103.693575, 43.477947 ], [ -103.693206, 43.477946 ], [ -103.6928, 43.477946 ], [ -103.692632, 43.477946 ], [ -103.692433, 43.477945 ], [ -103.69156, 43.477942 ], [ -103.688347, 43.477935 ], [ -103.687276, 43.477933 ], [ -103.687089, 43.477933 ], [ -103.686576, 43.477935 ], [ -103.684476, 43.477944 ], [ -103.683777, 43.477948 ], [ -103.683574, 43.477949 ], [ -103.681413, 43.477939 ], [ -103.674321, 43.477909 ], [ -103.671958, 43.477899 ], [ -103.67193, 43.477898 ], [ -103.671847, 43.477898 ], [ -103.67182, 43.477898 ], [ -103.671713, 43.477898 ], [ -103.671393, 43.477899 ], [ -103.671287, 43.4779 ], [ -103.670851, 43.477898 ], [ -103.669546, 43.477892 ], [ -103.669111, 43.477891 ], [ -103.66889, 43.47789 ], [ -103.666463, 43.47788 ], [ -103.664129, 43.477871 ], [ -103.65852, 43.477849 ], [ -103.655873, 43.477839 ], [ -103.655288, 43.477837 ], [ -103.653533, 43.477831 ], [ -103.652948, 43.477829 ], [ -103.652707, 43.477828 ], [ -103.651565, 43.477832 ], [ -103.64742, 43.477848 ], [ -103.646038, 43.477854 ], [ -103.645789, 43.477855 ], [ -103.644745, 43.477853 ], [ -103.640866, 43.477846 ], [ -103.640027, 43.477845 ], [ -103.639574, 43.477841 ], [ -103.639239, 43.477834 ], [ -103.638235, 43.477815 ], [ -103.637901, 43.477809 ], [ -103.637642, 43.477804 ], [ -103.636186, 43.4778 ], [ -103.631044, 43.477786 ], [ -103.62933, 43.477782 ], [ -103.629166, 43.477781 ], [ -103.62906, 43.477781 ], [ -103.628674, 43.47778 ], [ -103.628511, 43.47778 ], [ -103.628234, 43.477779 ], [ -103.626884, 43.477775 ], [ -103.625472, 43.477772 ], [ -103.622004, 43.477734 ], [ -103.620898, 43.477723 ], [ -103.620466, 43.477719 ], [ -103.620378, 43.477719 ], [ -103.620361, 43.477719 ], [ -103.620312, 43.477719 ], [ -103.620296, 43.477719 ], [ -103.618694, 43.477716 ], [ -103.613888, 43.477709 ], [ -103.612671, 43.477708 ], [ -103.612286, 43.477708 ], [ -103.610796, 43.477706 ], [ -103.607475, 43.477702 ], [ -103.606329, 43.4777 ], [ -103.604841, 43.477698 ], [ -103.60454, 43.477698 ], [ -103.603552, 43.477696 ], [ -103.599689, 43.477691 ], [ -103.598605, 43.47769 ], [ -103.598401, 43.47769 ], [ -103.598297, 43.47769 ], [ -103.596682, 43.477687 ], [ -103.592881, 43.477682 ], [ -103.591528, 43.47768 ], [ -103.58981, 43.477678 ], [ -103.589491, 43.477678 ], [ -103.588835, 43.477677 ], [ -103.58591, 43.477673 ], [ -103.585006, 43.477672 ], [ -103.584936, 43.477672 ], [ -103.583904, 43.47767 ], [ -103.58081, 43.477666 ], [ -103.579779, 43.477665 ], [ -103.579683, 43.477665 ], [ -103.579447, 43.477665 ], [ -103.579395, 43.477665 ], [ -103.5793, 43.477665 ], [ -103.578968, 43.477664 ], [ -103.575593, 43.47766 ], [ -103.575218, 43.477661 ], [ -103.56566, 43.477695 ], [ -103.562973, 43.477661 ], [ -103.558892, 43.477611 ], [ -103.558534, 43.477607 ], [ -103.555908, 43.477565 ], [ -103.546957, 43.477423 ], [ -103.543974, 43.477376 ], [ -103.543879, 43.477375 ], [ -103.54285, 43.477382 ], [ -103.540367, 43.477385 ], [ -103.538836, 43.477387 ], [ -103.529547, 43.477399 ], [ -103.525941, 43.477405 ], [ -103.525531, 43.477405 ], [ -103.5246, 43.477406 ], [ -103.521429, 43.47741 ], [ -103.52058, 43.477412 ], [ -103.51924, 43.477414 ], [ -103.518892, 43.477417 ], [ -103.51785, 43.47743 ], [ -103.517503, 43.477434 ], [ -103.517094, 43.477439 ], [ -103.514608, 43.477451 ], [ -103.505926, 43.477495 ], [ -103.503567, 43.477508 ], [ -103.503032, 43.47751 ], [ -103.501534, 43.477515 ], [ -103.500472, 43.477519 ], [ -103.497042, 43.477594 ], [ -103.495545, 43.477627 ], [ -103.495109, 43.477637 ], [ -103.494756, 43.477641 ], [ -103.492392, 43.477674 ], [ -103.491604, 43.477686 ], [ -103.491563, 43.477686 ], [ -103.491443, 43.477686 ], [ -103.491403, 43.477686 ], [ -103.490961, 43.477686 ], [ -103.488912, 43.477679 ], [ -103.481441, 43.477654 ], [ -103.479279, 43.477647 ], [ -103.478951, 43.477645 ], [ -103.478823, 43.477645 ], [ -103.476832, 43.477648 ], [ -103.470475, 43.477657 ], [ -103.468357, 43.477661 ], [ -103.467887, 43.477662 ], [ -103.467768, 43.477659 ], [ -103.466004, 43.477626 ], [ -103.465417, 43.477616 ], [ -103.464999, 43.477608 ], [ -103.464364, 43.477607 ], [ -103.46321, 43.477607 ], [ -103.461295, 43.477606 ], [ -103.461205, 43.477606 ], [ -103.460153, 43.477606 ], [ -103.459715, 43.477606 ], [ -103.458455, 43.477605 ], [ -103.453355, 43.477603 ], [ -103.453216, 43.477603 ], [ -103.451666, 43.477599 ], [ -103.447641, 43.477587 ], [ -103.44162, 43.477569 ], [ -103.435566, 43.477551 ], [ -103.431542, 43.477539 ], [ -103.431343, 43.477538 ], [ -103.431315, 43.477539 ], [ -103.430638, 43.477573 ], [ -103.430413, 43.477585 ], [ -103.430223, 43.477595 ], [ -103.429459, 43.477596 ], [ -103.426598, 43.477601 ], [ -103.425645, 43.477603 ], [ -103.424544, 43.477614 ], [ -103.421241, 43.477649 ], [ -103.420141, 43.477661 ], [ -103.420122, 43.477661 ], [ -103.420069, 43.477661 ], [ -103.420051, 43.477662 ], [ -103.420034, 43.477662 ], [ -103.41998, 43.477662 ], [ -103.419963, 43.477662 ], [ -103.419857, 43.477662 ], [ -103.419564, 43.477662 ], [ -103.419465, 43.477663 ], [ -103.419363, 43.477663 ], [ -103.419205, 43.477663 ], [ -103.418426, 43.477666 ], [ -103.418167, 43.477667 ], [ -103.418076, 43.477667 ], [ -103.414708, 43.477675 ], [ -103.404332, 43.477702 ], [ -103.400874, 43.477711 ], [ -103.400143, 43.477713 ], [ -103.399532, 43.477715 ], [ -103.397952, 43.477705 ], [ -103.3973, 43.477702 ], [ -103.397222, 43.477702 ], [ -103.395955, 43.477694 ], [ -103.395239, 43.477689 ], [ -103.392154, 43.47767 ], [ -103.390887, 43.477663 ], [ -103.388822, 43.47765 ], [ -103.38263, 43.477613 ], [ -103.381913, 43.477609 ], [ -103.380779, 43.477603 ], [ -103.380566, 43.477602 ], [ -103.378421, 43.477589 ], [ -103.375474, 43.477573 ], [ -103.371986, 43.477625 ], [ -103.37015, 43.477653 ], [ -103.369842, 43.477656 ], [ -103.367197, 43.477679 ], [ -103.359265, 43.477747 ], [ -103.356621, 43.477771 ], [ -103.356338, 43.477774 ], [ -103.356311, 43.477773 ], [ -103.355925, 43.477773 ], [ -103.355491, 43.477771 ], [ -103.355381, 43.47777 ], [ -103.355072, 43.477769 ], [ -103.355004, 43.477769 ], [ -103.354973, 43.477768 ], [ -103.354679, 43.477768 ], [ -103.354581, 43.477768 ], [ -103.35283, 43.477765 ], [ -103.352755, 43.477806 ], [ -103.352644, 43.477806 ], [ -103.352408, 43.477807 ], [ -103.352313, 43.477807 ], [ -103.352201, 43.477807 ], [ -103.351838, 43.477808 ], [ -103.351389, 43.477809 ], [ -103.342739, 43.477832 ], [ -103.342216, 43.477819 ], [ -103.342031, 43.477814 ], [ -103.341878, 43.47781 ], [ -103.341795, 43.477808 ], [ -103.341357, 43.477797 ], [ -103.341205, 43.477793 ], [ -103.340632, 43.477779 ], [ -103.340007, 43.477764 ], [ -103.339514, 43.477764 ], [ -103.325061, 43.477766 ], [ -103.312691, 43.477676 ], [ -103.312502, 43.477675 ], [ -103.311409, 43.477669 ], [ -103.311253, 43.477668 ], [ -103.310817, 43.477665 ], [ -103.30951, 43.477659 ], [ -103.309075, 43.477657 ], [ -103.307793, 43.47765 ], [ -103.303949, 43.47763 ], [ -103.302668, 43.477624 ], [ -103.302593, 43.477624 ], [ -103.300456, 43.477613 ], [ -103.293823, 43.477579 ], [ -103.291613, 43.477568 ], [ -103.291474, 43.477567 ], [ -103.291061, 43.477564 ], [ -103.290923, 43.477564 ], [ -103.290886, 43.477563 ], [ -103.290775, 43.477563 ], [ -103.290739, 43.477563 ], [ -103.290653, 43.477563 ], [ -103.284065, 43.47753 ], [ -103.27425, 43.477483 ], [ -103.273695, 43.47748 ], [ -103.26979, 43.47746 ], [ -103.264046, 43.47743 ], [ -103.257373, 43.477397 ], [ -103.257152, 43.477396 ], [ -103.254829, 43.477384 ], [ -103.250475, 43.477364 ], [ -103.247202, 43.477222 ], [ -103.244936, 43.477124 ], [ -103.244799, 43.477118 ], [ -103.244662, 43.477112 ], [ -103.244491, 43.477104 ], [ -103.244319, 43.477097 ], [ -103.243927, 43.47708 ], [ -103.240356, 43.477087 ], [ -103.227437, 43.477114 ], [ -103.223131, 43.477123 ], [ -103.222982, 43.477123 ], [ -103.222928, 43.477124 ], [ -103.222321, 43.477145 ], [ -103.222119, 43.477152 ], [ -103.221371, 43.477178 ], [ -103.221278, 43.477178 ], [ -103.218755, 43.477188 ], [ -103.217915, 43.477192 ], [ -103.217833, 43.477192 ], [ -103.217089, 43.477187 ], [ -103.214613, 43.477174 ], [ -103.213788, 43.47717 ], [ -103.21372, 43.47717 ], [ -103.21238, 43.477175 ], [ -103.209411, 43.477187 ], [ -103.209346, 43.477187 ], [ -103.208156, 43.47719 ], [ -103.207379, 43.477193 ], [ -103.206748, 43.477195 ], [ -103.204922, 43.4772 ], [ -103.199088, 43.477218 ], [ -103.19903, 43.477218 ], [ -103.189261, 43.47715 ], [ -103.189117, 43.477149 ], [ -103.189105, 43.477135 ], [ -103.189107, 43.47712 ], [ -103.189088, 43.477123 ], [ -103.189001, 43.477123 ], [ -103.188963, 43.477123 ], [ -103.188916, 43.477123 ], [ -103.188858, 43.477123 ], [ -103.188787, 43.477122 ], [ -103.188705, 43.477122 ], [ -103.188613, 43.477122 ], [ -103.18851, 43.477122 ], [ -103.188397, 43.477122 ], [ -103.188275, 43.477121 ], [ -103.188143, 43.477121 ], [ -103.188004, 43.477121 ], [ -103.187857, 43.47712 ], [ -103.187703, 43.47712 ], [ -103.187538, 43.47712 ], [ -103.187363, 43.477119 ], [ -103.187176, 43.477119 ], [ -103.18698, 43.477118 ], [ -103.186778, 43.477118 ], [ -103.186569, 43.477117 ], [ -103.186355, 43.477117 ], [ -103.186138, 43.477116 ], [ -103.185917, 43.477116 ], [ -103.185693, 43.477115 ], [ -103.185465, 43.477115 ], [ -103.185236, 43.477114 ], [ -103.185004, 43.477113 ], [ -103.18477, 43.477113 ], [ -103.184534, 43.477112 ], [ -103.184296, 43.477112 ], [ -103.184054, 43.477111 ], [ -103.183812, 43.477111 ], [ -103.183568, 43.47711 ], [ -103.183402, 43.47711 ], [ -103.183323, 43.477109 ], [ -103.183077, 43.477109 ], [ -103.182831, 43.477108 ], [ -103.18259, 43.477108 ], [ -103.182351, 43.477107 ], [ -103.182115, 43.477106 ], [ -103.18188, 43.477106 ], [ -103.181648, 43.477105 ], [ -103.181415, 43.477105 ], [ -103.181184, 43.477104 ], [ -103.180955, 43.477104 ], [ -103.180726, 43.477103 ], [ -103.180499, 43.477102 ], [ -103.180276, 43.477102 ], [ -103.180064, 43.477101 ], [ -103.179865, 43.477101 ], [ -103.179688, 43.4771 ], [ -103.179539, 43.4771 ], [ -103.179423, 43.4771 ], [ -103.17934, 43.4771 ], [ -103.179289, 43.477099 ], [ -103.179245, 43.477099 ], [ -103.179195, 43.477099 ], [ -103.179125, 43.477099 ], [ -103.179037, 43.477099 ], [ -103.178934, 43.477099 ], [ -103.178817, 43.477098 ], [ -103.178691, 43.477098 ], [ -103.178558, 43.477098 ], [ -103.17842, 43.477097 ], [ -103.178279, 43.477097 ], [ -103.178135, 43.477097 ], [ -103.177988, 43.477096 ], [ -103.17784, 43.477096 ], [ -103.177687, 43.477096 ], [ -103.177528, 43.477095 ], [ -103.176999, 43.477094 ], [ -103.174156, 43.477081 ], [ -103.174031, 43.47708 ], [ -103.173943, 43.47708 ], [ -103.173814, 43.47708 ], [ -103.173727, 43.47708 ], [ -103.171217, 43.477079 ], [ -103.170702, 43.477078 ], [ -103.170677, 43.477078 ], [ -103.170519, 43.477078 ], [ -103.170339, 43.477077 ], [ -103.170174, 43.477077 ], [ -103.169989, 43.477076 ], [ -103.169816, 43.477076 ], [ -103.16964, 43.477075 ], [ -103.169457, 43.477075 ], [ -103.169266, 43.477074 ], [ -103.169071, 43.477074 ], [ -103.168876, 43.477073 ], [ -103.168682, 43.477073 ], [ -103.168493, 43.477072 ], [ -103.168299, 43.477072 ], [ -103.168099, 43.477071 ], [ -103.167897, 43.477071 ], [ -103.167703, 43.47707 ], [ -103.167518, 43.47707 ], [ -103.167336, 43.477069 ], [ -103.167147, 43.477069 ], [ -103.166949, 43.477068 ], [ -103.166742, 43.477068 ], [ -103.166528, 43.477067 ], [ -103.16631, 43.477067 ], [ -103.166094, 43.477066 ], [ -103.16588, 43.477066 ], [ -103.165665, 43.477065 ], [ -103.165443, 43.477065 ], [ -103.165214, 43.477064 ], [ -103.164978, 43.477064 ], [ -103.164739, 43.477063 ], [ -103.164503, 43.477063 ], [ -103.164278, 43.477062 ], [ -103.164062, 43.477062 ], [ -103.163849, 43.477062 ], [ -103.163638, 43.477061 ], [ -103.163427, 43.477061 ], [ -103.163215, 43.47706 ], [ -103.163005, 43.47706 ], [ -103.1628, 43.477059 ], [ -103.162598, 43.477059 ], [ -103.162397, 43.477059 ], [ -103.162196, 43.477058 ], [ -103.161993, 43.477058 ], [ -103.161791, 43.477057 ], [ -103.161598, 43.477057 ], [ -103.161419, 43.477057 ], [ -103.161251, 43.477056 ], [ -103.16109, 43.477056 ], [ -103.160928, 43.477056 ], [ -103.160755, 43.477055 ], [ -103.160597, 43.477055 ], [ -103.16057, 43.477055 ], [ -103.160376, 43.477055 ], [ -103.160176, 43.477054 ], [ -103.159972, 43.477054 ], [ -103.159773, 43.477053 ], [ -103.159586, 43.477053 ], [ -103.159411, 43.477053 ], [ -103.159241, 43.477052 ], [ -103.159069, 43.477052 ], [ -103.159003, 43.477052 ], [ -103.158895, 43.47705 ], [ -103.158715, 43.477048 ], [ -103.158603, 43.477047 ], [ -103.158529, 43.477046 ], [ -103.158335, 43.477044 ], [ -103.158138, 43.477042 ], [ -103.157935, 43.477039 ], [ -103.157733, 43.477037 ], [ -103.157528, 43.477035 ], [ -103.157317, 43.477032 ], [ -103.157096, 43.47703 ], [ -103.156867, 43.477027 ], [ -103.156632, 43.477024 ], [ -103.156397, 43.477022 ], [ -103.156172, 43.477019 ], [ -103.155965, 43.477017 ], [ -103.155775, 43.477015 ], [ -103.155589, 43.477012 ], [ -103.155389, 43.47701 ], [ -103.155177, 43.477008 ], [ -103.154954, 43.477005 ], [ -103.154725, 43.477003 ], [ -103.154495, 43.477 ], [ -103.15427, 43.476997 ], [ -103.154178, 43.476996 ], [ -103.154041, 43.476996 ], [ -103.153838, 43.476994 ], [ -103.153623, 43.476993 ], [ -103.153582, 43.476993 ], [ -103.153407, 43.476992 ], [ -103.153192, 43.476991 ], [ -103.153053, 43.47699 ], [ -103.152969, 43.476991 ], [ -103.152757, 43.476992 ], [ -103.15262, 43.476999 ], [ -103.152568, 43.477002 ], [ -103.152468, 43.477012 ], [ -103.152402, 43.47694 ], [ -103.152327, 43.476937 ], [ -103.151884, 43.476922 ], [ -103.150558, 43.476877 ], [ -103.150265, 43.476868 ], [ -103.150116, 43.476866 ], [ -103.150064, 43.476865 ], [ -103.149909, 43.476863 ], [ -103.149891, 43.476863 ], [ -103.149858, 43.476864 ], [ -103.149651, 43.476867 ], [ -103.149032, 43.476877 ], [ -103.148826, 43.476881 ], [ -103.148792, 43.476881 ], [ -103.148691, 43.476882 ], [ -103.148658, 43.476883 ], [ -103.148632, 43.47689 ], [ -103.148566, 43.476884 ], [ -103.148544, 43.476885 ], [ -103.148444, 43.476887 ], [ -103.148287, 43.476844 ], [ -103.148174, 43.476845 ], [ -103.146004, 43.476864 ], [ -103.144545, 43.476878 ], [ -103.138369, 43.47692 ], [ -103.135824, 43.476938 ], [ -103.135463, 43.47694 ], [ -103.134597, 43.476943 ], [ -103.130916, 43.476957 ], [ -103.12969, 43.476962 ], [ -103.12941, 43.476963 ], [ -103.129155, 43.476964 ], [ -103.128571, 43.476959 ], [ -103.128292, 43.476957 ], [ -103.128199, 43.476956 ], [ -103.127943, 43.476954 ], [ -103.127922, 43.476953 ], [ -103.12783, 43.476953 ], [ -103.127478, 43.47695 ], [ -103.127011, 43.476946 ], [ -103.125474, 43.476935 ], [ -103.124557, 43.476926 ], [ -103.123739, 43.476919 ], [ -103.123398, 43.476916 ], [ -103.123209, 43.476918 ], [ -103.12162, 43.476941 ], [ -103.121091, 43.476949 ], [ -103.120754, 43.476954 ], [ -103.120577, 43.476956 ], [ -103.119037, 43.476978 ], [ -103.118524, 43.476986 ], [ -103.118408, 43.476988 ], [ -103.118047, 43.476992 ], [ -103.116618, 43.477012 ], [ -103.116142, 43.477019 ], [ -103.115965, 43.477021 ], [ -103.115813, 43.477023 ], [ -103.115437, 43.47703 ], [ -103.115262, 43.477034 ], [ -103.115211, 43.477035 ], [ -103.114934, 43.477034 ], [ -103.112893, 43.47702 ], [ -103.105787, 43.476972 ], [ -103.103769, 43.476959 ], [ -103.103594, 43.476958 ], [ -103.103419, 43.476957 ], [ -103.103253, 43.476956 ], [ -103.103214, 43.476956 ], [ -103.101632, 43.476964 ], [ -103.096272, 43.476994 ], [ -103.094486, 43.477005 ], [ -103.094191, 43.477007 ], [ -103.093753, 43.477006 ], [ -103.091977, 43.477003 ], [ -103.084451, 43.476994 ], [ -103.081943, 43.476992 ], [ -103.081801, 43.476992 ], [ -103.081668, 43.476992 ], [ -103.081377, 43.476992 ], [ -103.081236, 43.476993 ], [ -103.081214, 43.476993 ], [ -103.08115, 43.476993 ], [ -103.081129, 43.476993 ], [ -103.081023, 43.476993 ], [ -103.080856, 43.476993 ], [ -103.077796, 43.476997 ], [ -103.067798, 43.477014 ], [ -103.064466, 43.47702 ], [ -103.064219, 43.47702 ], [ -103.06245, 43.477022 ], [ -103.060618, 43.477026 ], [ -103.056402, 43.477032 ], [ -103.054387, 43.477036 ], [ -103.054331, 43.477036 ], [ -103.054166, 43.477036 ], [ -103.054112, 43.477045 ], [ -103.053977, 43.477074 ], [ -103.053891, 43.477093 ], [ -103.053485, 43.477079 ], [ -103.053206, 43.47707 ], [ -103.053165, 43.477068 ], [ -103.052928, 43.47706 ], [ -103.052913, 43.477059 ], [ -103.052869, 43.477058 ], [ -103.052855, 43.477058 ], [ -103.05283, 43.47705 ], [ -103.052705, 43.477081 ], [ -103.052635, 43.477092 ], [ -103.052439, 43.477102 ], [ -103.052272, 43.477102 ], [ -103.052255, 43.477102 ], [ -103.052104, 43.477103 ], [ -103.051877, 43.477103 ], [ -103.050855, 43.477105 ], [ -103.050472, 43.477105 ], [ -103.048055, 43.477109 ], [ -103.048023, 43.477109 ], [ -103.047929, 43.477109 ], [ -103.047898, 43.477109 ], [ -103.047835, 43.477109 ], [ -103.047705, 43.477083 ], [ -103.047683, 43.477079 ], [ -103.047275, 43.477056 ], [ -103.047122, 43.477056 ], [ -103.046928, 43.477056 ], [ -103.046859, 43.477056 ], [ -103.046709, 43.477056 ], [ -103.046652, 43.477057 ], [ -103.046584, 43.47706 ], [ -103.04652, 43.477062 ], [ -103.046366, 43.477067 ], [ -103.04633, 43.477068 ], [ -103.046267, 43.477071 ], [ -103.04621, 43.477073 ], [ -103.04605, 43.477079 ], [ -103.045985, 43.477088 ], [ -103.045771, 43.477116 ], [ -103.045554, 43.477117 ], [ -103.044257, 43.477126 ], [ -103.043825, 43.47713 ], [ -103.043611, 43.477131 ], [ -103.03896, 43.477092 ], [ -103.024368, 43.476972 ], [ -103.019504, 43.476933 ], [ -103.019329, 43.476932 ], [ -103.017371, 43.476926 ], [ -103.010972, 43.476907 ], [ -103.008839, 43.476901 ], [ -103.008709, 43.476901 ], [ -103.008681, 43.476901 ], [ -103.008322, 43.4769 ], [ -103.008194, 43.4769 ], [ -103.008034, 43.4769 ], [ -103.006712, 43.47689 ], [ -103.002266, 43.476857 ], [ -103.000913, 43.476848 ], [ -103.000913, 43.476789 ], [ -103.000913, 43.474331 ], [ -103.000913, 43.473262 ], [ -103.000913, 43.47154 ], [ -103.000913, 43.47071 ], [ -103.000913, 43.469676 ], [ -103.000913, 43.468214 ], [ -103.000912, 43.467089 ], [ -103.000912, 43.46604 ], [ -103.000912, 43.463469 ], [ -103.000913, 43.463137 ], [ -103.000912, 43.462435 ], [ -103.000915, 43.461769 ], [ -103.000919, 43.459845 ], [ -103.000922, 43.458818 ], [ -103.000929, 43.456222 ], [ -103.00093, 43.455202 ], [ -103.000937, 43.452598 ], [ -103.000939, 43.451585 ], [ -103.000947, 43.448975 ], [ -103.000947, 43.448626 ], [ -103.000947, 43.447969 ], [ -103.000945, 43.445355 ], [ -103.000945, 43.444928 ], [ -103.000944, 43.444354 ], [ -103.000943, 43.441734 ], [ -103.000943, 43.44074 ], [ -103.000941, 43.438114 ], [ -103.000942, 43.437954 ], [ -103.000941, 43.437125 ], [ -103.000939, 43.434494 ], [ -103.000939, 43.434181 ], [ -103.000939, 43.433511 ], [ -103.000938, 43.431094 ], [ -103.000938, 43.430876 ], [ -103.000937, 43.429891 ], [ -103.000935, 43.427258 ], [ -103.000935, 43.42627 ], [ -103.000935, 43.425886 ], [ -103.000933, 43.42364 ], [ -103.000932, 43.42265 ], [ -103.000931, 43.420022 ], [ -103.000931, 43.419718 ], [ -103.000931, 43.419638 ], [ -103.000931, 43.41903 ], [ -103.000922, 43.416408 ], [ -103.000918, 43.415401 ], [ -103.000868, 43.408017 ], [ -103.000882, 43.404148 ], [ -103.00088, 43.402369 ], [ -103.00088, 43.402103 ], [ -103.000878, 43.399601 ], [ -103.000876, 43.398384 ], [ -103.000876, 43.398116 ], [ -103.000875, 43.397309 ], [ -103.000874, 43.39597 ], [ -103.000872, 43.395441 ], [ -103.00086, 43.395331 ], [ -103.00086, 43.395319 ], [ -103.000858, 43.394743 ], [ -103.000857, 43.394439 ], [ -103.000855, 43.393926 ], [ -103.000854, 43.393698 ], [ -103.000846, 43.391134 ], [ -103.000846, 43.390815 ], [ -103.000846, 43.390582 ], [ -103.000845, 43.390092 ], [ -103.000843, 43.388026 ], [ -103.000843, 43.387453 ], [ -103.000842, 43.38708 ], [ -103.000842, 43.386735 ], [ -103.000842, 43.386321 ], [ -103.000839, 43.383838 ], [ -103.000839, 43.383433 ], [ -103.000839, 43.383119 ], [ -103.000834, 43.381179 ], [ -103.000821, 43.376623 ], [ -103.000821, 43.376355 ], [ -103.000821, 43.375904 ], [ -103.000836, 43.374597 ], [ -103.000823, 43.374423 ], [ -103.000822, 43.372997 ], [ -103.000819, 43.372829 ], [ -103.000811, 43.372276 ], [ -103.000823, 43.36937 ], [ -103.000823, 43.368666 ], [ -103.000824, 43.365744 ], [ -103.000824, 43.365047 ], [ -103.000825, 43.362118 ], [ -103.000825, 43.361883 ], [ -103.000825, 43.361429 ], [ -103.000828, 43.3585 ], [ -103.000829, 43.35783 ], [ -103.000832, 43.354882 ], [ -103.000832, 43.354178 ], [ -103.000834, 43.351264 ], [ -103.000835, 43.350552 ], [ -103.000837, 43.348846 ], [ -103.000838, 43.348144 ], [ -103.000838, 43.347646 ], [ -103.000838, 43.347416 ], [ -103.000838, 43.346927 ], [ -103.000838, 43.344024 ], [ -103.000839, 43.343287 ], [ -103.000838, 43.342531 ], [ -103.000839, 43.340403 ], [ -103.000839, 43.339648 ], [ -103.00084, 43.336781 ], [ -103.00084, 43.336009 ], [ -103.000841, 43.333964 ], [ -103.000841, 43.33316 ], [ -103.000841, 43.332852 ], [ -103.000841, 43.33237 ], [ -103.000841, 43.331678 ], [ -103.000827, 43.330917 ], [ -103.000845, 43.32568 ], [ -103.000848, 43.324999 ], [ -103.000853, 43.323826 ], [ -103.000857, 43.322619 ], [ -103.000857, 43.322406 ], [ -103.000859, 43.321768 ], [ -103.000861, 43.321556 ], [ -103.000829, 43.321524 ], [ -103.00083, 43.321227 ], [ -103.000839, 43.32034 ], [ -103.000845, 43.320046 ], [ -103.000843, 43.319802 ], [ -103.000838, 43.319072 ], [ -103.000837, 43.318829 ], [ -103.000835, 43.318627 ], [ -103.000832, 43.318174 ], [ -103.000832, 43.318108 ], [ -103.000819, 43.315945 ], [ -103.000815, 43.315224 ], [ -103.00081, 43.314559 ], [ -103.000798, 43.31257 ], [ -103.000798, 43.312241 ], [ -103.000795, 43.311907 ], [ -103.000792, 43.31151 ], [ -103.000785, 43.310316 ], [ -103.000783, 43.309919 ], [ -103.000784, 43.307741 ], [ -103.000788, 43.301207 ], [ -103.00079, 43.29903 ], [ -103.00079, 43.298222 ], [ -103.000792, 43.295801 ], [ -103.000793, 43.294995 ], [ -103.000793, 43.293396 ], [ -103.000798, 43.289001 ], [ -103.000798, 43.288604 ], [ -103.000798, 43.287007 ], [ -103.000798, 43.286377 ], [ -103.000801, 43.28449 ], [ -103.000802, 43.283861 ], [ -103.000802, 43.283709 ], [ -103.000802, 43.283671 ], [ -103.000802, 43.283254 ], [ -103.000802, 43.283171 ], [ -103.000803, 43.283103 ], [ -103.000808, 43.280282 ], [ -103.000831, 43.271822 ], [ -103.000838, 43.269398 ], [ -103.000838, 43.269359 ], [ -103.000839, 43.269302 ], [ -103.000839, 43.26923 ], [ -103.00084, 43.269004 ], [ -103.000841, 43.268672 ], [ -103.000851, 43.264897 ], [ -103.000851, 43.264764 ], [ -103.000851, 43.264651 ], [ -103.000834, 43.263799 ], [ -103.000832, 43.263693 ], [ -103.000831, 43.263396 ], [ -103.00083, 43.260839 ], [ -103.000831, 43.260463 ], [ -103.00083, 43.259769 ], [ -103.00083, 43.257222 ], [ -103.00083, 43.256846 ], [ -103.00083, 43.256151 ], [ -103.00083, 43.255258 ], [ -103.000829, 43.253606 ], [ -103.000829, 43.252534 ], [ -103.000829, 43.252267 ], [ -103.000829, 43.24999 ], [ -103.000829, 43.249202 ], [ -103.000829, 43.248916 ], [ -103.000829, 43.24806 ], [ -103.000828, 43.246374 ], [ -103.000828, 43.24595 ], [ -103.000828, 43.245299 ], [ -103.000828, 43.24479 ], [ -103.000828, 43.24276 ], [ -103.000828, 43.241674 ], [ -103.000828, 43.239146 ], [ -103.000828, 43.238049 ], [ -103.000827, 43.235532 ], [ -103.000827, 43.234267 ], [ -103.000827, 43.234095 ], [ -103.000827, 43.231918 ], [ -103.000827, 43.231454 ], [ -103.000827, 43.230799 ], [ -103.000827, 43.228306 ], [ -103.000827, 43.227172 ], [ -103.000827, 43.224817 ], [ -103.000826, 43.223544 ], [ -103.000826, 43.221081 ], [ -103.000825, 43.219917 ], [ -103.000826, 43.219058 ], [ -103.000826, 43.218697 ], [ -103.000826, 43.218653 ], [ -103.000825, 43.217468 ], [ -103.000825, 43.216958 ], [ -103.000825, 43.216468 ], [ -103.000825, 43.21629 ], [ -103.000825, 43.213623 ], [ -103.000824, 43.212669 ], [ -103.000824, 43.210003 ], [ -103.000825, 43.209121 ], [ -103.000824, 43.206458 ], [ -103.000823, 43.206385 ], [ -103.000823, 43.205432 ], [ -103.000822, 43.202768 ], [ -103.000822, 43.20248 ], [ -103.000822, 43.201815 ], [ -103.000823, 43.20137 ], [ -103.000823, 43.199215 ], [ -103.000822, 43.198184 ], [ -103.000822, 43.195533 ], [ -103.000822, 43.193714 ], [ -103.000822, 43.191916 ], [ -103.000822, 43.190922 ], [ -103.000822, 43.190866 ], [ -103.000817, 43.190324 ], [ -103.000828, 43.190151 ], [ -103.000827, 43.190046 ], [ -103.000814, 43.188824 ], [ -103.000809, 43.188318 ], [ -103.000759, 43.183525 ], [ -103.000757, 43.183293 ], [ -103.000838, 43.176422 ], [ -103.000821, 43.173826 ], [ -103.000821, 43.173496 ], [ -103.000821, 43.172799 ], [ -103.000822, 43.170207 ], [ -103.000822, 43.169195 ], [ -103.000822, 43.166588 ], [ -103.000822, 43.16559 ], [ -103.000822, 43.165506 ], [ -103.000822, 43.164264 ], [ -103.000822, 43.162969 ], [ -103.000822, 43.161986 ], [ -103.000822, 43.15935 ], [ -103.000822, 43.158997 ], [ -103.000822, 43.158735 ], [ -103.000823, 43.158402 ], [ -103.000822, 43.155036 ], [ -103.000822, 43.154751 ], [ -103.000822, 43.152101 ], [ -103.000822, 43.151121 ], [ -103.000822, 43.148476 ], [ -103.000822, 43.147491 ], [ -103.000822, 43.144851 ], [ -103.000822, 43.144498 ], [ -103.000822, 43.143909 ], [ -103.000822, 43.141228 ], [ -103.000822, 43.140231 ], [ -103.000822, 43.137626 ], [ -103.000822, 43.136601 ], [ -103.00084, 43.133003 ], [ -103.000829, 43.131553 ], [ -103.000823, 43.130729 ], [ -103.000822, 43.130547 ], [ -103.00082, 43.130288 ], [ -103.000819, 43.130248 ], [ -103.000819, 43.130128 ], [ -103.000819, 43.130089 ], [ -103.000819, 43.130031 ], [ -103.000818, 43.129891 ], [ -103.000817, 43.129842 ], [ -103.000816, 43.129798 ], [ -103.000816, 43.129661 ], [ -103.000815, 43.12963 ], [ -103.00081, 43.128918 ], [ -103.000791, 43.126534 ], [ -103.00078, 43.124971 ], [ -103.000797, 43.117268 ], [ -103.000805, 43.11418 ], [ -103.000805, 43.113801 ], [ -103.000806, 43.112667 ], [ -103.000807, 43.11229 ], [ -103.000807, 43.112008 ], [ -103.000807, 43.111161 ], [ -103.000808, 43.110881 ], [ -103.000811, 43.109285 ], [ -103.000819, 43.105771 ], [ -103.000807, 43.104127 ], [ -103.000807, 43.104101 ], [ -103.000807, 43.103617 ], [ -103.000807, 43.103119 ], [ -103.000807, 43.102902 ], [ -103.000808, 43.101475 ], [ -103.000806, 43.10101 ], [ -103.000805, 43.100501 ], [ -103.000805, 43.100475 ], [ -103.000805, 43.099593 ], [ -103.000803, 43.096876 ], [ -103.000804, 43.09685 ], [ -103.000798, 43.095637 ], [ -103.000801, 43.094755 ], [ -103.000796, 43.093682 ], [ -103.0008, 43.092439 ], [ -103.0008, 43.091388 ], [ -103.000799, 43.089624 ], [ -103.000784, 43.089144 ], [ -103.000795, 43.0865 ], [ -103.000761, 43.084779 ], [ -103.000783, 43.083378 ], [ -103.00079, 43.082898 ], [ -103.000792, 43.082761 ], [ -103.000794, 43.082662 ], [ -103.000796, 43.082543 ], [ -103.000798, 43.082403 ], [ -103.000789, 43.08188 ], [ -103.000786, 43.079851 ], [ -103.000783, 43.079361 ], [ -103.000778, 43.07151 ], [ -103.000777, 43.070018 ], [ -103.000777, 43.069274 ], [ -103.000776, 43.068899 ], [ -103.000775, 43.068261 ], [ -103.000775, 43.06784 ], [ -103.000772, 43.064217 ], [ -103.000771, 43.061829 ], [ -103.00077, 43.060643 ], [ -103.000769, 43.059068 ], [ -103.000767, 43.057516 ], [ -103.000767, 43.056972 ], [ -103.000764, 43.053345 ], [ -103.00076, 43.049769 ], [ -103.000758, 43.047119 ], [ -103.000754, 43.044941 ], [ -103.00075, 43.043024 ], [ -103.000742, 43.038902 ], [ -103.000738, 43.037157 ], [ -103.000736, 43.036375 ], [ -103.000734, 43.035208 ], [ -103.000727, 43.031939 ], [ -103.000726, 43.031657 ], [ -103.000724, 43.029867 ], [ -103.000722, 43.027982 ], [ -103.000719, 43.024366 ], [ -103.000715, 43.020751 ], [ -103.000706, 43.017798 ], [ -103.000711, 43.017212 ], [ -103.000708, 43.014159 ], [ -103.000708, 43.013617 ], [ -103.000693, 43.011701 ], [ -103.00068, 43.010236 ], [ -103.000678, 43.00995 ], [ -103.000658, 43.007572 ], [ -103.000648, 43.006379 ], [ -103.000647, 43.006214 ], [ -103.000618, 43.002677 ], [ -103.000609, 43.000751 ], [ -103.000896, 43.000742 ], [ -103.00122, 43.000742 ], [ -103.001516, 43.000741 ], [ -103.01584, 43.000703 ], [ -103.016177, 43.000702 ], [ -103.020732, 43.000707 ], [ -103.028875, 43.000715 ], [ -103.034897, 43.000723 ], [ -103.035251, 43.000723 ], [ -103.041203, 43.00073 ], [ -103.041279, 43.00073 ], [ -103.051683, 43.000742 ], [ -103.061211, 43.000752 ], [ -103.061411, 43.000752 ], [ -103.067042, 43.00076 ], [ -103.067303, 43.00076 ], [ -103.071521, 43.000764 ], [ -103.071599, 43.000764 ], [ -103.08428, 43.000784 ], [ -103.084371, 43.000786 ], [ -103.084456, 43.000787 ], [ -103.084547, 43.000789 ], [ -103.08472, 43.000793 ], [ -103.084811, 43.000792 ], [ -103.084993, 43.000789 ], [ -103.088815, 43.000734 ], [ -103.08927, 43.000771 ], [ -103.089433, 43.00077 ], [ -103.094819, 43.000749 ], [ -103.094867, 43.000749 ], [ -103.095121, 43.000747 ], [ -103.095382, 43.000749 ], [ -103.095641, 43.000747 ], [ -103.103903, 43.000748 ], [ -103.103935, 43.000748 ], [ -103.125673, 43.000808 ], [ -103.130805, 43.000769 ], [ -103.131935, 43.000783 ], [ -103.131973, 43.000783 ], [ -103.132168, 43.000783 ], [ -103.133148, 43.000788 ], [ -103.134295, 43.000808 ], [ -103.145087, 43.000811 ], [ -103.145726, 43.000811 ], [ -103.155298, 43.000814 ], [ -103.155364, 43.000814 ], [ -103.170092, 43.000817 ], [ -103.170783, 43.000818 ], [ -103.170945, 43.000818 ], [ -103.194967, 43.00084 ], [ -103.195226, 43.00084 ], [ -103.22388, 43.000855 ], [ -103.224159, 43.000855 ], [ -103.225163, 43.000856 ], [ -103.225271, 43.000856 ], [ -103.228781, 43.000856 ], [ -103.24988, 43.000866 ], [ -103.250506, 43.000828 ], [ -103.262522, 43.00083 ], [ -103.262626, 43.00083 ], [ -103.274384, 43.00083 ], [ -103.285369, 43.000882 ], [ -103.285439, 43.000882 ], [ -103.304833, 43.000913 ], [ -103.304859, 43.000913 ], [ -103.310379, 43.000922 ], [ -103.310618, 43.000922 ], [ -103.312275, 43.000925 ], [ -103.323798, 43.000906 ], [ -103.324001, 43.000906 ], [ -103.32462, 43.000905 ], [ -103.335086, 43.000888 ], [ -103.336473, 43.000886 ], [ -103.340707, 43.000855 ], [ -103.340765, 43.000871 ], [ -103.340796, 43.000879 ], [ -103.340939, 43.000904 ], [ -103.341098, 43.000916 ], [ -103.342147, 43.000929 ], [ -103.344766, 43.000937 ], [ -103.345699, 43.000928 ], [ -103.346829, 43.000937 ], [ -103.346849, 43.000926 ] ] ] } },
{ "type": "Feature", "properties": { "STATEFP": "46", "COUNTYFP": "033", "COUNTYNS": "01265788", "GEOID": "46033", "GEOIDFQ": "0500000US46033", "NAME": "Custer", "NAMELSAD": "Custer County", "LSAD": "06", "CLASSFP": "H1", "MTFCC": "G4020", "CSAFP": "452", "CBSAFP": "39660", "METDIVFP": null, "FUNCSTAT": "A", "ALAND": 4032464143, "AWATER": 5490769, "INTPTLAT": "+43.6849428", "INTPTLON": "-103.4622500" }, "geometry": { "type": "Polygon", "coordinates": [ [ [ -104.055487, 43.853476 ], [ -104.051929, 43.853491 ], [ -104.051853, 43.853492 ], [ -104.041235, 43.853541 ], [ -104.039462, 43.853549 ], [ -104.039244, 43.85355 ], [ -104.02421, 43.853618 ], [ -104.02401, 43.853619 ], [ -104.023798, 43.85362 ], [ -104.022285, 43.853627 ], [ -104.022087, 43.853628 ], [ -104.001258, 43.853724 ], [ -104.000485, 43.853728 ], [ -104.000215, 43.853729 ], [ -103.99828, 43.853744 ], [ -103.981812, 43.853872 ], [ -103.981655, 43.853873 ], [ -103.981495, 43.853874 ], [ -103.954315, 43.854082 ], [ -103.954041, 43.854085 ], [ -103.953906, 43.854086 ], [ -103.943985, 43.854162 ], [ -103.943727, 43.854165 ], [ -103.943602, 43.854166 ], [ -103.92057, 43.854343 ], [ -103.920467, 43.854343 ], [ -103.920444, 43.854343 ], [ -103.920175, 43.854342 ], [ -103.919875, 43.85434 ], [ -103.919773, 43.854341 ], [ -103.917424, 43.854361 ], [ -103.917397, 43.854361 ], [ -103.917186, 43.854362 ], [ -103.916897, 43.854364 ], [ -103.916797, 43.854365 ], [ -103.906891, 43.854441 ], [ -103.906829, 43.854441 ], [ -103.906739, 43.854442 ], [ -103.87548, 43.854679 ], [ -103.863443, 43.854699 ], [ -103.863393, 43.854699 ], [ -103.863207, 43.854699 ], [ -103.862556, 43.854701 ], [ -103.862507, 43.854701 ], [ -103.841585, 43.854736 ], [ -103.841556, 43.854736 ], [ -103.834578, 43.854748 ], [ -103.834555, 43.854748 ], [ -103.816964, 43.854779 ], [ -103.816743, 43.854779 ], [ -103.815714, 43.854781 ], [ -103.81535, 43.854782 ], [ -103.797392, 43.854812 ], [ -103.797251, 43.854812 ], [ -103.797053, 43.854813 ], [ -103.79704, 43.854813 ], [ -103.785759, 43.854832 ], [ -103.783842, 43.854835 ], [ -103.781572, 43.854839 ], [ -103.781545, 43.854839 ], [ -103.780754, 43.854841 ], [ -103.780046, 43.854842 ], [ -103.780017, 43.854842 ], [ -103.779012, 43.85484 ], [ -103.778982, 43.85484 ], [ -103.767763, 43.854859 ], [ -103.767732, 43.854859 ], [ -103.767655, 43.854859 ], [ -103.760121, 43.854872 ], [ -103.760081, 43.854872 ], [ -103.760027, 43.854872 ], [ -103.75999, 43.854872 ], [ -103.75995, 43.854872 ], [ -103.756166, 43.854878 ], [ -103.756126, 43.854878 ], [ -103.750474, 43.85488 ], [ -103.745388, 43.854906 ], [ -103.745348, 43.854906 ], [ -103.74015, 43.854933 ], [ -103.74011, 43.854933 ], [ -103.740082, 43.854933 ], [ -103.738485, 43.854942 ], [ -103.738445, 43.854942 ], [ -103.694265, 43.855174 ], [ -103.694225, 43.855174 ], [ -103.6941, 43.855175 ], [ -103.686155, 43.855216 ], [ -103.686115, 43.855216 ], [ -103.686069, 43.855216 ], [ -103.676065, 43.855268 ], [ -103.676025, 43.855268 ], [ -103.631995, 43.855498 ], [ -103.631903, 43.855499 ], [ -103.631862, 43.855499 ], [ -103.631221, 43.855503 ], [ -103.631183, 43.855503 ], [ -103.630425, 43.855518 ], [ -103.625472, 43.855533 ], [ -103.625362, 43.855534 ], [ -103.625329, 43.855534 ], [ -103.609514, 43.855629 ], [ -103.609497, 43.855625 ], [ -103.607051, 43.855644 ], [ -103.603977, 43.855662 ], [ -103.597873, 43.855698 ], [ -103.597593, 43.855699 ], [ -103.578168, 43.855816 ], [ -103.578112, 43.855816 ], [ -103.57627, 43.855827 ], [ -103.576243, 43.855827 ], [ -103.575954, 43.855829 ], [ -103.55427, 43.855958 ], [ -103.554217, 43.855958 ], [ -103.552807, 43.855967 ], [ -103.55277, 43.855967 ], [ -103.552715, 43.855967 ], [ -103.533856, 43.85608 ], [ -103.533259, 43.856083 ], [ -103.532769, 43.856085 ], [ -103.532689, 43.856085 ], [ -103.52766, 43.856115 ], [ -103.526093, 43.856124 ], [ -103.520489, 43.856165 ], [ -103.520395, 43.856166 ], [ -103.518309, 43.856178 ], [ -103.517827, 43.856181 ], [ -103.500469, 43.856285 ], [ -103.4899, 43.856314 ], [ -103.489769, 43.856315 ], [ -103.488064, 43.856318 ], [ -103.487931, 43.856318 ], [ -103.487216, 43.85632 ], [ -103.486943, 43.856322 ], [ -103.486808, 43.856323 ], [ -103.486467, 43.856324 ], [ -103.486331, 43.856324 ], [ -103.485845, 43.856325 ], [ -103.476235, 43.856351 ], [ -103.476043, 43.856352 ], [ -103.475895, 43.856352 ], [ -103.443022, 43.856439 ], [ -103.442834, 43.85644 ], [ -103.437497, 43.856454 ], [ -103.437282, 43.856455 ], [ -103.437087, 43.856456 ], [ -103.436857, 43.856456 ], [ -103.436538, 43.856457 ], [ -103.436342, 43.856457 ], [ -103.433374, 43.856465 ], [ -103.433304, 43.856465 ], [ -103.433174, 43.856466 ], [ -103.428966, 43.856477 ], [ -103.428912, 43.856477 ], [ -103.428663, 43.856478 ], [ -103.428415, 43.856479 ], [ -103.423448, 43.856493 ], [ -103.423413, 43.856493 ], [ -103.422977, 43.856494 ], [ -103.42243, 43.856495 ], [ -103.418495, 43.856506 ], [ -103.418192, 43.856507 ], [ -103.41748, 43.856509 ], [ -103.417424, 43.856509 ], [ -103.412919, 43.856521 ], [ -103.408279, 43.856534 ], [ -103.406369, 43.856539 ], [ -103.406074, 43.85654 ], [ -103.391803, 43.856578 ], [ -103.391539, 43.856579 ], [ -103.391518, 43.856579 ], [ -103.380192, 43.856625 ], [ -103.379915, 43.856626 ], [ -103.379689, 43.856627 ], [ -103.375467, 43.856638 ], [ -103.371055, 43.856608 ], [ -103.370582, 43.856605 ], [ -103.370312, 43.856603 ], [ -103.347886, 43.856452 ], [ -103.338523, 43.856389 ], [ -103.338467, 43.856389 ], [ -103.338408, 43.856389 ], [ -103.33827, 43.856388 ], [ -103.338047, 43.856387 ], [ -103.325369, 43.856338 ], [ -103.325157, 43.856337 ], [ -103.32513, 43.856337 ], [ -103.31235, 43.856321 ], [ -103.312121, 43.856321 ], [ -103.309129, 43.856314 ], [ -103.308902, 43.856313 ], [ -103.308789, 43.856313 ], [ -103.304307, 43.856301 ], [ -103.302606, 43.856297 ], [ -103.302015, 43.856296 ], [ -103.301793, 43.856295 ], [ -103.30117, 43.856294 ], [ -103.300948, 43.856293 ], [ -103.300547, 43.856292 ], [ -103.300508, 43.856292 ], [ -103.299366, 43.856289 ], [ -103.29819, 43.856297 ], [ -103.297976, 43.856299 ], [ -103.291644, 43.856345 ], [ -103.289393, 43.856361 ], [ -103.289237, 43.856362 ], [ -103.289195, 43.856362 ], [ -103.288957, 43.856364 ], [ -103.288764, 43.856365 ], [ -103.283571, 43.856386 ], [ -103.279216, 43.856413 ], [ -103.279055, 43.856414 ], [ -103.273014, 43.856451 ], [ -103.272867, 43.856452 ], [ -103.271926, 43.856458 ], [ -103.271782, 43.856459 ], [ -103.269091, 43.856475 ], [ -103.268953, 43.856476 ], [ -103.26889, 43.856476 ], [ -103.250465, 43.85659 ], [ -103.237852, 43.85659 ], [ -103.237791, 43.85659 ], [ -103.237304, 43.85659 ], [ -103.221744, 43.85659 ], [ -103.221447, 43.85659 ], [ -103.221426, 43.85659 ], [ -103.219379, 43.85659 ], [ -103.219363, 43.85659 ], [ -103.219217, 43.85659 ], [ -103.219064, 43.85659 ], [ -103.218585, 43.856591 ], [ -103.218395, 43.856592 ], [ -103.218381, 43.856592 ], [ -103.217532, 43.856594 ], [ -103.216214, 43.856598 ], [ -103.215184, 43.856601 ], [ -103.214911, 43.856602 ], [ -103.20912, 43.856616 ], [ -103.205393, 43.856626 ], [ -103.199501, 43.856642 ], [ -103.199469, 43.856642 ], [ -103.199046, 43.856643 ], [ -103.191268, 43.856664 ], [ -103.191059, 43.856665 ], [ -103.190617, 43.856666 ], [ -103.184255, 43.856683 ], [ -103.184178, 43.856683 ], [ -103.183823, 43.856684 ], [ -103.183677, 43.856685 ], [ -103.183246, 43.856686 ], [ -103.182263, 43.856689 ], [ -103.174431, 43.856696 ], [ -103.166797, 43.856702 ], [ -103.165971, 43.856703 ], [ -103.165566, 43.856703 ], [ -103.159109, 43.856709 ], [ -103.158714, 43.856709 ], [ -103.136875, 43.856729 ], [ -103.136531, 43.856729 ], [ -103.136512, 43.856729 ], [ -103.135954, 43.85673 ], [ -103.135593, 43.85673 ], [ -103.125462, 43.856739 ], [ -103.099009, 43.856784 ], [ -103.096561, 43.856789 ], [ -103.07963, 43.856747 ], [ -103.079348, 43.856746 ], [ -103.078523, 43.856744 ], [ -103.05626, 43.856689 ], [ -103.051998, 43.856692 ], [ -103.05176, 43.856692 ], [ -103.051673, 43.856692 ], [ -103.043653, 43.856698 ], [ -103.041269, 43.856689 ], [ -103.027759, 43.856689 ], [ -103.016935, 43.85663 ], [ -103.01675, 43.856624 ], [ -103.016733, 43.856629 ], [ -103.00693, 43.856575 ], [ -103.006911, 43.856575 ], [ -103.006756, 43.856574 ], [ -103.005663, 43.856568 ], [ -103.005494, 43.856567 ], [ -103.005446, 43.856567 ], [ -103.004208, 43.856561 ], [ -103.003102, 43.856556 ], [ -103.003039, 43.856556 ], [ -103.002936, 43.856555 ], [ -103.000458, 43.856541 ], [ -102.995606, 43.856624 ], [ -102.995265, 43.856629 ], [ -102.995111, 43.856629 ], [ -102.988602, 43.856626 ], [ -102.988457, 43.856626 ], [ -102.983832, 43.856624 ], [ -102.979324, 43.856623 ], [ -102.979175, 43.856622 ], [ -102.979044, 43.856622 ], [ -102.976387, 43.856619 ], [ -102.975994, 43.856618 ], [ -102.975868, 43.856618 ], [ -102.973751, 43.856617 ], [ -102.973437, 43.856617 ], [ -102.973314, 43.856617 ], [ -102.962941, 43.856611 ], [ -102.962553, 43.85661 ], [ -102.962445, 43.856611 ], [ -102.960605, 43.85661 ], [ -102.960211, 43.85661 ], [ -102.960108, 43.85661 ], [ -102.959007, 43.85661 ], [ -102.958906, 43.856609 ], [ -102.952685, 43.85657 ], [ -102.952568, 43.856569 ], [ -102.952476, 43.856568 ], [ -102.944023, 43.856517 ], [ -102.943895, 43.856516 ], [ -102.943816, 43.856516 ], [ -102.940632, 43.856524 ], [ -102.940341, 43.856525 ], [ -102.940267, 43.856525 ], [ -102.939131, 43.856519 ], [ -102.933533, 43.856494 ], [ -102.933469, 43.856494 ], [ -102.933362, 43.856494 ], [ -102.925067, 43.856455 ], [ -102.925047, 43.856455 ], [ -102.924995, 43.856455 ], [ -102.919041, 43.856428 ], [ -102.918998, 43.856429 ], [ -102.913547, 43.856406 ], [ -102.913453, 43.856405 ], [ -102.913418, 43.856405 ], [ -102.906583, 43.856376 ], [ -102.906565, 43.856376 ], [ -102.898977, 43.856344 ], [ -102.898864, 43.856344 ], [ -102.898851, 43.856344 ], [ -102.894886, 43.856327 ], [ -102.894761, 43.856327 ], [ -102.89375, 43.856323 ], [ -102.891454, 43.856314 ], [ -102.886704, 43.856295 ], [ -102.886487, 43.856294 ], [ -102.875456, 43.856249 ], [ -102.868539, 43.856313 ], [ -102.868508, 43.856313 ], [ -102.86835, 43.856313 ], [ -102.861786, 43.856282 ], [ -102.861745, 43.856282 ], [ -102.859111, 43.85627 ], [ -102.859066, 43.856269 ], [ -102.854041, 43.85622 ], [ -102.853992, 43.85622 ], [ -102.838463, 43.856129 ], [ -102.838324, 43.856128 ], [ -102.8383, 43.856128 ], [ -102.81754, 43.856006 ], [ -102.815701, 43.855996 ], [ -102.815637, 43.855996 ], [ -102.805843, 43.855946 ], [ -102.805705, 43.855946 ], [ -102.79201, 43.855878 ], [ -102.791987, 43.855879 ], [ -102.789605, 43.855868 ], [ -102.78958, 43.855868 ], [ -102.750453, 43.855676 ], [ -102.735675, 43.855632 ], [ -102.73554, 43.855632 ], [ -102.735459, 43.855632 ], [ -102.712024, 43.855593 ], [ -102.71192, 43.855594 ], [ -102.711715, 43.855593 ], [ -102.711245, 43.855592 ], [ -102.71114, 43.855586 ], [ -102.71057, 43.85555 ], [ -102.710464, 43.855551 ], [ -102.710396, 43.855551 ], [ -102.70947, 43.855551 ], [ -102.709363, 43.855551 ], [ -102.709232, 43.855551 ], [ -102.708947, 43.855551 ], [ -102.708822, 43.855551 ], [ -102.708714, 43.855551 ], [ -102.707368, 43.855551 ], [ -102.707259, 43.855551 ], [ -102.707178, 43.855551 ], [ -102.706039, 43.855551 ], [ -102.706015, 43.855551 ], [ -102.705904, 43.855551 ], [ -102.698215, 43.855552 ], [ -102.698096, 43.855552 ], [ -102.696145, 43.855552 ], [ -102.696024, 43.855553 ], [ -102.693582, 43.855565 ], [ -102.689581, 43.855586 ], [ -102.687633, 43.855597 ], [ -102.687191, 43.855599 ], [ -102.687192, 43.855415 ], [ -102.686971, 43.854043 ], [ -102.686918, 43.853958 ], [ -102.686655, 43.85354 ], [ -102.686782, 43.852603 ], [ -102.687161, 43.852077 ], [ -102.687445, 43.851826 ], [ -102.688077, 43.851597 ], [ -102.688187, 43.851552 ], [ -102.689309, 43.851094 ], [ -102.69133, 43.85002 ], [ -102.691439, 43.849977 ], [ -102.692002, 43.849706 ], [ -102.692419, 43.849381 ], [ -102.692493, 43.849309 ], [ -102.692634, 43.849181 ], [ -102.693031, 43.848896 ], [ -102.693703, 43.847918 ], [ -102.693841, 43.84731 ], [ -102.693846, 43.847287 ], [ -102.693836, 43.847201 ], [ -102.693759, 43.846268 ], [ -102.692994, 43.844842 ], [ -102.692797, 43.844661 ], [ -102.692248, 43.844463 ], [ -102.692131, 43.844447 ], [ -102.690446, 43.84419 ], [ -102.689656, 43.844008 ], [ -102.688456, 43.84339 ], [ -102.688141, 43.842682 ], [ -102.688141, 43.841356 ], [ -102.688235, 43.840784 ], [ -102.688262, 43.840704 ], [ -102.688647, 43.83955 ], [ -102.689121, 43.839093 ], [ -102.689942, 43.838567 ], [ -102.690542, 43.837447 ], [ -102.690889, 43.836692 ], [ -102.6931, 43.834132 ], [ -102.693162, 43.834069 ], [ -102.693508, 43.833719 ], [ -102.694669, 43.831607 ], [ -102.695261, 43.829842 ], [ -102.69532, 43.829041 ], [ -102.69557, 43.828513 ], [ -102.695618, 43.828448 ], [ -102.695712, 43.82832 ], [ -102.696528, 43.827242 ], [ -102.696976, 43.826675 ], [ -102.697298, 43.826107 ], [ -102.697328, 43.826039 ], [ -102.697552, 43.825514 ], [ -102.697646, 43.824736 ], [ -102.697691, 43.824673 ], [ -102.698813, 43.823113 ], [ -102.699224, 43.821719 ], [ -102.699477, 43.819867 ], [ -102.699413, 43.817672 ], [ -102.699283, 43.816427 ], [ -102.699255, 43.816164 ], [ -102.699291, 43.816104 ], [ -102.699871, 43.815108 ], [ -102.700056, 43.814854 ], [ -102.700236, 43.814283 ], [ -102.700357, 43.813872 ], [ -102.700657, 43.812844 ], [ -102.700865, 43.811976 ], [ -102.700389, 43.809478 ], [ -102.700564, 43.808453 ], [ -102.700555, 43.808393 ], [ -102.700542, 43.808312 ], [ -102.700356, 43.806288 ], [ -102.700342, 43.80623 ], [ -102.699533, 43.804241 ], [ -102.699513, 43.804195 ], [ -102.699671, 43.803864 ], [ -102.699101, 43.802469 ], [ -102.699036, 43.802435 ], [ -102.697761, 43.801776 ], [ -102.697343, 43.801683 ], [ -102.697048, 43.80149 ], [ -102.696989, 43.801456 ], [ -102.696726, 43.801301 ], [ -102.695969, 43.800751 ], [ -102.695466, 43.799723 ], [ -102.695365, 43.799088 ], [ -102.695377, 43.799035 ], [ -102.695484, 43.798397 ], [ -102.695526, 43.79815 ], [ -102.695874, 43.797624 ], [ -102.696443, 43.797144 ], [ -102.697643, 43.796755 ], [ -102.697715, 43.79675 ], [ -102.698654, 43.796665 ], [ -102.699506, 43.796733 ], [ -102.699574, 43.796746 ], [ -102.701041, 43.797033 ], [ -102.701105, 43.797052 ], [ -102.701148, 43.797048 ], [ -102.702251, 43.797372 ], [ -102.702317, 43.79739 ], [ -102.703656, 43.797723 ], [ -102.705026, 43.797621 ], [ -102.706018, 43.797094 ], [ -102.706512, 43.796526 ], [ -102.706661, 43.795645 ], [ -102.706466, 43.794722 ], [ -102.70571, 43.793758 ], [ -102.7057, 43.793714 ], [ -102.705666, 43.793602 ], [ -102.705451, 43.792587 ], [ -102.705433, 43.792588 ], [ -102.705329, 43.792557 ], [ -102.706126, 43.791023 ], [ -102.707667, 43.789495 ], [ -102.707732, 43.789467 ], [ -102.708941, 43.789028 ], [ -102.709761, 43.788456 ], [ -102.71036, 43.787885 ], [ -102.7104, 43.787856 ], [ -102.711179, 43.787287 ], [ -102.713697, 43.78472 ], [ -102.714933, 43.783878 ], [ -102.716633, 43.782734 ], [ -102.716674, 43.782712 ], [ -102.718119, 43.781938 ], [ -102.718158, 43.781916 ], [ -102.718884, 43.781492 ], [ -102.719279, 43.781079 ], [ -102.719881, 43.780454 ], [ -102.720808, 43.779691 ], [ -102.721324, 43.779149 ], [ -102.721361, 43.77913 ], [ -102.722215, 43.778683 ], [ -102.72269, 43.778225 ], [ -102.723013, 43.777781 ], [ -102.723037, 43.777752 ], [ -102.723088, 43.77775 ], [ -102.724005, 43.776908 ], [ -102.724038, 43.776887 ], [ -102.725701, 43.775806 ], [ -102.726456, 43.775597 ], [ -102.728472, 43.775498 ], [ -102.729667, 43.775059 ], [ -102.730107, 43.774852 ], [ -102.731008, 43.774778 ], [ -102.731047, 43.774775 ], [ -102.732156, 43.774688 ], [ -102.732755, 43.774276 ], [ -102.733607, 43.773842 ], [ -102.734553, 43.773636 ], [ -102.735342, 43.773474 ], [ -102.737076, 43.772331 ], [ -102.737833, 43.771736 ], [ -102.738305, 43.771096 ], [ -102.738328, 43.771078 ], [ -102.73881, 43.770707 ], [ -102.738904, 43.769746 ], [ -102.738305, 43.768565 ], [ -102.737737, 43.768068 ], [ -102.73772, 43.768053 ], [ -102.737435, 43.767786 ], [ -102.735217, 43.766754 ], [ -102.734105, 43.766412 ], [ -102.734086, 43.766398 ], [ -102.733465, 43.765907 ], [ -102.733156, 43.765395 ], [ -102.73316, 43.765377 ], [ -102.733177, 43.765303 ], [ -102.733282, 43.764717 ], [ -102.733594, 43.764192 ], [ -102.73444, 43.763642 ], [ -102.735883, 43.762885 ], [ -102.736414, 43.762267 ], [ -102.736913, 43.761355 ], [ -102.737883, 43.76044 ], [ -102.739481, 43.759613 ], [ -102.740863, 43.75922 ], [ -102.74306, 43.758847 ], [ -102.744189, 43.758455 ], [ -102.745287, 43.757904 ], [ -102.747542, 43.756413 ], [ -102.748385, 43.755318 ], [ -102.748393, 43.755311 ], [ -102.749203, 43.754482 ], [ -102.750137, 43.753558 ], [ -102.750339, 43.753314 ], [ -102.750769, 43.752893 ], [ -102.750722, 43.752882 ], [ -102.750659, 43.752831 ], [ -102.750921, 43.752769 ], [ -102.751091, 43.752697 ], [ -102.751155, 43.75272 ], [ -102.751365, 43.752643 ], [ -102.75152, 43.752573 ], [ -102.751781, 43.752466 ], [ -102.751993, 43.752273 ], [ -102.75257, 43.751743 ], [ -102.753072, 43.750972 ], [ -102.753655, 43.749985 ], [ -102.753826, 43.749216 ], [ -102.753544, 43.747524 ], [ -102.753671, 43.746678 ], [ -102.753956, 43.746175 ], [ -102.754147, 43.745968 ], [ -102.754668, 43.745188 ], [ -102.755752, 43.744142 ], [ -102.757398, 43.74241 ], [ -102.757636, 43.742321 ], [ -102.757815, 43.742316 ], [ -102.758109, 43.741842 ], [ -102.758593, 43.741137 ], [ -102.759884, 43.740243 ], [ -102.76024, 43.74005 ], [ -102.760564, 43.739943 ], [ -102.760944, 43.739826 ], [ -102.762163, 43.73953 ], [ -102.762884, 43.739493 ], [ -102.764633, 43.739026 ], [ -102.765234, 43.739242 ], [ -102.765771, 43.739391 ], [ -102.766904, 43.739527 ], [ -102.768097, 43.739527 ], [ -102.769223, 43.739301 ], [ -102.769854, 43.738935 ], [ -102.770391, 43.738341 ], [ -102.771053, 43.737724 ], [ -102.771653, 43.737061 ], [ -102.772821, 43.735187 ], [ -102.773168, 43.734501 ], [ -102.773169, 43.733701 ], [ -102.772129, 43.732443 ], [ -102.771814, 43.732032 ], [ -102.771247, 43.731871 ], [ -102.770558, 43.731013 ], [ -102.770498, 43.730892 ], [ -102.770417, 43.730037 ], [ -102.770303, 43.729951 ], [ -102.770654, 43.729185 ], [ -102.771185, 43.728418 ], [ -102.771314, 43.728356 ], [ -102.771843, 43.72801 ], [ -102.773028, 43.727154 ], [ -102.774167, 43.727035 ], [ -102.776926, 43.726946 ], [ -102.77724, 43.726846 ], [ -102.777781, 43.725545 ], [ -102.778487, 43.724516 ], [ -102.778794, 43.724072 ], [ -102.778843, 43.723449 ], [ -102.778545, 43.722905 ], [ -102.778056, 43.722387 ], [ -102.777811, 43.721381 ], [ -102.778074, 43.720911 ], [ -102.778474, 43.72051 ], [ -102.77866, 43.720442 ], [ -102.778782, 43.720363 ], [ -102.780237, 43.720104 ], [ -102.780879, 43.720121 ], [ -102.782734, 43.72073 ], [ -102.783328, 43.721167 ], [ -102.783566, 43.721472 ], [ -102.783848, 43.721773 ], [ -102.784913, 43.722268 ], [ -102.786088, 43.722273 ], [ -102.78712, 43.722227 ], [ -102.788363, 43.722143 ], [ -102.789295, 43.722021 ], [ -102.79061, 43.721779 ], [ -102.791407, 43.721843 ], [ -102.791914, 43.72142 ], [ -102.791933, 43.721339 ], [ -102.792078, 43.720913 ], [ -102.792372, 43.720625 ], [ -102.792759, 43.72016 ], [ -102.792957, 43.719686 ], [ -102.792987, 43.719274 ], [ -102.792906, 43.71887 ], [ -102.792532, 43.718449 ], [ -102.79266, 43.718298 ], [ -102.792914, 43.717874 ], [ -102.792892, 43.717462 ], [ -102.792818, 43.716538 ], [ -102.794237, 43.714572 ], [ -102.794741, 43.713909 ], [ -102.795183, 43.713292 ], [ -102.79575, 43.712881 ], [ -102.796696, 43.712355 ], [ -102.798272, 43.711692 ], [ -102.800163, 43.711396 ], [ -102.801109, 43.711259 ], [ -102.802212, 43.710961 ], [ -102.803315, 43.71023 ], [ -102.803567, 43.709773 ], [ -102.803567, 43.709361 ], [ -102.803536, 43.708104 ], [ -102.803914, 43.706938 ], [ -102.803883, 43.706481 ], [ -102.803808, 43.706185 ], [ -102.803757, 43.705978 ], [ -102.803481, 43.705681 ], [ -102.803289, 43.705211 ], [ -102.803299, 43.704654 ], [ -102.802973, 43.704255 ], [ -102.80233, 43.703676 ], [ -102.801849, 43.702615 ], [ -102.801859, 43.702066 ], [ -102.801322, 43.701068 ], [ -102.801241, 43.700823 ], [ -102.801076, 43.700235 ], [ -102.801091, 43.699996 ], [ -102.801083, 43.699834 ], [ -102.800896, 43.699555 ], [ -102.800882, 43.699121 ], [ -102.800957, 43.698766 ], [ -102.801148, 43.698571 ], [ -102.801669, 43.698044 ], [ -102.802843, 43.697701 ], [ -102.804052, 43.697469 ], [ -102.804863, 43.697496 ], [ -102.805226, 43.697534 ], [ -102.805697, 43.697583 ], [ -102.806572, 43.697648 ], [ -102.808037, 43.697492 ], [ -102.809035, 43.697453 ], [ -102.80926, 43.697493 ], [ -102.809511, 43.697538 ], [ -102.8105, 43.69741 ], [ -102.81127, 43.697119 ], [ -102.811976, 43.69673 ], [ -102.812618, 43.696106 ], [ -102.813085, 43.69603 ], [ -102.813507, 43.695372 ], [ -102.814063, 43.694635 ], [ -102.814068, 43.69432 ], [ -102.814032, 43.694182 ], [ -102.814255, 43.69361 ], [ -102.814347, 43.693493 ], [ -102.815486, 43.692244 ], [ -102.81688, 43.691207 ], [ -102.817265, 43.690298 ], [ -102.817114, 43.689658 ], [ -102.816647, 43.689221 ], [ -102.815955, 43.688873 ], [ -102.814446, 43.688633 ], [ -102.811677, 43.688453 ], [ -102.810419, 43.688132 ], [ -102.810104, 43.688015 ], [ -102.809975, 43.687932 ], [ -102.809425, 43.687578 ], [ -102.809398, 43.68756 ], [ -102.809218, 43.687444 ], [ -102.808803, 43.687061 ], [ -102.808706, 43.686971 ], [ -102.808471, 43.686704 ], [ -102.808331, 43.686545 ], [ -102.808119, 43.686059 ], [ -102.808087, 43.685846 ], [ -102.808064, 43.685689 ], [ -102.808242, 43.685427 ], [ -102.808719, 43.68472 ], [ -102.808986, 43.684338 ], [ -102.809031, 43.68374 ], [ -102.809048, 43.683266 ], [ -102.809053, 43.683142 ], [ -102.80928, 43.682561 ], [ -102.809401, 43.682464 ], [ -102.809443, 43.682431 ], [ -102.810031, 43.681961 ], [ -102.810156, 43.681862 ], [ -102.810705, 43.681287 ], [ -102.811391, 43.680733 ], [ -102.811721, 43.68047 ], [ -102.81209, 43.680179 ], [ -102.81218, 43.679911 ], [ -102.812244, 43.679719 ], [ -102.812576, 43.679441 ], [ -102.812615, 43.679404 ], [ -102.812838, 43.679194 ], [ -102.812831, 43.678726 ], [ -102.813178, 43.678053 ], [ -102.813514, 43.677636 ], [ -102.813947, 43.6771 ], [ -102.814132, 43.67684 ], [ -102.814383, 43.676491 ], [ -102.814648, 43.676163 ], [ -102.814697, 43.676072 ], [ -102.814851, 43.675793 ], [ -102.814993, 43.675535 ], [ -102.815346, 43.675276 ], [ -102.815523, 43.674876 ], [ -102.815647, 43.674598 ], [ -102.816099, 43.673521 ], [ -102.816294, 43.672273 ], [ -102.816106, 43.671752 ], [ -102.815932, 43.671616 ], [ -102.815346, 43.671157 ], [ -102.814993, 43.67092 ], [ -102.814865, 43.670834 ], [ -102.814629, 43.670675 ], [ -102.81446, 43.670622 ], [ -102.814314, 43.670576 ], [ -102.814188, 43.670265 ], [ -102.814173, 43.670243 ], [ -102.814017, 43.670009 ], [ -102.813992, 43.669972 ], [ -102.813831, 43.669729 ], [ -102.813575, 43.66917 ], [ -102.813513, 43.668281 ], [ -102.813543, 43.668199 ], [ -102.813699, 43.667791 ], [ -102.813726, 43.667692 ], [ -102.813752, 43.667592 ], [ -102.813918, 43.667492 ], [ -102.814433, 43.667218 ], [ -102.815438, 43.666908 ], [ -102.815548, 43.666875 ], [ -102.818707, 43.665917 ], [ -102.820367, 43.665414 ], [ -102.820699, 43.665347 ], [ -102.822172, 43.665052 ], [ -102.822475, 43.664928 ], [ -102.822797, 43.664795 ], [ -102.823104, 43.664669 ], [ -102.823688, 43.66441 ], [ -102.823743, 43.664358 ], [ -102.823997, 43.664119 ], [ -102.824139, 43.663666 ], [ -102.824153, 43.663622 ], [ -102.824472, 43.663043 ], [ -102.824699, 43.662498 ], [ -102.824705, 43.662466 ], [ -102.824723, 43.662375 ], [ -102.824815, 43.66191 ], [ -102.824999, 43.660978 ], [ -102.82512, 43.660372 ], [ -102.825636, 43.659463 ], [ -102.826043, 43.658989 ], [ -102.826441, 43.658595 ], [ -102.826757, 43.658283 ], [ -102.827147, 43.657961 ], [ -102.827408, 43.657746 ], [ -102.827667, 43.657567 ], [ -102.827856, 43.657439 ], [ -102.828808, 43.657138 ], [ -102.829528, 43.657006 ], [ -102.829548, 43.657003 ], [ -102.830177, 43.656925 ], [ -102.830586, 43.656874 ], [ -102.831228, 43.6569 ], [ -102.831869, 43.65698 ], [ -102.832459, 43.657158 ], [ -102.832974, 43.657536 ], [ -102.833268, 43.657659 ], [ -102.833451, 43.657722 ], [ -102.833466, 43.657727 ], [ -102.833881, 43.657869 ], [ -102.834034, 43.657955 ], [ -102.834488, 43.658213 ], [ -102.834777, 43.658485 ], [ -102.835171, 43.65901 ], [ -102.835529, 43.659287 ], [ -102.835978, 43.659561 ], [ -102.836999, 43.660228 ], [ -102.837174, 43.660466 ], [ -102.837487, 43.660706 ], [ -102.837801, 43.660928 ], [ -102.838341, 43.661253 ], [ -102.838833, 43.661614 ], [ -102.839477, 43.662229 ], [ -102.839596, 43.662365 ], [ -102.839653, 43.66243 ], [ -102.840014, 43.662604 ], [ -102.840667, 43.662999 ], [ -102.8416, 43.663219 ], [ -102.842026, 43.663421 ], [ -102.842955, 43.663862 ], [ -102.84404, 43.664346 ], [ -102.845018, 43.664634 ], [ -102.84524, 43.664749 ], [ -102.845753, 43.665014 ], [ -102.845886, 43.665083 ], [ -102.846772, 43.665352 ], [ -102.847277, 43.665375 ], [ -102.847431, 43.665356 ], [ -102.847761, 43.665316 ], [ -102.847996, 43.665241 ], [ -102.848295, 43.665146 ], [ -102.848862, 43.66409 ], [ -102.848662, 43.663134 ], [ -102.848473, 43.66223 ], [ -102.84841, 43.661929 ], [ -102.848403, 43.661497 ], [ -102.848631, 43.660885 ], [ -102.848938, 43.660022 ], [ -102.85018, 43.659311 ], [ -102.851953, 43.658543 ], [ -102.852466, 43.658337 ], [ -102.853252, 43.658216 ], [ -102.85377, 43.658217 ], [ -102.854009, 43.658217 ], [ -102.855033, 43.658209 ], [ -102.855261, 43.658205 ], [ -102.856178, 43.658258 ], [ -102.856464, 43.658288 ], [ -102.85675, 43.658318 ], [ -102.857759, 43.658369 ], [ -102.859129, 43.658579 ], [ -102.859378, 43.658683 ], [ -102.859837, 43.658664 ], [ -102.859885, 43.658661 ], [ -102.8605, 43.658803 ], [ -102.860666, 43.658893 ], [ -102.862054, 43.659651 ], [ -102.862498, 43.660576 ], [ -102.862717, 43.661032 ], [ -102.862732, 43.661395 ], [ -102.862741, 43.661631 ], [ -102.862705, 43.662013 ], [ -102.862732, 43.66222 ], [ -102.862759, 43.662415 ], [ -102.863096, 43.662655 ], [ -102.863041, 43.663222 ], [ -102.862898, 43.66402 ], [ -102.862728, 43.664488 ], [ -102.862447, 43.665268 ], [ -102.862363, 43.665509 ], [ -102.862332, 43.66558 ], [ -102.861939, 43.6665 ], [ -102.861911, 43.666568 ], [ -102.861909, 43.666828 ], [ -102.861904, 43.667284 ], [ -102.861903, 43.66745 ], [ -102.862169, 43.667725 ], [ -102.862495, 43.668245 ], [ -102.862663, 43.668367 ], [ -102.86292, 43.668554 ], [ -102.863039, 43.668628 ], [ -102.863269, 43.668773 ], [ -102.863415, 43.668865 ], [ -102.863938, 43.669005 ], [ -102.864038, 43.66903 ], [ -102.864302, 43.669098 ], [ -102.864784, 43.669107 ], [ -102.865591, 43.669036 ], [ -102.865605, 43.669034 ], [ -102.86656, 43.668906 ], [ -102.86682, 43.66886 ], [ -102.866999, 43.668828 ], [ -102.868232, 43.668401 ], [ -102.869292, 43.667826 ], [ -102.869356, 43.667792 ], [ -102.870499, 43.667325 ], [ -102.870568, 43.667297 ], [ -102.870649, 43.667275 ], [ -102.870926, 43.6672 ], [ -102.871727, 43.666985 ], [ -102.872052, 43.667007 ], [ -102.872234, 43.66702 ], [ -102.872679, 43.667052 ], [ -102.873214, 43.667221 ], [ -102.873632, 43.667354 ], [ -102.873973, 43.667477 ], [ -102.874339, 43.667502 ], [ -102.874792, 43.667677 ], [ -102.874818, 43.667691 ], [ -102.875176, 43.667882 ], [ -102.875321, 43.667941 ], [ -102.875349, 43.667952 ], [ -102.875435, 43.667988 ], [ -102.875464, 43.668 ], [ -102.875774, 43.668098 ], [ -102.875844, 43.66812 ], [ -102.876644, 43.668495 ], [ -102.87666, 43.668508 ], [ -102.876852, 43.668665 ], [ -102.876927, 43.668686 ], [ -102.877521, 43.668847 ], [ -102.877756, 43.668912 ], [ -102.87856, 43.669206 ], [ -102.879206, 43.669582 ], [ -102.879738, 43.669893 ], [ -102.880433, 43.670298 ], [ -102.881041, 43.670485 ], [ -102.881342, 43.670633 ], [ -102.881784, 43.67085 ], [ -102.882338, 43.670924 ], [ -102.883262, 43.671031 ], [ -102.884187, 43.671093 ], [ -102.884561, 43.671023 ], [ -102.884904, 43.671021 ], [ -102.885245, 43.671036 ], [ -102.885428, 43.671116 ], [ -102.886126, 43.671156 ], [ -102.88658, 43.671208 ], [ -102.886772, 43.671231 ], [ -102.887054, 43.671339 ], [ -102.887362, 43.671503 ], [ -102.887544, 43.671628 ], [ -102.887727, 43.671694 ], [ -102.888012, 43.671681 ], [ -102.888242, 43.671654 ], [ -102.888418, 43.6717 ], [ -102.888789, 43.671799 ], [ -102.888906, 43.671833 ], [ -102.888947, 43.671846 ], [ -102.889122, 43.671903 ], [ -102.889273, 43.671952 ], [ -102.889317, 43.671954 ], [ -102.889601, 43.671967 ], [ -102.889928, 43.671973 ], [ -102.890132, 43.671977 ], [ -102.890546, 43.671984 ], [ -102.890599, 43.671986 ], [ -102.891081, 43.672067 ], [ -102.891763, 43.672174 ], [ -102.892154, 43.672343 ], [ -102.892455, 43.672472 ], [ -102.892514, 43.672498 ], [ -102.893412, 43.672697 ], [ -102.893733, 43.672768 ], [ -102.89382, 43.672783 ], [ -102.894082, 43.67283 ], [ -102.89417, 43.672846 ], [ -102.894525, 43.672908 ], [ -102.894584, 43.672919 ], [ -102.895278, 43.673067 ], [ -102.895589, 43.673121 ], [ -102.895732, 43.673147 ], [ -102.895947, 43.673172 ], [ -102.896385, 43.673222 ], [ -102.896499, 43.673234 ], [ -102.89692, 43.67343 ], [ -102.897441, 43.673647 ], [ -102.89897, 43.673965 ], [ -102.899006, 43.673973 ], [ -102.900165, 43.674318 ], [ -102.900716, 43.674464 ], [ -102.901292, 43.674623 ], [ -102.901394, 43.674652 ], [ -102.901891, 43.674742 ], [ -102.9025, 43.674888 ], [ -102.903098, 43.674908 ], [ -102.903678, 43.674869 ], [ -102.904445, 43.674757 ], [ -102.90551, 43.674727 ], [ -102.906808, 43.674728 ], [ -102.907897, 43.674595 ], [ -102.908268, 43.67456 ], [ -102.908943, 43.674497 ], [ -102.910115, 43.674222 ], [ -102.910913, 43.673849 ], [ -102.911085, 43.673505 ], [ -102.911143, 43.67339 ], [ -102.911134, 43.673165 ], [ -102.911121, 43.672777 ], [ -102.910784, 43.672197 ], [ -102.910677, 43.672013 ], [ -102.910586, 43.671907 ], [ -102.910437, 43.671734 ], [ -102.909993, 43.671215 ], [ -102.909845, 43.671043 ], [ -102.909822, 43.671017 ], [ -102.909772, 43.670961 ], [ -102.909053, 43.66988 ], [ -102.908697, 43.66923 ], [ -102.908584, 43.668649 ], [ -102.908504, 43.668236 ], [ -102.90828, 43.667701 ], [ -102.908576, 43.666981 ], [ -102.908604, 43.666685 ], [ -102.908645, 43.666235 ], [ -102.909127, 43.66551 ], [ -102.909356, 43.665078 ], [ -102.909952, 43.664522 ], [ -102.910502, 43.663919 ], [ -102.911115, 43.663525 ], [ -102.91155, 43.663317 ], [ -102.911795, 43.663259 ], [ -102.913032, 43.663249 ], [ -102.913558, 43.663246 ], [ -102.914678, 43.663221 ], [ -102.915266, 43.663146 ], [ -102.915762, 43.663069 ], [ -102.916021, 43.663029 ], [ -102.916334, 43.662981 ], [ -102.916751, 43.662894 ], [ -102.91679, 43.662872 ], [ -102.917021, 43.662746 ], [ -102.917392, 43.662542 ], [ -102.917609, 43.662424 ], [ -102.918062, 43.662142 ], [ -102.918478, 43.661883 ], [ -102.918838, 43.66166 ], [ -102.91915, 43.661466 ], [ -102.919549, 43.661217 ], [ -102.91958, 43.66115 ], [ -102.919872, 43.660529 ], [ -102.919692, 43.659963 ], [ -102.919041, 43.658988 ], [ -102.918896, 43.658745 ], [ -102.918877, 43.658713 ], [ -102.918794, 43.658574 ], [ -102.918718, 43.658446 ], [ -102.918486, 43.657933 ], [ -102.918401, 43.65777 ], [ -102.918316, 43.657606 ], [ -102.918304, 43.657572 ], [ -102.918158, 43.657153 ], [ -102.918115, 43.656963 ], [ -102.918096, 43.656783 ], [ -102.91809, 43.656603 ], [ -102.918121, 43.656423 ], [ -102.918131, 43.656394 ], [ -102.918189, 43.656235 ], [ -102.918259, 43.656011 ], [ -102.918351, 43.655851 ], [ -102.91852, 43.655647 ], [ -102.918715, 43.655389 ], [ -102.918822, 43.65526 ], [ -102.918961, 43.655097 ], [ -102.919089, 43.654955 ], [ -102.919229, 43.654876 ], [ -102.919356, 43.654789 ], [ -102.919494, 43.654737 ], [ -102.919682, 43.654687 ], [ -102.919845, 43.654627 ], [ -102.919996, 43.654566 ], [ -102.920172, 43.654488 ], [ -102.920513, 43.654306 ], [ -102.920779, 43.654139 ], [ -102.920931, 43.654052 ], [ -102.921071, 43.653965 ], [ -102.921211, 43.653838 ], [ -102.921237, 43.653815 ], [ -102.921285, 43.653786 ], [ -102.92163, 43.65359 ], [ -102.922024, 43.653366 ], [ -102.922691, 43.652873 ], [ -102.923164, 43.652344 ], [ -102.923596, 43.651863 ], [ -102.924192, 43.650681 ], [ -102.924315, 43.64963 ], [ -102.924135, 43.649046 ], [ -102.923552, 43.648258 ], [ -102.922969, 43.647471 ], [ -102.922701, 43.64698 ], [ -102.922576, 43.646838 ], [ -102.92245, 43.646696 ], [ -102.922336, 43.646505 ], [ -102.922309, 43.64646 ], [ -102.922217, 43.646269 ], [ -102.922146, 43.64616 ], [ -102.92205, 43.646059 ], [ -102.921905, 43.645957 ], [ -102.921711, 43.645837 ], [ -102.921579, 43.645699 ], [ -102.921448, 43.645544 ], [ -102.921377, 43.64544 ], [ -102.921342, 43.645389 ], [ -102.921273, 43.645243 ], [ -102.921228, 43.64513 ], [ -102.921216, 43.645098 ], [ -102.92103, 43.644735 ], [ -102.92095, 43.644598 ], [ -102.920866, 43.644453 ], [ -102.920809, 43.644299 ], [ -102.920755, 43.644081 ], [ -102.920741, 43.643956 ], [ -102.920736, 43.643901 ], [ -102.920721, 43.643622 ], [ -102.920727, 43.643442 ], [ -102.920768, 43.643325 ], [ -102.920843, 43.642967 ], [ -102.920943, 43.64259 ], [ -102.921012, 43.642393 ], [ -102.921091, 43.64226 ], [ -102.921184, 43.642063 ], [ -102.921214, 43.642003 ], [ -102.921437, 43.641564 ], [ -102.921487, 43.641382 ], [ -102.921578, 43.641053 ], [ -102.921701, 43.640731 ], [ -102.921845, 43.640527 ], [ -102.921999, 43.640358 ], [ -102.922211, 43.639984 ], [ -102.922265, 43.639841 ], [ -102.922351, 43.639781 ], [ -102.922619, 43.63964 ], [ -102.923905, 43.639011 ], [ -102.924057, 43.638937 ], [ -102.92422, 43.638886 ], [ -102.924532, 43.638802 ], [ -102.924844, 43.638744 ], [ -102.925044, 43.638721 ], [ -102.925343, 43.638654 ], [ -102.925506, 43.638612 ], [ -102.925907, 43.638494 ], [ -102.926184, 43.638373 ], [ -102.926335, 43.638312 ], [ -102.926726, 43.638094 ], [ -102.926967, 43.637946 ], [ -102.927092, 43.637912 ], [ -102.927241, 43.637897 ], [ -102.927416, 43.637855 ], [ -102.927507, 43.637828 ], [ -102.927592, 43.637804 ], [ -102.927705, 43.637752 ], [ -102.927818, 43.637709 ], [ -102.927933, 43.63763 ], [ -102.928124, 43.63748 ], [ -102.928239, 43.637383 ], [ -102.928682, 43.637166 ], [ -102.929125, 43.63695 ], [ -102.929736, 43.636471 ], [ -102.929805, 43.636417 ], [ -102.929964, 43.635933 ], [ -102.930016, 43.635834 ], [ -102.93036, 43.635193 ], [ -102.930758, 43.634404 ], [ -102.931196, 43.633273 ], [ -102.931281, 43.633135 ], [ -102.931525, 43.632635 ], [ -102.931814, 43.632104 ], [ -102.932027, 43.631878 ], [ -102.932376, 43.631511 ], [ -102.932484, 43.631297 ], [ -102.932725, 43.630919 ], [ -102.932712, 43.630628 ], [ -102.932701, 43.630378 ], [ -102.932619, 43.62985 ], [ -102.932483, 43.629493 ], [ -102.932449, 43.629401 ], [ -102.932118, 43.629084 ], [ -102.931464, 43.628627 ], [ -102.931277, 43.628491 ], [ -102.930948, 43.628253 ], [ -102.930784, 43.628056 ], [ -102.930423, 43.62778 ], [ -102.929628, 43.627815 ], [ -102.929494, 43.627821 ], [ -102.928965, 43.627866 ], [ -102.928486, 43.627721 ], [ -102.928316, 43.627669 ], [ -102.92789, 43.62741 ], [ -102.927206, 43.626878 ], [ -102.927154, 43.626838 ], [ -102.926942, 43.626348 ], [ -102.926864, 43.626139 ], [ -102.92696, 43.62584 ], [ -102.927038, 43.625634 ], [ -102.927253, 43.625278 ], [ -102.927426, 43.624988 ], [ -102.927896, 43.624677 ], [ -102.92856, 43.62436 ], [ -102.928982, 43.623706 ], [ -102.929116, 43.623515 ], [ -102.929233, 43.623349 ], [ -102.929249, 43.623328 ], [ -102.929738, 43.622824 ], [ -102.930297, 43.622398 ], [ -102.930359, 43.622307 ], [ -102.930412, 43.622229 ], [ -102.93064, 43.621931 ], [ -102.930903, 43.62167 ], [ -102.931018, 43.621501 ], [ -102.931076, 43.621358 ], [ -102.931097, 43.621304 ], [ -102.931053, 43.621016 ], [ -102.931153, 43.620725 ], [ -102.93121, 43.620516 ], [ -102.931236, 43.620425 ], [ -102.931429, 43.620086 ], [ -102.931781, 43.619354 ], [ -102.93221, 43.619033 ], [ -102.932409, 43.618852 ], [ -102.932566, 43.618706 ], [ -102.93318, 43.618492 ], [ -102.933241, 43.618472 ], [ -102.934678, 43.617993 ], [ -102.935025, 43.617909 ], [ -102.935871, 43.617596 ], [ -102.936666, 43.617173 ], [ -102.937471, 43.617003 ], [ -102.937733, 43.617017 ], [ -102.938125, 43.617039 ], [ -102.938214, 43.617044 ], [ -102.939148, 43.617047 ], [ -102.939675, 43.617016 ], [ -102.940277, 43.616959 ], [ -102.940898, 43.616826 ], [ -102.941535, 43.616788 ], [ -102.942564, 43.61691 ], [ -102.94271, 43.616927 ], [ -102.943048, 43.617131 ], [ -102.94366, 43.617286 ], [ -102.944005, 43.617279 ], [ -102.944384, 43.617326 ], [ -102.94471, 43.617359 ], [ -102.946082, 43.617302 ], [ -102.946703, 43.61721 ], [ -102.947527, 43.616986 ], [ -102.947948, 43.616877 ], [ -102.948389, 43.616727 ], [ -102.948831, 43.616523 ], [ -102.949145, 43.616394 ], [ -102.94953, 43.616284 ], [ -102.950334, 43.616114 ], [ -102.950591, 43.616015 ], [ -102.951121, 43.615903 ], [ -102.951468, 43.615868 ], [ -102.951643, 43.615781 ], [ -102.951815, 43.615519 ], [ -102.952061, 43.615235 ], [ -102.952265, 43.615117 ], [ -102.952423, 43.615073 ], [ -102.952613, 43.61502 ], [ -102.953089, 43.614871 ], [ -102.953773, 43.614514 ], [ -102.95431, 43.614222 ], [ -102.954532, 43.614077 ], [ -102.955445, 43.613923 ], [ -102.955562, 43.613916 ], [ -102.955814, 43.6139 ], [ -102.956245, 43.613874 ], [ -102.956561, 43.613797 ], [ -102.956679, 43.613769 ], [ -102.956808, 43.613742 ], [ -102.95719, 43.613661 ], [ -102.957348, 43.613641 ], [ -102.958039, 43.613559 ], [ -102.958292, 43.613532 ], [ -102.958788, 43.61355 ], [ -102.958985, 43.613602 ], [ -102.959175, 43.613652 ], [ -102.959473, 43.613792 ], [ -102.959496, 43.613803 ], [ -102.960153, 43.614115 ], [ -102.960437, 43.614276 ], [ -102.960996, 43.614594 ], [ -102.961546, 43.614842 ], [ -102.961848, 43.615109 ], [ -102.962022, 43.615373 ], [ -102.962881, 43.615793 ], [ -102.963077, 43.615937 ], [ -102.963576, 43.616305 ], [ -102.963979, 43.616472 ], [ -102.964262, 43.61659 ], [ -102.964279, 43.616597 ], [ -102.964524, 43.616705 ], [ -102.965125, 43.616911 ], [ -102.965201, 43.616938 ], [ -102.965425, 43.616973 ], [ -102.965854, 43.617039 ], [ -102.966077, 43.617025 ], [ -102.966359, 43.617008 ], [ -102.967107, 43.616805 ], [ -102.967663, 43.61659 ], [ -102.967982, 43.61656 ], [ -102.968119, 43.616548 ], [ -102.96863, 43.616652 ], [ -102.969058, 43.616739 ], [ -102.969403, 43.61681 ], [ -102.969996, 43.617041 ], [ -102.970312, 43.617108 ], [ -102.97074, 43.6172 ], [ -102.970985, 43.617252 ], [ -102.971474, 43.617444 ], [ -102.971813, 43.617577 ], [ -102.972191, 43.617746 ], [ -102.972803, 43.618041 ], [ -102.972879, 43.618182 ], [ -102.973379, 43.618294 ], [ -102.973561, 43.618374 ], [ -102.973909, 43.618528 ], [ -102.974284, 43.618657 ], [ -102.974475, 43.618723 ], [ -102.974691, 43.618763 ], [ -102.974991, 43.618773 ], [ -102.975449, 43.61874 ], [ -102.975657, 43.618726 ], [ -102.976124, 43.618676 ], [ -102.976785, 43.618525 ], [ -102.97763, 43.618149 ], [ -102.978534, 43.617656 ], [ -102.978687, 43.617478 ], [ -102.979148, 43.616946 ], [ -102.979151, 43.616469 ], [ -102.979151, 43.616438 ], [ -102.979078, 43.616284 ], [ -102.978832, 43.615761 ], [ -102.978822, 43.615738 ], [ -102.978746, 43.615553 ], [ -102.978644, 43.615308 ], [ -102.978654, 43.615199 ], [ -102.978715, 43.614553 ], [ -102.978674, 43.614082 ], [ -102.978655, 43.613863 ], [ -102.978669, 43.61371 ], [ -102.978671, 43.613686 ], [ -102.978687, 43.613508 ], [ -102.978828, 43.613263 ], [ -102.979132, 43.612962 ], [ -102.979594, 43.612623 ], [ -102.980153, 43.612197 ], [ -102.980632, 43.611971 ], [ -102.980863, 43.611862 ], [ -102.981235, 43.611626 ], [ -102.981359, 43.611475 ], [ -102.98147, 43.611288 ], [ -102.982015, 43.611059 ], [ -102.982358, 43.610935 ], [ -102.98345, 43.610542 ], [ -102.983993, 43.610347 ], [ -102.984291, 43.610194 ], [ -102.984854, 43.610078 ], [ -102.985491, 43.610166 ], [ -102.985607, 43.610244 ], [ -102.985636, 43.610263 ], [ -102.986599, 43.610906 ], [ -102.987695, 43.611339 ], [ -102.987802, 43.611387 ], [ -102.988208, 43.611573 ], [ -102.988573, 43.611643 ], [ -102.988882, 43.611702 ], [ -102.989215, 43.611771 ], [ -102.989326, 43.611776 ], [ -102.989508, 43.611785 ], [ -102.990511, 43.611677 ], [ -102.991594, 43.61144 ], [ -102.99181, 43.611394 ], [ -102.992306, 43.611166 ], [ -102.992747, 43.610964 ], [ -102.993115, 43.61079 ], [ -102.993251, 43.610726 ], [ -102.993389, 43.610575 ], [ -102.993516, 43.61042 ], [ -102.993661, 43.610251 ], [ -102.993896, 43.609719 ], [ -102.99392, 43.609211 ], [ -102.9941, 43.608854 ], [ -102.994228, 43.608568 ], [ -102.994304, 43.608509 ], [ -102.994651, 43.608247 ], [ -102.994997, 43.607948 ], [ -102.995196, 43.607775 ], [ -102.995223, 43.607753 ], [ -102.995854, 43.607333 ], [ -102.996074, 43.607187 ], [ -102.996547, 43.607183 ], [ -102.996807, 43.607182 ], [ -102.997225, 43.607117 ], [ -102.997545, 43.607069 ], [ -102.997955, 43.606999 ], [ -102.998423, 43.606921 ], [ -102.99882, 43.606853 ], [ -102.999045, 43.606816 ], [ -102.999911, 43.606355 ], [ -103.000268, 43.606166 ], [ -103.000292, 43.606153 ], [ -103.000368, 43.606123 ], [ -103.00039, 43.606101 ], [ -103.00047, 43.606066 ], [ -103.000521, 43.606032 ], [ -103.000671, 43.605935 ], [ -103.000926, 43.605847 ], [ -103.001017, 43.605816 ], [ -103.001016, 43.60574 ], [ -103.001019, 43.605665 ], [ -103.001016, 43.604237 ], [ -103.001016, 43.603575 ], [ -103.001016, 43.600805 ], [ -103.001027, 43.600609 ], [ -103.000969, 43.592887 ], [ -103.00097, 43.586415 ], [ -103.00097, 43.586283 ], [ -103.00097, 43.586126 ], [ -103.001011, 43.582512 ], [ -103.00101, 43.579063 ], [ -103.001011, 43.57527 ], [ -103.001011, 43.571643 ], [ -103.001014, 43.56455 ], [ -103.001009, 43.556522 ], [ -103.001005, 43.553503 ], [ -103.001005, 43.552893 ], [ -103.001001, 43.550016 ], [ -103.001001, 43.549875 ], [ -103.001001, 43.549265 ], [ -103.000995, 43.546257 ], [ -103.000994, 43.545647 ], [ -103.000988, 43.542639 ], [ -103.000988, 43.54203 ], [ -103.000982, 43.539021 ], [ -103.000981, 43.538413 ], [ -103.000976, 43.535478 ], [ -103.000975, 43.535403 ], [ -103.000975, 43.534795 ], [ -103.000971, 43.53179 ], [ -103.00097, 43.531175 ], [ -103.000967, 43.528294 ], [ -103.000966, 43.527555 ], [ -103.000965, 43.526599 ], [ -103.000965, 43.526432 ], [ -103.000962, 43.524562 ], [ -103.000961, 43.523935 ], [ -103.000957, 43.520948 ], [ -103.000957, 43.520314 ], [ -103.000955, 43.517332 ], [ -103.000955, 43.516695 ], [ -103.000953, 43.513716 ], [ -103.000953, 43.513076 ], [ -103.000952, 43.51162 ], [ -103.000951, 43.5101 ], [ -103.00095, 43.509457 ], [ -103.000949, 43.50656 ], [ -103.000948, 43.505838 ], [ -103.000948, 43.505506 ], [ -103.000945, 43.502866 ], [ -103.000944, 43.502212 ], [ -103.000942, 43.50134 ], [ -103.00094, 43.499248 ], [ -103.00094, 43.498624 ], [ -103.000936, 43.49563 ], [ -103.000935, 43.49496 ], [ -103.000931, 43.492068 ], [ -103.000931, 43.491334 ], [ -103.000927, 43.488393 ], [ -103.000926, 43.487708 ], [ -103.000922, 43.484775 ], [ -103.000922, 43.484082 ], [ -103.000918, 43.481157 ], [ -103.000917, 43.480435 ], [ -103.000913, 43.477683 ], [ -103.000913, 43.477581 ], [ -103.000913, 43.476848 ], [ -103.002266, 43.476857 ], [ -103.006712, 43.47689 ], [ -103.008034, 43.4769 ], [ -103.008194, 43.4769 ], [ -103.008322, 43.4769 ], [ -103.008681, 43.476901 ], [ -103.008709, 43.476901 ], [ -103.008839, 43.476901 ], [ -103.010972, 43.476907 ], [ -103.017371, 43.476926 ], [ -103.019329, 43.476932 ], [ -103.019504, 43.476933 ], [ -103.024368, 43.476972 ], [ -103.03896, 43.477092 ], [ -103.043611, 43.477131 ], [ -103.043825, 43.47713 ], [ -103.044257, 43.477126 ], [ -103.045554, 43.477117 ], [ -103.045771, 43.477116 ], [ -103.045985, 43.477088 ], [ -103.04605, 43.477079 ], [ -103.04621, 43.477073 ], [ -103.046267, 43.477071 ], [ -103.04633, 43.477068 ], [ -103.046366, 43.477067 ], [ -103.04652, 43.477062 ], [ -103.046584, 43.47706 ], [ -103.046652, 43.477057 ], [ -103.046709, 43.477056 ], [ -103.046859, 43.477056 ], [ -103.046928, 43.477056 ], [ -103.047122, 43.477056 ], [ -103.047275, 43.477056 ], [ -103.047683, 43.477079 ], [ -103.047705, 43.477083 ], [ -103.047835, 43.477109 ], [ -103.047898, 43.477109 ], [ -103.047929, 43.477109 ], [ -103.048023, 43.477109 ], [ -103.048055, 43.477109 ], [ -103.050472, 43.477105 ], [ -103.050855, 43.477105 ], [ -103.051877, 43.477103 ], [ -103.052104, 43.477103 ], [ -103.052255, 43.477102 ], [ -103.052272, 43.477102 ], [ -103.052439, 43.477102 ], [ -103.052635, 43.477092 ], [ -103.052705, 43.477081 ], [ -103.05283, 43.47705 ], [ -103.052855, 43.477058 ], [ -103.052869, 43.477058 ], [ -103.052913, 43.477059 ], [ -103.052928, 43.47706 ], [ -103.053165, 43.477068 ], [ -103.053206, 43.47707 ], [ -103.053485, 43.477079 ], [ -103.053891, 43.477093 ], [ -103.053977, 43.477074 ], [ -103.054112, 43.477045 ], [ -103.054166, 43.477036 ], [ -103.054331, 43.477036 ], [ -103.054387, 43.477036 ], [ -103.056402, 43.477032 ], [ -103.060618, 43.477026 ], [ -103.06245, 43.477022 ], [ -103.064219, 43.47702 ], [ -103.064466, 43.47702 ], [ -103.067798, 43.477014 ], [ -103.077796, 43.476997 ], [ -103.080856, 43.476993 ], [ -103.081023, 43.476993 ], [ -103.081129, 43.476993 ], [ -103.08115, 43.476993 ], [ -103.081214, 43.476993 ], [ -103.081236, 43.476993 ], [ -103.081377, 43.476992 ], [ -103.081668, 43.476992 ], [ -103.081801, 43.476992 ], [ -103.081943, 43.476992 ], [ -103.084451, 43.476994 ], [ -103.091977, 43.477003 ], [ -103.093753, 43.477006 ], [ -103.094191, 43.477007 ], [ -103.094486, 43.477005 ], [ -103.096272, 43.476994 ], [ -103.101632, 43.476964 ], [ -103.103214, 43.476956 ], [ -103.103253, 43.476956 ], [ -103.103419, 43.476957 ], [ -103.103594, 43.476958 ], [ -103.103769, 43.476959 ], [ -103.105787, 43.476972 ], [ -103.112893, 43.47702 ], [ -103.114934, 43.477034 ], [ -103.115211, 43.477035 ], [ -103.115262, 43.477034 ], [ -103.115437, 43.47703 ], [ -103.115813, 43.477023 ], [ -103.115965, 43.477021 ], [ -103.116142, 43.477019 ], [ -103.116618, 43.477012 ], [ -103.118047, 43.476992 ], [ -103.118408, 43.476988 ], [ -103.118524, 43.476986 ], [ -103.119037, 43.476978 ], [ -103.120577, 43.476956 ], [ -103.120754, 43.476954 ], [ -103.121091, 43.476949 ], [ -103.12162, 43.476941 ], [ -103.123209, 43.476918 ], [ -103.123398, 43.476916 ], [ -103.123739, 43.476919 ], [ -103.124557, 43.476926 ], [ -103.125474, 43.476935 ], [ -103.127011, 43.476946 ], [ -103.127478, 43.47695 ], [ -103.12783, 43.476953 ], [ -103.127922, 43.476953 ], [ -103.127943, 43.476954 ], [ -103.128199, 43.476956 ], [ -103.128292, 43.476957 ], [ -103.128571, 43.476959 ], [ -103.129155, 43.476964 ], [ -103.12941, 43.476963 ], [ -103.12969, 43.476962 ], [ -103.130916, 43.476957 ], [ -103.134597, 43.476943 ], [ -103.135463, 43.47694 ], [ -103.135824, 43.476938 ], [ -103.138369, 43.47692 ], [ -103.144545, 43.476878 ], [ -103.146004, 43.476864 ], [ -103.148174, 43.476845 ], [ -103.148287, 43.476844 ], [ -103.148444, 43.476887 ], [ -103.148544, 43.476885 ], [ -103.148566, 43.476884 ], [ -103.148632, 43.47689 ], [ -103.148658, 43.476883 ], [ -103.148691, 43.476882 ], [ -103.148792, 43.476881 ], [ -103.148826, 43.476881 ], [ -103.149032, 43.476877 ], [ -103.149651, 43.476867 ], [ -103.149858, 43.476864 ], [ -103.149891, 43.476863 ], [ -103.149909, 43.476863 ], [ -103.150064, 43.476865 ], [ -103.150116, 43.476866 ], [ -103.150265, 43.476868 ], [ -103.150558, 43.476877 ], [ -103.151884, 43.476922 ], [ -103.152327, 43.476937 ], [ -103.152402, 43.47694 ], [ -103.152468, 43.477012 ], [ -103.152568, 43.477002 ], [ -103.15262, 43.476999 ], [ -103.152757, 43.476992 ], [ -103.152969, 43.476991 ], [ -103.153053, 43.47699 ], [ -103.153192, 43.476991 ], [ -103.153407, 43.476992 ], [ -103.153582, 43.476993 ], [ -103.153623, 43.476993 ], [ -103.153838, 43.476994 ], [ -103.154041, 43.476996 ], [ -103.154178, 43.476996 ], [ -103.15427, 43.476997 ], [ -103.154495, 43.477 ], [ -103.154725, 43.477003 ], [ -103.154954, 43.477005 ], [ -103.155177, 43.477008 ], [ -103.155389, 43.47701 ], [ -103.155589, 43.477012 ], [ -103.155775, 43.477015 ], [ -103.155965, 43.477017 ], [ -103.156172, 43.477019 ], [ -103.156397, 43.477022 ], [ -103.156632, 43.477024 ], [ -103.156867, 43.477027 ], [ -103.157096, 43.47703 ], [ -103.157317, 43.477032 ], [ -103.157528, 43.477035 ], [ -103.157733, 43.477037 ], [ -103.157935, 43.477039 ], [ -103.158138, 43.477042 ], [ -103.158335, 43.477044 ], [ -103.158529, 43.477046 ], [ -103.158603, 43.477047 ], [ -103.158715, 43.477048 ], [ -103.158895, 43.47705 ], [ -103.159003, 43.477052 ], [ -103.159069, 43.477052 ], [ -103.159241, 43.477052 ], [ -103.159411, 43.477053 ], [ -103.159586, 43.477053 ], [ -103.159773, 43.477053 ], [ -103.159972, 43.477054 ], [ -103.160176, 43.477054 ], [ -103.160376, 43.477055 ], [ -103.16057, 43.477055 ], [ -103.160597, 43.477055 ], [ -103.160755, 43.477055 ], [ -103.160928, 43.477056 ], [ -103.16109, 43.477056 ], [ -103.161251, 43.477056 ], [ -103.161419, 43.477057 ], [ -103.161598, 43.477057 ], [ -103.161791, 43.477057 ], [ -103.161993, 43.477058 ], [ -103.162196, 43.477058 ], [ -103.162397, 43.477059 ], [ -103.162598, 43.477059 ], [ -103.1628, 43.477059 ], [ -103.163005, 43.47706 ], [ -103.163215, 43.47706 ], [ -103.163427, 43.477061 ], [ -103.163638, 43.477061 ], [ -103.163849, 43.477062 ], [ -103.164062, 43.477062 ], [ -103.164278, 43.477062 ], [ -103.164503, 43.477063 ], [ -103.164739, 43.477063 ], [ -103.164978, 43.477064 ], [ -103.165214, 43.477064 ], [ -103.165443, 43.477065 ], [ -103.165665, 43.477065 ], [ -103.16588, 43.477066 ], [ -103.166094, 43.477066 ], [ -103.16631, 43.477067 ], [ -103.166528, 43.477067 ], [ -103.166742, 43.477068 ], [ -103.166949, 43.477068 ], [ -103.167147, 43.477069 ], [ -103.167336, 43.477069 ], [ -103.167518, 43.47707 ], [ -103.167703, 43.47707 ], [ -103.167897, 43.477071 ], [ -103.168099, 43.477071 ], [ -103.168299, 43.477072 ], [ -103.168493, 43.477072 ], [ -103.168682, 43.477073 ], [ -103.168876, 43.477073 ], [ -103.169071, 43.477074 ], [ -103.169266, 43.477074 ], [ -103.169457, 43.477075 ], [ -103.16964, 43.477075 ], [ -103.169816, 43.477076 ], [ -103.169989, 43.477076 ], [ -103.170174, 43.477077 ], [ -103.170339, 43.477077 ], [ -103.170519, 43.477078 ], [ -103.170677, 43.477078 ], [ -103.170702, 43.477078 ], [ -103.171217, 43.477079 ], [ -103.173727, 43.47708 ], [ -103.173814, 43.47708 ], [ -103.173943, 43.47708 ], [ -103.174031, 43.47708 ], [ -103.174156, 43.477081 ], [ -103.176999, 43.477094 ], [ -103.177528, 43.477095 ], [ -103.177687, 43.477096 ], [ -103.17784, 43.477096 ], [ -103.177988, 43.477096 ], [ -103.178135, 43.477097 ], [ -103.178279, 43.477097 ], [ -103.17842, 43.477097 ], [ -103.178558, 43.477098 ], [ -103.178691, 43.477098 ], [ -103.178817, 43.477098 ], [ -103.178934, 43.477099 ], [ -103.179037, 43.477099 ], [ -103.179125, 43.477099 ], [ -103.179195, 43.477099 ], [ -103.179245, 43.477099 ], [ -103.179289, 43.477099 ], [ -103.17934, 43.4771 ], [ -103.179423, 43.4771 ], [ -103.179539, 43.4771 ], [ -103.179688, 43.4771 ], [ -103.179865, 43.477101 ], [ -103.180064, 43.477101 ], [ -103.180276, 43.477102 ], [ -103.180499, 43.477102 ], [ -103.180726, 43.477103 ], [ -103.180955, 43.477104 ], [ -103.181184, 43.477104 ], [ -103.181415, 43.477105 ], [ -103.181648, 43.477105 ], [ -103.18188, 43.477106 ], [ -103.182115, 43.477106 ], [ -103.182351, 43.477107 ], [ -103.18259, 43.477108 ], [ -103.182831, 43.477108 ], [ -103.183077, 43.477109 ], [ -103.183323, 43.477109 ], [ -103.183402, 43.47711 ], [ -103.183568, 43.47711 ], [ -103.183812, 43.477111 ], [ -103.184054, 43.477111 ], [ -103.184296, 43.477112 ], [ -103.184534, 43.477112 ], [ -103.18477, 43.477113 ], [ -103.185004, 43.477113 ], [ -103.185236, 43.477114 ], [ -103.185465, 43.477115 ], [ -103.185693, 43.477115 ], [ -103.185917, 43.477116 ], [ -103.186138, 43.477116 ], [ -103.186355, 43.477117 ], [ -103.186569, 43.477117 ], [ -103.186778, 43.477118 ], [ -103.18698, 43.477118 ], [ -103.187176, 43.477119 ], [ -103.187363, 43.477119 ], [ -103.187538, 43.47712 ], [ -103.187703, 43.47712 ], [ -103.187857, 43.47712 ], [ -103.188004, 43.477121 ], [ -103.188143, 43.477121 ], [ -103.188275, 43.477121 ], [ -103.188397, 43.477122 ], [ -103.18851, 43.477122 ], [ -103.188613, 43.477122 ], [ -103.188705, 43.477122 ], [ -103.188787, 43.477122 ], [ -103.188858, 43.477123 ], [ -103.188916, 43.477123 ], [ -103.188963, 43.477123 ], [ -103.189001, 43.477123 ], [ -103.189088, 43.477123 ], [ -103.189107, 43.47712 ], [ -103.189105, 43.477135 ], [ -103.189117, 43.477149 ], [ -103.189261, 43.47715 ], [ -103.19903, 43.477218 ], [ -103.199088, 43.477218 ], [ -103.204922, 43.4772 ], [ -103.206748, 43.477195 ], [ -103.207379, 43.477193 ], [ -103.208156, 43.47719 ], [ -103.209346, 43.477187 ], [ -103.209411, 43.477187 ], [ -103.21238, 43.477175 ], [ -103.21372, 43.47717 ], [ -103.213788, 43.47717 ], [ -103.214613, 43.477174 ], [ -103.217089, 43.477187 ], [ -103.217833, 43.477192 ], [ -103.217915, 43.477192 ], [ -103.218755, 43.477188 ], [ -103.221278, 43.477178 ], [ -103.221371, 43.477178 ], [ -103.222119, 43.477152 ], [ -103.222321, 43.477145 ], [ -103.222928, 43.477124 ], [ -103.222982, 43.477123 ], [ -103.223131, 43.477123 ], [ -103.227437, 43.477114 ], [ -103.240356, 43.477087 ], [ -103.243927, 43.47708 ], [ -103.244319, 43.477097 ], [ -103.244491, 43.477104 ], [ -103.244662, 43.477112 ], [ -103.244799, 43.477118 ], [ -103.244936, 43.477124 ], [ -103.247202, 43.477222 ], [ -103.250475, 43.477364 ], [ -103.254829, 43.477384 ], [ -103.257152, 43.477396 ], [ -103.257373, 43.477397 ], [ -103.264046, 43.47743 ], [ -103.26979, 43.47746 ], [ -103.273695, 43.47748 ], [ -103.27425, 43.477483 ], [ -103.284065, 43.47753 ], [ -103.290653, 43.477563 ], [ -103.290739, 43.477563 ], [ -103.290775, 43.477563 ], [ -103.290886, 43.477563 ], [ -103.290923, 43.477564 ], [ -103.291061, 43.477564 ], [ -103.291474, 43.477567 ], [ -103.291613, 43.477568 ], [ -103.293823, 43.477579 ], [ -103.300456, 43.477613 ], [ -103.302593, 43.477624 ], [ -103.302668, 43.477624 ], [ -103.303949, 43.47763 ], [ -103.307793, 43.47765 ], [ -103.309075, 43.477657 ], [ -103.30951, 43.477659 ], [ -103.310817, 43.477665 ], [ -103.311253, 43.477668 ], [ -103.311409, 43.477669 ], [ -103.312502, 43.477675 ], [ -103.312691, 43.477676 ], [ -103.325061, 43.477766 ], [ -103.339514, 43.477764 ], [ -103.340007, 43.477764 ], [ -103.340632, 43.477779 ], [ -103.341205, 43.477793 ], [ -103.341357, 43.477797 ], [ -103.341795, 43.477808 ], [ -103.341878, 43.47781 ], [ -103.342031, 43.477814 ], [ -103.342216, 43.477819 ], [ -103.342739, 43.477832 ], [ -103.351389, 43.477809 ], [ -103.351838, 43.477808 ], [ -103.352201, 43.477807 ], [ -103.352313, 43.477807 ], [ -103.352408, 43.477807 ], [ -103.352644, 43.477806 ], [ -103.352755, 43.477806 ], [ -103.35283, 43.477765 ], [ -103.354581, 43.477768 ], [ -103.354679, 43.477768 ], [ -103.354973, 43.477768 ], [ -103.355004, 43.477769 ], [ -103.355072, 43.477769 ], [ -103.355381, 43.47777 ], [ -103.355491, 43.477771 ], [ -103.355925, 43.477773 ], [ -103.356311, 43.477773 ], [ -103.356338, 43.477774 ], [ -103.356621, 43.477771 ], [ -103.359265, 43.477747 ], [ -103.367197, 43.477679 ], [ -103.369842, 43.477656 ], [ -103.37015, 43.477653 ], [ -103.371986, 43.477625 ], [ -103.375474, 43.477573 ], [ -103.378421, 43.477589 ], [ -103.380566, 43.477602 ], [ -103.380779, 43.477603 ], [ -103.381913, 43.477609 ], [ -103.38263, 43.477613 ], [ -103.388822, 43.47765 ], [ -103.390887, 43.477663 ], [ -103.392154, 43.47767 ], [ -103.395239, 43.477689 ], [ -103.395955, 43.477694 ], [ -103.397222, 43.477702 ], [ -103.3973, 43.477702 ], [ -103.397952, 43.477705 ], [ -103.399532, 43.477715 ], [ -103.400143, 43.477713 ], [ -103.400874, 43.477711 ], [ -103.404332, 43.477702 ], [ -103.414708, 43.477675 ], [ -103.418076, 43.477667 ], [ -103.418167, 43.477667 ], [ -103.418426, 43.477666 ], [ -103.419205, 43.477663 ], [ -103.419363, 43.477663 ], [ -103.419465, 43.477663 ], [ -103.419564, 43.477662 ], [ -103.419857, 43.477662 ], [ -103.419963, 43.477662 ], [ -103.41998, 43.477662 ], [ -103.420034, 43.477662 ], [ -103.420051, 43.477662 ], [ -103.420069, 43.477661 ], [ -103.420122, 43.477661 ], [ -103.420141, 43.477661 ], [ -103.421241, 43.477649 ], [ -103.424544, 43.477614 ], [ -103.425645, 43.477603 ], [ -103.426598, 43.477601 ], [ -103.429459, 43.477596 ], [ -103.430223, 43.477595 ], [ -103.430413, 43.477585 ], [ -103.430638, 43.477573 ], [ -103.431315, 43.477539 ], [ -103.431343, 43.477538 ], [ -103.431542, 43.477539 ], [ -103.435566, 43.477551 ], [ -103.44162, 43.477569 ], [ -103.447641, 43.477587 ], [ -103.451666, 43.477599 ], [ -103.453216, 43.477603 ], [ -103.453355, 43.477603 ], [ -103.458455, 43.477605 ], [ -103.459715, 43.477606 ], [ -103.460153, 43.477606 ], [ -103.461205, 43.477606 ], [ -103.461295, 43.477606 ], [ -103.46321, 43.477607 ], [ -103.464364, 43.477607 ], [ -103.464999, 43.477608 ], [ -103.465417, 43.477616 ], [ -103.466004, 43.477626 ], [ -103.467768, 43.477659 ], [ -103.467887, 43.477662 ], [ -103.468357, 43.477661 ], [ -103.470475, 43.477657 ], [ -103.476832, 43.477648 ], [ -103.478823, 43.477645 ], [ -103.478951, 43.477645 ], [ -103.479279, 43.477647 ], [ -103.481441, 43.477654 ], [ -103.488912, 43.477679 ], [ -103.490961, 43.477686 ], [ -103.491403, 43.477686 ], [ -103.491443, 43.477686 ], [ -103.491563, 43.477686 ], [ -103.491604, 43.477686 ], [ -103.492392, 43.477674 ], [ -103.494756, 43.477641 ], [ -103.495109, 43.477637 ], [ -103.495545, 43.477627 ], [ -103.497042, 43.477594 ], [ -103.500472, 43.477519 ], [ -103.501534, 43.477515 ], [ -103.503032, 43.47751 ], [ -103.503567, 43.477508 ], [ -103.505926, 43.477495 ], [ -103.514608, 43.477451 ], [ -103.517094, 43.477439 ], [ -103.517503, 43.477434 ], [ -103.51785, 43.47743 ], [ -103.518892, 43.477417 ], [ -103.51924, 43.477414 ], [ -103.52058, 43.477412 ], [ -103.521429, 43.47741 ], [ -103.5246, 43.477406 ], [ -103.525531, 43.477405 ], [ -103.525941, 43.477405 ], [ -103.529547, 43.477399 ], [ -103.538836, 43.477387 ], [ -103.540367, 43.477385 ], [ -103.54285, 43.477382 ], [ -103.543879, 43.477375 ], [ -103.543974, 43.477376 ], [ -103.546957, 43.477423 ], [ -103.555908, 43.477565 ], [ -103.558534, 43.477607 ], [ -103.558892, 43.477611 ], [ -103.562973, 43.477661 ], [ -103.56566, 43.477695 ], [ -103.575218, 43.477661 ], [ -103.575593, 43.47766 ], [ -103.578968, 43.477664 ], [ -103.5793, 43.477665 ], [ -103.579395, 43.477665 ], [ -103.579447, 43.477665 ], [ -103.579683, 43.477665 ], [ -103.579779, 43.477665 ], [ -103.58081, 43.477666 ], [ -103.583904, 43.47767 ], [ -103.584936, 43.477672 ], [ -103.585006, 43.477672 ], [ -103.58591, 43.477673 ], [ -103.588835, 43.477677 ], [ -103.589491, 43.477678 ], [ -103.58981, 43.477678 ], [ -103.591528, 43.47768 ], [ -103.592881, 43.477682 ], [ -103.596682, 43.477687 ], [ -103.598297, 43.47769 ], [ -103.598401, 43.47769 ], [ -103.598605, 43.47769 ], [ -103.599689, 43.477691 ], [ -103.603552, 43.477696 ], [ -103.60454, 43.477698 ], [ -103.604841, 43.477698 ], [ -103.606329, 43.4777 ], [ -103.607475, 43.477702 ], [ -103.610796, 43.477706 ], [ -103.612286, 43.477708 ], [ -103.612671, 43.477708 ], [ -103.613888, 43.477709 ], [ -103.618694, 43.477716 ], [ -103.620296, 43.477719 ], [ -103.620312, 43.477719 ], [ -103.620361, 43.477719 ], [ -103.620378, 43.477719 ], [ -103.620466, 43.477719 ], [ -103.620898, 43.477723 ], [ -103.622004, 43.477734 ], [ -103.625472, 43.477772 ], [ -103.626884, 43.477775 ], [ -103.628234, 43.477779 ], [ -103.628511, 43.47778 ], [ -103.628674, 43.47778 ], [ -103.62906, 43.477781 ], [ -103.629166, 43.477781 ], [ -103.62933, 43.477782 ], [ -103.631044, 43.477786 ], [ -103.636186, 43.4778 ], [ -103.637642, 43.477804 ], [ -103.637901, 43.477809 ], [ -103.638235, 43.477815 ], [ -103.639239, 43.477834 ], [ -103.639574, 43.477841 ], [ -103.640027, 43.477845 ], [ -103.640866, 43.477846 ], [ -103.644745, 43.477853 ], [ -103.645789, 43.477855 ], [ -103.646038, 43.477854 ], [ -103.64742, 43.477848 ], [ -103.651565, 43.477832 ], [ -103.652707, 43.477828 ], [ -103.652948, 43.477829 ], [ -103.653533, 43.477831 ], [ -103.655288, 43.477837 ], [ -103.655873, 43.477839 ], [ -103.65852, 43.477849 ], [ -103.664129, 43.477871 ], [ -103.666463, 43.47788 ], [ -103.66889, 43.47789 ], [ -103.669111, 43.477891 ], [ -103.669546, 43.477892 ], [ -103.670851, 43.477898 ], [ -103.671287, 43.4779 ], [ -103.671393, 43.477899 ], [ -103.671713, 43.477898 ], [ -103.67182, 43.477898 ], [ -103.671847, 43.477898 ], [ -103.67193, 43.477898 ], [ -103.671958, 43.477899 ], [ -103.674321, 43.477909 ], [ -103.681413, 43.477939 ], [ -103.683574, 43.477949 ], [ -103.683777, 43.477948 ], [ -103.684476, 43.477944 ], [ -103.686576, 43.477935 ], [ -103.687089, 43.477933 ], [ -103.687276, 43.477933 ], [ -103.688347, 43.477935 ], [ -103.69156, 43.477942 ], [ -103.692433, 43.477945 ], [ -103.692632, 43.477946 ], [ -103.6928, 43.477946 ], [ -103.693206, 43.477946 ], [ -103.693575, 43.477947 ], [ -103.693798, 43.477948 ], [ -103.698773, 43.477959 ], [ -103.698866, 43.47797 ], [ -103.698952, 43.47797 ], [ -103.699045, 43.47797 ], [ -103.708845, 43.477955 ], [ -103.708988, 43.477955 ], [ -103.714858, 43.477946 ], [ -103.722363, 43.477935 ], [ -103.727418, 43.477927 ], [ -103.732469, 43.477919 ], [ -103.737679, 43.477912 ], [ -103.73834, 43.477911 ], [ -103.738358, 43.477911 ], [ -103.738413, 43.477911 ], [ -103.738432, 43.477911 ], [ -103.739397, 43.47791 ], [ -103.73981, 43.477909 ], [ -103.739851, 43.477908 ], [ -103.744111, 43.477902 ], [ -103.745532, 43.477901 ], [ -103.746587, 43.477914 ], [ -103.749754, 43.477954 ], [ -103.750472, 43.477964 ], [ -103.750747, 43.477961 ], [ -103.75081, 43.47796 ], [ -103.751737, 43.47795 ], [ -103.754519, 43.477921 ], [ -103.755447, 43.477912 ], [ -103.757339, 43.477891 ], [ -103.758777, 43.477876 ], [ -103.768768, 43.477768 ], [ -103.772099, 43.477733 ], [ -103.773151, 43.477728 ], [ -103.77631, 43.477715 ], [ -103.777363, 43.477712 ], [ -103.777825, 43.477716 ], [ -103.779213, 43.477729 ], [ -103.779676, 43.477734 ], [ -103.779758, 43.477709 ], [ -103.779865, 43.477679 ], [ -103.780012, 43.477665 ], [ -103.780098, 43.477658 ], [ -103.780159, 43.477675 ], [ -103.780345, 43.477727 ], [ -103.780407, 43.477745 ], [ -103.781215, 43.477716 ], [ -103.783638, 43.477632 ], [ -103.784447, 43.477604 ], [ -103.784472, 43.477603 ], [ -103.78455, 43.4776 ], [ -103.784576, 43.4776 ], [ -103.784616, 43.477598 ], [ -103.784738, 43.477594 ], [ -103.784779, 43.477593 ], [ -103.784836, 43.477601 ], [ -103.785007, 43.477628 ], [ -103.785065, 43.477637 ], [ -103.786169, 43.477643 ], [ -103.789482, 43.477662 ], [ -103.790587, 43.477669 ], [ -103.790612, 43.477669 ], [ -103.790687, 43.477669 ], [ -103.790712, 43.477669 ], [ -103.790741, 43.477669 ], [ -103.790858, 43.47767 ], [ -103.790895, 43.477671 ], [ -103.790924, 43.477671 ], [ -103.791024, 43.477672 ], [ -103.791413, 43.477676 ], [ -103.791543, 43.477678 ], [ -103.79157, 43.477678 ], [ -103.791878, 43.477679 ], [ -103.792883, 43.477685 ], [ -103.793219, 43.477688 ], [ -103.793439, 43.477689 ], [ -103.797173, 43.477711 ], [ -103.809036, 43.477783 ], [ -103.812991, 43.477808 ], [ -103.81307, 43.477808 ], [ -103.813157, 43.477811 ], [ -103.813656, 43.477833 ], [ -103.813823, 43.477841 ], [ -103.814167, 43.477855 ], [ -103.814222, 43.477855 ], [ -103.81542, 43.477861 ], [ -103.81582, 43.477863 ], [ -103.815836, 43.477863 ], [ -103.815884, 43.477863 ], [ -103.8159, 43.477863 ], [ -103.818354, 43.477874 ], [ -103.825716, 43.47791 ], [ -103.828171, 43.477922 ], [ -103.828241, 43.477922 ], [ -103.828284, 43.477923 ], [ -103.828451, 43.477923 ], [ -103.828522, 43.477924 ], [ -103.829138, 43.477923 ], [ -103.830985, 43.477922 ], [ -103.831602, 43.477922 ], [ -103.831724, 43.477922 ], [ -103.83324, 43.477931 ], [ -103.838154, 43.477961 ], [ -103.839793, 43.477972 ], [ -103.840009, 43.477973 ], [ -103.840661, 43.477976 ], [ -103.840878, 43.477978 ], [ -103.84102, 43.477979 ], [ -103.841605, 43.477982 ], [ -103.843787, 43.477996 ], [ -103.844515, 43.478001 ], [ -103.844665, 43.478002 ], [ -103.84526, 43.478005 ], [ -103.847499, 43.478019 ], [ -103.848245, 43.478024 ], [ -103.848403, 43.478025 ], [ -103.848488, 43.478025 ], [ -103.849217, 43.478029 ], [ -103.849461, 43.478031 ], [ -103.849787, 43.478016 ], [ -103.851841, 43.478046 ], [ -103.858138, 43.478086 ], [ -103.858982, 43.478091 ], [ -103.861363, 43.478107 ], [ -103.86552, 43.478134 ], [ -103.875478, 43.478202 ], [ -103.877993, 43.478229 ], [ -103.882151, 43.478276 ], [ -103.882251, 43.478277 ], [ -103.88303, 43.478285 ], [ -103.885667, 43.478315 ], [ -103.886547, 43.478326 ], [ -103.886638, 43.478327 ], [ -103.889552, 43.478362 ], [ -103.897471, 43.478458 ], [ -103.89857, 43.478471 ], [ -103.901577, 43.478507 ], [ -103.905006, 43.478536 ], [ -103.905726, 43.478543 ], [ -103.915293, 43.478641 ], [ -103.918723, 43.478677 ], [ -103.919876, 43.478688 ], [ -103.923336, 43.478724 ], [ -103.92449, 43.478736 ], [ -103.924518, 43.478736 ], [ -103.926304, 43.478754 ], [ -103.931747, 43.478811 ], [ -103.933562, 43.47883 ], [ -103.934014, 43.478828 ], [ -103.935373, 43.478824 ], [ -103.935826, 43.478823 ], [ -103.935866, 43.478821 ], [ -103.935987, 43.478816 ], [ -103.936028, 43.478815 ], [ -103.936063, 43.478813 ], [ -103.936169, 43.478808 ], [ -103.936205, 43.478807 ], [ -103.936241, 43.478805 ], [ -103.93635, 43.478801 ], [ -103.936387, 43.4788 ], [ -103.936417, 43.478798 ], [ -103.936507, 43.478795 ], [ -103.936538, 43.478794 ], [ -103.937235, 43.478786 ], [ -103.939326, 43.478762 ], [ -103.940024, 43.478755 ], [ -103.940162, 43.478753 ], [ -103.940576, 43.478748 ], [ -103.940715, 43.478747 ], [ -103.941205, 43.478741 ], [ -103.942674, 43.478726 ], [ -103.943165, 43.478721 ], [ -103.944732, 43.478704 ], [ -103.949435, 43.478654 ], [ -103.951003, 43.478638 ], [ -103.952074, 43.478626 ], [ -103.955286, 43.478591 ], [ -103.956358, 43.47858 ], [ -103.956421, 43.47858 ], [ -103.957423, 43.478569 ], [ -103.96062, 43.478535 ], [ -103.961686, 43.478524 ], [ -103.962211, 43.478527 ], [ -103.963786, 43.478538 ], [ -103.964312, 43.478542 ], [ -103.964408, 43.478541 ], [ -103.964992, 43.478532 ], [ -103.966546, 43.47851 ], [ -103.97325, 43.478418 ], [ -103.975425, 43.478388 ], [ -103.975485, 43.478386 ], [ -103.976285, 43.478426 ], [ -103.978685, 43.478547 ], [ -103.979486, 43.478588 ], [ -103.979772, 43.478584 ], [ -103.980128, 43.478581 ], [ -103.98063, 43.478575 ], [ -103.980848, 43.478573 ], [ -103.980916, 43.478572 ], [ -103.981954, 43.478549 ], [ -103.985068, 43.478483 ], [ -103.98603, 43.478463 ], [ -103.986107, 43.478462 ], [ -103.986905, 43.478456 ], [ -103.989302, 43.478439 ], [ -103.990101, 43.478434 ], [ -103.991233, 43.478426 ], [ -103.99463, 43.478402 ], [ -103.99567, 43.478395 ], [ -103.995763, 43.478394 ], [ -103.996015, 43.478392 ], [ -103.996774, 43.478387 ], [ -103.996932, 43.478386 ], [ -103.997027, 43.478379 ], [ -103.999545, 43.478185 ], [ -104.000484, 43.478113 ], [ -104.007118, 43.478088 ], [ -104.009527, 43.478079 ], [ -104.009644, 43.478079 ], [ -104.009738, 43.478078 ], [ -104.01, 43.478078 ], [ -104.010023, 43.478078 ], [ -104.010118, 43.478078 ], [ -104.010953, 43.478074 ], [ -104.013458, 43.478066 ], [ -104.014164, 43.478064 ], [ -104.014294, 43.478064 ], [ -104.016175, 43.478057 ], [ -104.021818, 43.478037 ], [ -104.0237, 43.478031 ], [ -104.024452, 43.478016 ], [ -104.026711, 43.477973 ], [ -104.027287, 43.477963 ], [ -104.027465, 43.477962 ], [ -104.031183, 43.477941 ], [ -104.042339, 43.477879 ], [ -104.045834, 43.47786 ], [ -104.046058, 43.477859 ], [ -104.047806, 43.47785 ], [ -104.053054, 43.477823 ], [ -104.054803, 43.477815 ], [ -104.054807, 43.480041 ], [ -104.05482, 43.486722 ], [ -104.054824, 43.488733 ], [ -104.054824, 43.48895 ], [ -104.054824, 43.489678 ], [ -104.054827, 43.491862 ], [ -104.054828, 43.492591 ], [ -104.054828, 43.493176 ], [ -104.054831, 43.494931 ], [ -104.054832, 43.495516 ], [ -104.054832, 43.496121 ], [ -104.054834, 43.497939 ], [ -104.054835, 43.498545 ], [ -104.054836, 43.499501 ], [ -104.054837, 43.499973 ], [ -104.054812, 43.501483 ], [ -104.054797, 43.502371 ], [ -104.054796, 43.502489 ], [ -104.054786, 43.503072 ], [ -104.054786, 43.503328 ], [ -104.054786, 43.503384 ], [ -104.054786, 43.503958 ], [ -104.054789, 43.505849 ], [ -104.05479, 43.50648 ], [ -104.054791, 43.506834 ], [ -104.054791, 43.507002 ], [ -104.054792, 43.507994 ], [ -104.054798, 43.512539 ], [ -104.0548, 43.514054 ], [ -104.054803, 43.51644 ], [ -104.054812, 43.523601 ], [ -104.054815, 43.525978 ], [ -104.054815, 43.525988 ], [ -104.054816, 43.527446 ], [ -104.054822, 43.531822 ], [ -104.054824, 43.533281 ], [ -104.054824, 43.533315 ], [ -104.054853, 43.537971 ], [ -104.054877, 43.541824 ], [ -104.054941, 43.552044 ], [ -104.054969, 43.556408 ], [ -104.054971, 43.556447 ], [ -104.054986, 43.556735 ], [ -104.054993, 43.556883 ], [ -104.05501, 43.557222 ], [ -104.055016, 43.55733 ], [ -104.055022, 43.557439 ], [ -104.055022, 43.557479 ], [ -104.055024, 43.557691 ], [ -104.055033, 43.558329 ], [ -104.055036, 43.558542 ], [ -104.055043, 43.559818 ], [ -104.055058, 43.56246 ], [ -104.055036, 43.563647 ], [ -104.05503, 43.564031 ], [ -104.055041, 43.564631 ], [ -104.055082, 43.564921 ], [ -104.05509, 43.564965 ], [ -104.0551, 43.565015 ], [ -104.055096, 43.565094 ], [ -104.055078, 43.565153 ], [ -104.055055, 43.565265 ], [ -104.055041, 43.565339 ], [ -104.055032, 43.566319 ], [ -104.055031, 43.566536 ], [ -104.05503, 43.566671 ], [ -104.05503, 43.56677 ], [ -104.05503, 43.566871 ], [ -104.055026, 43.568456 ], [ -104.055013, 43.573811 ], [ -104.05501, 43.575596 ], [ -104.055006, 43.576294 ], [ -104.054997, 43.578388 ], [ -104.054995, 43.579056 ], [ -104.055001, 43.579086 ], [ -104.054879, 43.582999 ], [ -104.05488, 43.583414 ], [ -104.054883, 43.584134 ], [ -104.054885, 43.584802 ], [ -104.054887, 43.585108 ], [ -104.054889, 43.585982 ], [ -104.054889, 43.586193 ], [ -104.054889, 43.586426 ], [ -104.054895, 43.591565 ], [ -104.054915, 43.607139 ], [ -104.054915, 43.607681 ], [ -104.054922, 43.613054 ], [ -104.054923, 43.613366 ], [ -104.054923, 43.613441 ], [ -104.054926, 43.61648 ], [ -104.054938, 43.624975 ], [ -104.05494, 43.62676 ], [ -104.054946, 43.630187 ], [ -104.054947, 43.63099 ], [ -104.054948, 43.631122 ], [ -104.054951, 43.633098 ], [ -104.054957, 43.637148 ], [ -104.054959, 43.637938 ], [ -104.054959, 43.638027 ], [ -104.054959, 43.638065 ], [ -104.054961, 43.639697 ], [ -104.054962, 43.639747 ], [ -104.054962, 43.639963 ], [ -104.054962, 43.640023 ], [ -104.054965, 43.641832 ], [ -104.05497, 43.644744 ], [ -104.05497, 43.644834 ], [ -104.05497, 43.644927 ], [ -104.054971, 43.645971 ], [ -104.054974, 43.647563 ], [ -104.054977, 43.649655 ], [ -104.054979, 43.650883 ], [ -104.054979, 43.651037 ], [ -104.054979, 43.651134 ], [ -104.05498, 43.652374 ], [ -104.054988, 43.656847 ], [ -104.054991, 43.658339 ], [ -104.054994, 43.660644 ], [ -104.055005, 43.667558 ], [ -104.055009, 43.669654 ], [ -104.055009, 43.669864 ], [ -104.055014, 43.673237 ], [ -104.055032, 43.683356 ], [ -104.055039, 43.686729 ], [ -104.055038, 43.687302 ], [ -104.055038, 43.687857 ], [ -104.055038, 43.688094 ], [ -104.055039, 43.688812 ], [ -104.055049, 43.695064 ], [ -104.055053, 43.696973 ], [ -104.055053, 43.697148 ], [ -104.055053, 43.6976 ], [ -104.055056, 43.698956 ], [ -104.055057, 43.699409 ], [ -104.055057, 43.699614 ], [ -104.055059, 43.701474 ], [ -104.055069, 43.707669 ], [ -104.055073, 43.709555 ], [ -104.055073, 43.709735 ], [ -104.055082, 43.715867 ], [ -104.055112, 43.734265 ], [ -104.055122, 43.740381 ], [ -104.055122, 43.740398 ], [ -104.055122, 43.740516 ], [ -104.055153, 43.742046 ], [ -104.055255, 43.746993 ], [ -104.05529, 43.748642 ], [ -104.055293, 43.748737 ], [ -104.055318, 43.749061 ], [ -104.055324, 43.74925 ], [ -104.055314, 43.74937 ], [ -104.055293, 43.749646 ], [ -104.05529, 43.750317 ], [ -104.055296, 43.751015 ], [ -104.055281, 43.751558 ], [ -104.055276, 43.751744 ], [ -104.055289, 43.752288 ], [ -104.055265, 43.754156 ], [ -104.055196, 43.759763 ], [ -104.055176, 43.761456 ], [ -104.055176, 43.761633 ], [ -104.055175, 43.76171 ], [ -104.055175, 43.761945 ], [ -104.055175, 43.762023 ], [ -104.055178, 43.762179 ], [ -104.055179, 43.762345 ], [ -104.055183, 43.763854 ], [ -104.055202, 43.769347 ], [ -104.055208, 43.771078 ], [ -104.055208, 43.771179 ], [ -104.055209, 43.771303 ], [ -104.055216, 43.773536 ], [ -104.055217, 43.773785 ], [ -104.055238, 43.779897 ], [ -104.055239, 43.780132 ], [ -104.055283, 43.793282 ], [ -104.055417, 43.832733 ], [ -104.055445, 43.840849 ], [ -104.055446, 43.841144 ], [ -104.055447, 43.841322 ], [ -104.055462, 43.845884 ], [ -104.055464, 43.846547 ], [ -104.055471, 43.848488 ], [ -104.055471, 43.848538 ], [ -104.055472, 43.848659 ], [ -104.055474, 43.849202 ], [ -104.055476, 43.850056 ], [ -104.055484, 43.852621 ], [ -104.055487, 43.853476 ] ] ] } },
{ "type": "Feature", "properties": { "STATEFP": "46", "COUNTYFP": "093", "COUNTYNS": "01266991", "GEOID": "46093", "GEOIDFQ": "0500000US46093", "NAME": "Meade", "NAMELSAD": "Meade County", "LSAD": "06", "CLASSFP": "H1", "MTFCC": "G4020", "CSAFP": "452", "CBSAFP": "39660", "METDIVFP": null, "FUNCSTAT": "A", "ALAND": 8989677173, "AWATER": 30742173, "INTPTLAT": "+44.6052822", "INTPTLON": "-102.7141689" }, "geometry": { "type": "Polygon", "coordinates": [ [ [ -102.715798, 45.039008 ], [ -102.715748, 45.039008 ], [ -102.715716, 45.039008 ], [ -102.715471, 45.039009 ], [ -102.71539, 45.03901 ], [ -102.715171, 45.039011 ], [ -102.714628, 45.039015 ], [ -102.714514, 45.039015 ], [ -102.714295, 45.039016 ], [ -102.71412, 45.039016 ], [ -102.713598, 45.039018 ], [ -102.713424, 45.039019 ], [ -102.711781, 45.038879 ], [ -102.709204, 45.038906 ], [ -102.696529, 45.039039 ], [ -102.692304, 45.039084 ], [ -102.692064, 45.039084 ], [ -102.691831, 45.039085 ], [ -102.691347, 45.039095 ], [ -102.691108, 45.0391 ], [ -102.690909, 45.039104 ], [ -102.686865, 45.03912 ], [ -102.684432, 45.039083 ], [ -102.680931, 45.039088 ], [ -102.677974, 45.039073 ], [ -102.67688, 45.039073 ], [ -102.676879, 45.039082 ], [ -102.6766, 45.039073 ], [ -102.676176, 45.039078 ], [ -102.675897, 45.039072 ], [ -102.675619, 45.039057 ], [ -102.675492, 45.039023 ], [ -102.675435, 45.038984 ], [ -102.672676, 45.039077 ], [ -102.672088, 45.03909 ], [ -102.667644, 45.039039 ], [ -102.665556, 45.03902 ], [ -102.659354, 45.038941 ], [ -102.645282, 45.038762 ], [ -102.640748, 45.038704 ], [ -102.634547, 45.038626 ], [ -102.634334, 45.038733 ], [ -102.634322, 45.03874 ], [ -102.633629, 45.038841 ], [ -102.633394, 45.038876 ], [ -102.632952, 45.038893 ], [ -102.631626, 45.038945 ], [ -102.631185, 45.038963 ], [ -102.628571, 45.038878 ], [ -102.62514, 45.038768 ], [ -102.620727, 45.038848 ], [ -102.618143, 45.038896 ], [ -102.618113, 45.038896 ], [ -102.616221, 45.038902 ], [ -102.610545, 45.038921 ], [ -102.608654, 45.038928 ], [ -102.608523, 45.038928 ], [ -102.59603, 45.039023 ], [ -102.595855, 45.039024 ], [ -102.59279, 45.039046 ], [ -102.590132, 45.039075 ], [ -102.587705, 45.039101 ], [ -102.58764, 45.039102 ], [ -102.581832, 45.039161 ], [ -102.564411, 45.039339 ], [ -102.559284, 45.039392 ], [ -102.558909, 45.039396 ], [ -102.558604, 45.039399 ], [ -102.556564, 45.039418 ], [ -102.550447, 45.039478 ], [ -102.549832, 45.039485 ], [ -102.548786, 45.039493 ], [ -102.548564, 45.039495 ], [ -102.548527, 45.039495 ], [ -102.548408, 45.039497 ], [ -102.546648, 45.03951 ], [ -102.541369, 45.039551 ], [ -102.53961, 45.039565 ], [ -102.537129, 45.039575 ], [ -102.529688, 45.039607 ], [ -102.527208, 45.039619 ], [ -102.527091, 45.039619 ], [ -102.525313, 45.03961 ], [ -102.512985, 45.039648 ], [ -102.512806, 45.039563 ], [ -102.511973, 45.039409 ], [ -102.508571, 45.039546 ], [ -102.506348, 45.03957 ], [ -102.50627, 45.039572 ], [ -102.505287, 45.039572 ], [ -102.501316, 45.039568 ], [ -102.496257, 45.039549 ], [ -102.495364, 45.03955 ], [ -102.492905, 45.039549 ], [ -102.492378, 45.039551 ], [ -102.489378, 45.039558 ], [ -102.48444, 45.039568 ], [ -102.483838, 45.039569 ], [ -102.480739, 45.039571 ], [ -102.471443, 45.039578 ], [ -102.468989, 45.03958 ], [ -102.468345, 45.039576 ], [ -102.465346, 45.039556 ], [ -102.456349, 45.039499 ], [ -102.454201, 45.039486 ], [ -102.453351, 45.039479 ], [ -102.451709, 45.039461 ], [ -102.449694, 45.03944 ], [ -102.446785, 45.039409 ], [ -102.445422, 45.039395 ], [ -102.445144, 45.039392 ], [ -102.443256, 45.039372 ], [ -102.437592, 45.039315 ], [ -102.435744, 45.039297 ], [ -102.435704, 45.039297 ], [ -102.435393, 45.039293 ], [ -102.431529, 45.039244 ], [ -102.419007, 45.039088 ], [ -102.414833, 45.039036 ], [ -102.414501, 45.039033 ], [ -102.413506, 45.039025 ], [ -102.413175, 45.039023 ], [ -102.412937, 45.039023 ], [ -102.412225, 45.039023 ], [ -102.411988, 45.039023 ], [ -102.411824, 45.039025 ], [ -102.411332, 45.039033 ], [ -102.411169, 45.039036 ], [ -102.410977, 45.039034 ], [ -102.410402, 45.03903 ], [ -102.410211, 45.039029 ], [ -102.398919, 45.038935 ], [ -102.398389, 45.038931 ], [ -102.393902, 45.038894 ], [ -102.38265, 45.038801 ], [ -102.371415, 45.038784 ], [ -102.365044, 45.038774 ], [ -102.353783, 45.038758 ], [ -102.353753, 45.038758 ], [ -102.352089, 45.038766 ], [ -102.347099, 45.038792 ], [ -102.345436, 45.038802 ], [ -102.338917, 45.038836 ], [ -102.31936, 45.038938 ], [ -102.312841, 45.038972 ], [ -102.309895, 45.038995 ], [ -102.303788, 45.039022 ], [ -102.284531, 45.038973 ], [ -102.281665, 45.039065 ], [ -102.272327, 45.039038 ], [ -102.27197, 45.038999 ], [ -102.271489, 45.038947 ], [ -102.271134, 45.039016 ], [ -102.262844, 45.039036 ], [ -102.262717, 45.039039 ], [ -102.2579, 45.039146 ], [ -102.257784, 45.039149 ], [ -102.255127, 45.039086 ], [ -102.25467, 45.03905 ], [ -102.254181, 45.039044 ], [ -102.252715, 45.039027 ], [ -102.252554, 45.039026 ], [ -102.252229, 45.038991 ], [ -102.250429, 45.038941 ], [ -102.250022, 45.038947 ], [ -102.243401, 45.039061 ], [ -102.243345, 45.039062 ], [ -102.241195, 45.039001 ], [ -102.24103, 45.039006 ], [ -102.240537, 45.039022 ], [ -102.240373, 45.039028 ], [ -102.240295, 45.03903 ], [ -102.24006, 45.039037 ], [ -102.239983, 45.03904 ], [ -102.239564, 45.039035 ], [ -102.238306, 45.039022 ], [ -102.237888, 45.039018 ], [ -102.234466, 45.039015 ], [ -102.224201, 45.039006 ], [ -102.22078, 45.039003 ], [ -102.219052, 45.039001 ], [ -102.213868, 45.038996 ], [ -102.212141, 45.038995 ], [ -102.211928, 45.038996 ], [ -102.211289, 45.039001 ], [ -102.211077, 45.039004 ], [ -102.209987, 45.039002 ], [ -102.206717, 45.038996 ], [ -102.205627, 45.038994 ], [ -102.204487, 45.038992 ], [ -102.201067, 45.038986 ], [ -102.199928, 45.038984 ], [ -102.198511, 45.038983 ], [ -102.19426, 45.038979 ], [ -102.192843, 45.038979 ], [ -102.189521, 45.038976 ], [ -102.179556, 45.038969 ], [ -102.176235, 45.038967 ], [ -102.174793, 45.038965 ], [ -102.170697, 45.038963 ], [ -102.170467, 45.038959 ], [ -102.169026, 45.038939 ], [ -102.166552, 45.038934 ], [ -102.159133, 45.038919 ], [ -102.15666, 45.038915 ], [ -102.154637, 45.038919 ], [ -102.148571, 45.038933 ], [ -102.146549, 45.038938 ], [ -102.146509, 45.038938 ], [ -102.14271, 45.038948 ], [ -102.125406, 45.038852 ], [ -102.117164, 45.038855 ], [ -102.117116, 45.038855 ], [ -102.109525, 45.038843 ], [ -102.094803, 45.038741 ], [ -102.085689, 45.038678 ], [ -102.085551, 45.038693 ], [ -102.085269, 45.038704 ], [ -102.084987, 45.038705 ], [ -102.084562, 45.038699 ], [ -102.084421, 45.0387 ], [ -102.08428, 45.038696 ], [ -102.083996, 45.038698 ], [ -102.083854, 45.038694 ], [ -102.08343, 45.038693 ], [ -102.083287, 45.038689 ], [ -102.083005, 45.038691 ], [ -102.082723, 45.038684 ], [ -102.082442, 45.038685 ], [ -102.082161, 45.038683 ], [ -102.082019, 45.038684 ], [ -102.081878, 45.03868 ], [ -102.081738, 45.038681 ], [ -102.081598, 45.038677 ], [ -102.081176, 45.038676 ], [ -102.081035, 45.038672 ], [ -102.080755, 45.038674 ], [ -102.080615, 45.03867 ], [ -102.080334, 45.038672 ], [ -102.080129, 45.038672 ], [ -102.080044, 45.038617 ], [ -102.068051, 45.038556 ], [ -102.067536, 45.038552 ], [ -102.05146, 45.03854 ], [ -102.050158, 45.038539 ], [ -102.045118, 45.038533 ], [ -102.043911, 45.038532 ], [ -102.038079, 45.038549 ], [ -102.037931, 45.038542 ], [ -102.03273, 45.038462 ], [ -102.02475, 45.038337 ], [ -102.024538, 45.038334 ], [ -102.024189, 45.038329 ], [ -102.018916, 45.038254 ], [ -102.009807, 45.038207 ], [ -102.007582, 45.038215 ], [ -102.001263, 45.038234 ], [ -101.999994, 45.038274 ], [ -101.999993, 45.037999 ], [ -101.999997, 45.037915 ], [ -102.000058, 45.036767 ], [ -102.000058, 45.036642 ], [ -102.000083, 45.024374 ], [ -102.000084, 45.023179 ], [ -102.000084, 45.023153 ], [ -102.000132, 45.004603 ], [ -102.000132, 45.004565 ], [ -102.00006, 44.999984 ], [ -102.000049, 44.999295 ], [ -102.000048, 44.999254 ], [ -101.999982, 44.995221 ], [ -101.999981, 44.995178 ], [ -102.000132, 44.979556 ], [ -102.000133, 44.979503 ], [ -102.00001, 44.969218 ], [ -102.000009, 44.969158 ], [ -102.00004, 44.956735 ], [ -102.00004, 44.956668 ], [ -102.000148, 44.950683 ], [ -102.000149, 44.950612 ], [ -102.000437, 44.934507 ], [ -102.000437, 44.926967 ], [ -102.000437, 44.926881 ], [ -102.000437, 44.913402 ], [ -102.000437, 44.913308 ], [ -102.000437, 44.902557 ], [ -102.000437, 44.902456 ], [ -102.000433, 44.892592 ], [ -102.000433, 44.892485 ], [ -102.000439, 44.877892 ], [ -102.00044, 44.87786 ], [ -102.000438, 44.877769 ], [ -102.000438, 44.877664 ], [ -102.000438, 44.876923 ], [ -102.000438, 44.876818 ], [ -102.000438, 44.874986 ], [ -102.000438, 44.863638 ], [ -102.000438, 44.861325 ], [ -102.000438, 44.861223 ], [ -102.000438, 44.854882 ], [ -102.000438, 44.85478 ], [ -102.000462, 44.834623 ], [ -102.000438, 44.8126 ], [ -102.000438, 44.812508 ], [ -102.000438, 44.802751 ], [ -102.000438, 44.802661 ], [ -102.000438, 44.794812 ], [ -102.000438, 44.794724 ], [ -102.000438, 44.791222 ], [ -102.000438, 44.791135 ], [ -102.000438, 44.790453 ], [ -102.000438, 44.790367 ], [ -102.000438, 44.782225 ], [ -102.000438, 44.782141 ], [ -102.000438, 44.781633 ], [ -102.000438, 44.781549 ], [ -102.000438, 44.779414 ], [ -102.000438, 44.779331 ], [ -102.000438, 44.776597 ], [ -102.000438, 44.776514 ], [ -102.000438, 44.772671 ], [ -102.000438, 44.772625 ], [ -102.000438, 44.772544 ], [ -102.000438, 44.768992 ], [ -102.000438, 44.768912 ], [ -102.000438, 44.767483 ], [ -102.000438, 44.767403 ], [ -102.000438, 44.762021 ], [ -102.000438, 44.761942 ], [ -102.000438, 44.758533 ], [ -102.000438, 44.758493 ], [ -102.000438, 44.758341 ], [ -102.000438, 44.758226 ], [ -102.000438, 44.75313 ], [ -102.000438, 44.753054 ], [ -102.000438, 44.752947 ], [ -102.000438, 44.752871 ], [ -102.000438, 44.752783 ], [ -102.000438, 44.752737 ], [ -102.000438, 44.751393 ], [ -102.000438, 44.751317 ], [ -102.000438, 44.749989 ], [ -102.000438, 44.74352 ], [ -102.000438, 44.743447 ], [ -102.000438, 44.739429 ], [ -102.000438, 44.739357 ], [ -102.000437, 44.710561 ], [ -102.000437, 44.710497 ], [ -102.000437, 44.700413 ], [ -102.000437, 44.700351 ], [ -102.000437, 44.695912 ], [ -102.000437, 44.695852 ], [ -102.000437, 44.691179 ], [ -102.000437, 44.69112 ], [ -102.000437, 44.690117 ], [ -102.000437, 44.689998 ], [ -102.000437, 44.689939 ], [ -102.000437, 44.689556 ], [ -102.000437, 44.689532 ], [ -102.000436, 44.666516 ], [ -102.000436, 44.666464 ], [ -102.000436, 44.666127 ], [ -102.000436, 44.666075 ], [ -102.000436, 44.665694 ], [ -102.000436, 44.665521 ], [ -102.000436, 44.661146 ], [ -102.000436, 44.661095 ], [ -102.000436, 44.658081 ], [ -102.000436, 44.658031 ], [ -102.000436, 44.638767 ], [ -102.000436, 44.638722 ], [ -102.000436, 44.638699 ], [ -102.000436, 44.638654 ], [ -102.000435, 44.634903 ], [ -102.000435, 44.63486 ], [ -102.000435, 44.630904 ], [ -102.000435, 44.630862 ], [ -102.000435, 44.624987 ], [ -102.000435, 44.618349 ], [ -102.000435, 44.61831 ], [ -102.000435, 44.611151 ], [ -102.000435, 44.611112 ], [ -102.000435, 44.604002 ], [ -102.000435, 44.603962 ], [ -102.000435, 44.596025 ], [ -102.000435, 44.595985 ], [ -102.000434, 44.593968 ], [ -102.000434, 44.593928 ], [ -102.000434, 44.593694 ], [ -102.000434, 44.593654 ], [ -102.000434, 44.593431 ], [ -102.000434, 44.593355 ], [ -102.000434, 44.587958 ], [ -102.000434, 44.587913 ], [ -102.000434, 44.587865 ], [ -102.000434, 44.587067 ], [ -102.000434, 44.587027 ], [ -102.000434, 44.570706 ], [ -102.000434, 44.570665 ], [ -102.000434, 44.568467 ], [ -102.000434, 44.568426 ], [ -102.000434, 44.559693 ], [ -102.000434, 44.559441 ], [ -102.000434, 44.559399 ], [ -102.000434, 44.558948 ], [ -102.000433, 44.555374 ], [ -102.000433, 44.555286 ], [ -102.000433, 44.549501 ], [ -102.000433, 44.549345 ], [ -102.000433, 44.543084 ], [ -102.000433, 44.542855 ], [ -102.000433, 44.541548 ], [ -102.000433, 44.541301 ], [ -102.000433, 44.540961 ], [ -102.000433, 44.540707 ], [ -102.000433, 44.539673 ], [ -102.000433, 44.539405 ], [ -102.000433, 44.537956 ], [ -102.000433, 44.537668 ], [ -102.000433, 44.530242 ], [ -102.000433, 44.530196 ], [ -102.000433, 44.530059 ], [ -102.000433, 44.529786 ], [ -102.000433, 44.529701 ], [ -102.000433, 44.529618 ], [ -102.000433, 44.529542 ], [ -102.000433, 44.52949 ], [ -102.000433, 44.529335 ], [ -102.000433, 44.526349 ], [ -102.000433, 44.525923 ], [ -102.000433, 44.522535 ], [ -102.000433, 44.522221 ], [ -102.000433, 44.52135 ], [ -102.000433, 44.521055 ], [ -102.000433, 44.517498 ], [ -102.000433, 44.517343 ], [ -102.000433, 44.517262 ], [ -102.000433, 44.51711 ], [ -102.000432, 44.512483 ], [ -102.000432, 44.512321 ], [ -102.000432, 44.512229 ], [ -102.000432, 44.512166 ], [ -102.000432, 44.511927 ], [ -102.000432, 44.511663 ], [ -102.000841, 44.511259 ], [ -102.001068, 44.510926 ], [ -102.001696, 44.510794 ], [ -102.003257, 44.508662 ], [ -102.005922, 44.507847 ], [ -102.011081, 44.505516 ], [ -102.011823, 44.50529 ], [ -102.01287, 44.505394 ], [ -102.013645, 44.505534 ], [ -102.014925, 44.505814 ], [ -102.01578, 44.505932 ], [ -102.016658, 44.506009 ], [ -102.017152, 44.505844 ], [ -102.017454, 44.505562 ], [ -102.018882, 44.505491 ], [ -102.02275, 44.505174 ], [ -102.025278, 44.5047 ], [ -102.027446, 44.504557 ], [ -102.028156, 44.504418 ], [ -102.029088, 44.504243 ], [ -102.030717, 44.503945 ], [ -102.033327, 44.503964 ], [ -102.037589, 44.50374 ], [ -102.037666, 44.503258 ], [ -102.037708, 44.502793 ], [ -102.03818, 44.502397 ], [ -102.038595, 44.502093 ], [ -102.038718, 44.501881 ], [ -102.038807, 44.50171 ], [ -102.043157, 44.500777 ], [ -102.044664, 44.500608 ], [ -102.045226, 44.500378 ], [ -102.045564, 44.500234 ], [ -102.045676, 44.499986 ], [ -102.045933, 44.499986 ], [ -102.046033, 44.499886 ], [ -102.046333, 44.499486 ], [ -102.046633, 44.499086 ], [ -102.047133, 44.498386 ], [ -102.047733, 44.497586 ], [ -102.048133, 44.496786 ], [ -102.048433, 44.496186 ], [ -102.048733, 44.495486 ], [ -102.048904, 44.495087 ], [ -102.049033, 44.494786 ], [ -102.049133, 44.494486 ], [ -102.049533, 44.494186 ], [ -102.050033, 44.493886 ], [ -102.050933, 44.493286 ], [ -102.051733, 44.492886 ], [ -102.052733, 44.492286 ], [ -102.053633, 44.491486 ], [ -102.053987, 44.490955 ], [ -102.054433, 44.490286 ], [ -102.054733, 44.489486 ], [ -102.055033, 44.488386 ], [ -102.055045, 44.488268 ], [ -102.055133, 44.487386 ], [ -102.055133, 44.486686 ], [ -102.055133, 44.485886 ], [ -102.054933, 44.485286 ], [ -102.054877, 44.485081 ], [ -102.054633, 44.484186 ], [ -102.054537, 44.483326 ], [ -102.054533, 44.483286 ], [ -102.054733, 44.482186 ], [ -102.055033, 44.481686 ], [ -102.055433, 44.481286 ], [ -102.056133, 44.480986 ], [ -102.056933, 44.480786 ], [ -102.057833, 44.480786 ], [ -102.058433, 44.480886 ], [ -102.059086, 44.480886 ], [ -102.060334, 44.480886 ], [ -102.061383, 44.480956 ], [ -102.061834, 44.480986 ], [ -102.062694, 44.480914 ], [ -102.063034, 44.480886 ], [ -102.063534, 44.480686 ], [ -102.064134, 44.480286 ], [ -102.064357, 44.479915 ], [ -102.064434, 44.479786 ], [ -102.064934, 44.479486 ], [ -102.065834, 44.478986 ], [ -102.067534, 44.478186 ], [ -102.067934, 44.478086 ], [ -102.068321, 44.478086 ], [ -102.068434, 44.478086 ], [ -102.069334, 44.478186 ], [ -102.069934, 44.478386 ], [ -102.070234, 44.478286 ], [ -102.070934, 44.477686 ], [ -102.071723, 44.477094 ], [ -102.072134, 44.476786 ], [ -102.073234, 44.476186 ], [ -102.074534, 44.475786 ], [ -102.075534, 44.475386 ], [ -102.075934, 44.475086 ], [ -102.076034, 44.474586 ], [ -102.076034, 44.474186 ], [ -102.076034, 44.473686 ], [ -102.076134, 44.472886 ], [ -102.076165, 44.472668 ], [ -102.076234, 44.472186 ], [ -102.076234, 44.471586 ], [ -102.076034, 44.471086 ], [ -102.075534, 44.470586 ], [ -102.073339, 44.469488 ], [ -102.073134, 44.469386 ], [ -102.073034, 44.469286 ], [ -102.072727, 44.468917 ], [ -102.072534, 44.468686 ], [ -102.072334, 44.468086 ], [ -102.072434, 44.467086 ], [ -102.072834, 44.466186 ], [ -102.073234, 44.465586 ], [ -102.073634, 44.465286 ], [ -102.074034, 44.464886 ], [ -102.074234, 44.464686 ], [ -102.074634, 44.464286 ], [ -102.075234, 44.463986 ], [ -102.076134, 44.463786 ], [ -102.077134, 44.463686 ], [ -102.077177, 44.463681 ], [ -102.078034, 44.463586 ], [ -102.079134, 44.463186 ], [ -102.079834, 44.462386 ], [ -102.080734, 44.461786 ], [ -102.081434, 44.461286 ], [ -102.082057, 44.461009 ], [ -102.082227, 44.460933 ], [ -102.082334, 44.460886 ], [ -102.083334, 44.460786 ], [ -102.083805, 44.460707 ], [ -102.083941, 44.460671 ], [ -102.084134, 44.460286 ], [ -102.084034, 44.459386 ], [ -102.083534, 44.458586 ], [ -102.083134, 44.457986 ], [ -102.082634, 44.457086 ], [ -102.082534, 44.456086 ], [ -102.082734, 44.455386 ], [ -102.082934, 44.454986 ], [ -102.083934, 44.454286 ], [ -102.084734, 44.453886 ], [ -102.085218, 44.453825 ], [ -102.085534, 44.453786 ], [ -102.086485, 44.453786 ], [ -102.086534, 44.453786 ], [ -102.087734, 44.453886 ], [ -102.088834, 44.453986 ], [ -102.089934, 44.454086 ], [ -102.090934, 44.454186 ], [ -102.091534, 44.454386 ], [ -102.092434, 44.454686 ], [ -102.092683, 44.454686 ], [ -102.094034, 44.454686 ], [ -102.094806, 44.45427 ], [ -102.095334, 44.453986 ], [ -102.096934, 44.452886 ], [ -102.097934, 44.452386 ], [ -102.099034, 44.451686 ], [ -102.099139, 44.451267 ], [ -102.099234, 44.450886 ], [ -102.099434, 44.450486 ], [ -102.100434, 44.449886 ], [ -102.101194, 44.449316 ], [ -102.101234, 44.449286 ], [ -102.101434, 44.448986 ], [ -102.102134, 44.448386 ], [ -102.103334, 44.447686 ], [ -102.104434, 44.446486 ], [ -102.104634, 44.445686 ], [ -102.104794, 44.444966 ], [ -102.105034, 44.443886 ], [ -102.105162, 44.443502 ], [ -102.105634, 44.442086 ], [ -102.105634, 44.441086 ], [ -102.105634, 44.440186 ], [ -102.105634, 44.439286 ], [ -102.105934, 44.438386 ], [ -102.106234, 44.437886 ], [ -102.106834, 44.437286 ], [ -102.107234, 44.436986 ], [ -102.108034, 44.436586 ], [ -102.111935, 44.435986 ], [ -102.112035, 44.435986 ], [ -102.112467, 44.4359 ], [ -102.112535, 44.435886 ], [ -102.114635, 44.436086 ], [ -102.116235, 44.436286 ], [ -102.117035, 44.436386 ], [ -102.117935, 44.436586 ], [ -102.118119, 44.436647 ], [ -102.118535, 44.436786 ], [ -102.119235, 44.437086 ], [ -102.119735, 44.437186 ], [ -102.120235, 44.437386 ], [ -102.12094, 44.43765 ], [ -102.121035, 44.437686 ], [ -102.121635, 44.437786 ], [ -102.122235, 44.437886 ], [ -102.122835, 44.438086 ], [ -102.123435, 44.438186 ], [ -102.12455, 44.43819 ], [ -102.125435, 44.438206 ], [ -102.127463, 44.438214 ], [ -102.130403, 44.438495 ], [ -102.132454, 44.43894 ], [ -102.134921, 44.440191 ], [ -102.137713, 44.441913 ], [ -102.144098, 44.444154 ], [ -102.145731, 44.444328 ], [ -102.146945, 44.444434 ], [ -102.147645, 44.444537 ], [ -102.149884, 44.444949 ], [ -102.153758, 44.445233 ], [ -102.155768, 44.444973 ], [ -102.158294, 44.444245 ], [ -102.159278, 44.443679 ], [ -102.159609, 44.442808 ], [ -102.159614, 44.442003 ], [ -102.15929, 44.441499 ], [ -102.158872, 44.441061 ], [ -102.156822, 44.440282 ], [ -102.155381, 44.439236 ], [ -102.154081, 44.437822 ], [ -102.153807, 44.436915 ], [ -102.153857, 44.436211 ], [ -102.154377, 44.43514 ], [ -102.155409, 44.434272 ], [ -102.156488, 44.433472 ], [ -102.157383, 44.432134 ], [ -102.158421, 44.430159 ], [ -102.160156, 44.428825 ], [ -102.162683, 44.427795 ], [ -102.164179, 44.427466 ], [ -102.165439, 44.427538 ], [ -102.167118, 44.427913 ], [ -102.168703, 44.428255 ], [ -102.169776, 44.428494 ], [ -102.170616, 44.428564 ], [ -102.172716, 44.428572 ], [ -102.175145, 44.428347 ], [ -102.17636, 44.428218 ], [ -102.179867, 44.427225 ], [ -102.180988, 44.427128 ], [ -102.185845, 44.426912 ], [ -102.189438, 44.427194 ], [ -102.19471, 44.428052 ], [ -102.196948, 44.428563 ], [ -102.198395, 44.428669 ], [ -102.198768, 44.428738 ], [ -102.199089, 44.429846 ], [ -102.1989, 44.430348 ], [ -102.196462, 44.432351 ], [ -102.196457, 44.433223 ], [ -102.197107, 44.433997 ], [ -102.199344, 44.434877 ], [ -102.205865, 44.438087 ], [ -102.2088, 44.43954 ], [ -102.210944, 44.440386 ], [ -102.21295, 44.440695 ], [ -102.215985, 44.440941 ], [ -102.218179, 44.441284 ], [ -102.220788, 44.442467 ], [ -102.222417, 44.443713 ], [ -102.222315, 44.445558 ], [ -102.2201, 44.449743 ], [ -102.220096, 44.450682 ], [ -102.220326, 44.451354 ], [ -102.220837, 44.451892 ], [ -102.222096, 44.452366 ], [ -102.226112, 44.452514 ], [ -102.228028, 44.452286 ], [ -102.229384, 44.451989 ], [ -102.234951, 44.449995 ], [ -102.23626, 44.449664 ], [ -102.237429, 44.449534 ], [ -102.241587, 44.449331 ], [ -102.24453, 44.449188 ], [ -102.246446, 44.449027 ], [ -102.248315, 44.448698 ], [ -102.250439, 44.448062 ], [ -102.252539, 44.44701 ], [ -102.254603, 44.446764 ], [ -102.26779, 44.446593 ], [ -102.271461, 44.447647 ], [ -102.272836, 44.449184 ], [ -102.274961, 44.450683 ], [ -102.277403, 44.450737 ], [ -102.280027, 44.450286 ], [ -102.282876, 44.448626 ], [ -102.283829, 44.445096 ], [ -102.284041, 44.44261 ], [ -102.284404, 44.441232 ], [ -102.286635, 44.438836 ], [ -102.290695, 44.436363 ], [ -102.292373, 44.435111 ], [ -102.292918, 44.433128 ], [ -102.293377, 44.431984 ], [ -102.294497, 44.43134 ], [ -102.294969, 44.431187 ], [ -102.296836, 44.430588 ], [ -102.29881, 44.430812 ], [ -102.301831, 44.432708 ], [ -102.303276, 44.433699 ], [ -102.304827, 44.434288 ], [ -102.30536, 44.434354 ], [ -102.30554, 44.434357 ], [ -102.306223, 44.434085 ], [ -102.307104, 44.433116 ], [ -102.307093, 44.432898 ], [ -102.307041, 44.431905 ], [ -102.306916, 44.431601 ], [ -102.306148, 44.429733 ], [ -102.306148, 44.428773 ], [ -102.306754, 44.427905 ], [ -102.307428, 44.427464 ], [ -102.307488, 44.427425 ], [ -102.309816, 44.42658 ], [ -102.310518, 44.426077 ], [ -102.3109, 44.425528 ], [ -102.310996, 44.424843 ], [ -102.310932, 44.424386 ], [ -102.310039, 44.423494 ], [ -102.308381, 44.422854 ], [ -102.306882, 44.422557 ], [ -102.306592, 44.422495 ], [ -102.305288, 44.422214 ], [ -102.304555, 44.421894 ], [ -102.303598, 44.42114 ], [ -102.30312, 44.420637 ], [ -102.302928, 44.419814 ], [ -102.303056, 44.4194 ], [ -102.303119, 44.419197 ], [ -102.303662, 44.418694 ], [ -102.304109, 44.417962 ], [ -102.30446, 44.417139 ], [ -102.304491, 44.416065 ], [ -102.303853, 44.414694 ], [ -102.303589, 44.413936 ], [ -102.304332, 44.411791 ], [ -102.305225, 44.411243 ], [ -102.305608, 44.410992 ], [ -102.305895, 44.409963 ], [ -102.305863, 44.40914 ], [ -102.30564, 44.408843 ], [ -102.304652, 44.408409 ], [ -102.3036, 44.408141 ], [ -102.303217, 44.408043 ], [ -102.302548, 44.407655 ], [ -102.30207, 44.40674 ], [ -102.301719, 44.404135 ], [ -102.301845, 44.403092 ], [ -102.302744, 44.402267 ], [ -102.303105, 44.401463 ], [ -102.302937, 44.400703 ], [ -102.302385, 44.400092 ], [ -102.302108, 44.399784 ], [ -102.302715, 44.399015 ], [ -102.302836, 44.398353 ], [ -102.302645, 44.397096 ], [ -102.302486, 44.395953 ], [ -102.302741, 44.395382 ], [ -102.303347, 44.394993 ], [ -102.304654, 44.394353 ], [ -102.305292, 44.393622 ], [ -102.305451, 44.392822 ], [ -102.305355, 44.392136 ], [ -102.304973, 44.391702 ], [ -102.304559, 44.391542 ], [ -102.302639, 44.391179 ], [ -102.302263, 44.391107 ], [ -102.300446, 44.390604 ], [ -102.299713, 44.390261 ], [ -102.298694, 44.389552 ], [ -102.298184, 44.388889 ], [ -102.298089, 44.387929 ], [ -102.298265, 44.387163 ], [ -102.298554, 44.386294 ], [ -102.299139, 44.385899 ], [ -102.299269, 44.385828 ], [ -102.300831, 44.385371 ], [ -102.301851, 44.384777 ], [ -102.302393, 44.384069 ], [ -102.30252, 44.38336 ], [ -102.301947, 44.382012 ], [ -102.301087, 44.38128 ], [ -102.300682, 44.381043 ], [ -102.299717, 44.38048 ], [ -102.298506, 44.379086 ], [ -102.298188, 44.377737 ], [ -102.298284, 44.376915 ], [ -102.298857, 44.376138 ], [ -102.300002, 44.374986 ], [ -102.301114, 44.374496 ], [ -102.30207, 44.373936 ], [ -102.302835, 44.373456 ], [ -102.303926, 44.373112 ], [ -102.304428, 44.372954 ], [ -102.306053, 44.372611 ], [ -102.306499, 44.372245 ], [ -102.306499, 44.371674 ], [ -102.306211, 44.371042 ], [ -102.305397, 44.369297 ], [ -102.30539, 44.368402 ], [ -102.305539, 44.36778 ], [ -102.305545, 44.367758 ], [ -102.307287, 44.366459 ], [ -102.307578, 44.366254 ], [ -102.308196, 44.366052 ], [ -102.308579, 44.365999 ], [ -102.308625, 44.365978 ], [ -102.309116, 44.365595 ], [ -102.310069, 44.365001 ], [ -102.310865, 44.364247 ], [ -102.311694, 44.363835 ], [ -102.31351, 44.363401 ], [ -102.314593, 44.363447 ], [ -102.315708, 44.363744 ], [ -102.31644, 44.364155 ], [ -102.316823, 44.364681 ], [ -102.316927, 44.364986 ], [ -102.317173, 44.36571 ], [ -102.317938, 44.366647 ], [ -102.318575, 44.367012 ], [ -102.32004, 44.367469 ], [ -102.322909, 44.368041 ], [ -102.323833, 44.368086 ], [ -102.324725, 44.367812 ], [ -102.326381, 44.366852 ], [ -102.327146, 44.365846 ], [ -102.327369, 44.364361 ], [ -102.327177, 44.363264 ], [ -102.326763, 44.362167 ], [ -102.326253, 44.36187 ], [ -102.32574, 44.361822 ], [ -102.325522, 44.361788 ], [ -102.324491, 44.361667 ], [ -102.324048, 44.361523 ], [ -102.323306, 44.360738 ], [ -102.323255, 44.360113 ], [ -102.323459, 44.359636 ], [ -102.323996, 44.358858 ], [ -102.324997, 44.357863 ], [ -102.325833, 44.357799 ], [ -102.325931, 44.357794 ], [ -102.326795, 44.357659 ], [ -102.326968, 44.357723 ], [ -102.327336, 44.357847 ], [ -102.32826, 44.357893 ], [ -102.328801, 44.357847 ], [ -102.330362, 44.357047 ], [ -102.331285, 44.356315 ], [ -102.332003, 44.354964 ], [ -102.33205, 44.354875 ], [ -102.332878, 44.35403 ], [ -102.335521, 44.351835 ], [ -102.337814, 44.350509 ], [ -102.339833, 44.349591 ], [ -102.341635, 44.348772 ], [ -102.341985, 44.3482 ], [ -102.341976, 44.348179 ], [ -102.341701, 44.347512 ], [ -102.34113, 44.346936 ], [ -102.340557, 44.346544 ], [ -102.339189, 44.346033 ], [ -102.338723, 44.345863 ], [ -102.338362, 44.345735 ], [ -102.337347, 44.344986 ], [ -102.336648, 44.343965 ], [ -102.336583, 44.343328 ], [ -102.33693, 44.342509 ], [ -102.337879, 44.341961 ], [ -102.338879, 44.341747 ], [ -102.339053, 44.34171 ], [ -102.340836, 44.341687 ], [ -102.341759, 44.341298 ], [ -102.342491, 44.340749 ], [ -102.342905, 44.340246 ], [ -102.343191, 44.339172 ], [ -102.343, 44.338349 ], [ -102.342736, 44.337592 ], [ -102.342394, 44.336612 ], [ -102.342393, 44.334944 ], [ -102.34233, 44.334716 ], [ -102.342489, 44.333961 ], [ -102.3424, 44.331414 ], [ -102.342217, 44.331071 ], [ -102.341895, 44.3305 ], [ -102.341665, 44.329962 ], [ -102.341668, 44.329627 ], [ -102.341763, 44.329459 ], [ -102.342187, 44.328957 ], [ -102.34401, 44.328309 ], [ -102.345893, 44.327744 ], [ -102.34742, 44.326852 ], [ -102.347834, 44.326349 ], [ -102.347643, 44.325845 ], [ -102.347006, 44.325068 ], [ -102.34637, 44.324475 ], [ -102.34605, 44.324177 ], [ -102.344521, 44.323469 ], [ -102.344075, 44.322829 ], [ -102.344012, 44.322235 ], [ -102.344202, 44.321618 ], [ -102.344584, 44.321115 ], [ -102.34484, 44.320976 ], [ -102.345762, 44.320475 ], [ -102.346907, 44.319949 ], [ -102.348021, 44.319103 ], [ -102.348689, 44.318166 ], [ -102.348847, 44.316314 ], [ -102.348697, 44.31568 ], [ -102.348496, 44.314829 ], [ -102.348718, 44.31348 ], [ -102.349036, 44.312429 ], [ -102.349517, 44.311777 ], [ -102.349888, 44.311486 ], [ -102.350268, 44.310715 ], [ -102.350738, 44.310246 ], [ -102.350929, 44.309743 ], [ -102.350627, 44.309111 ], [ -102.350307, 44.308475 ], [ -102.349702, 44.30788 ], [ -102.348683, 44.307218 ], [ -102.347855, 44.306281 ], [ -102.347759, 44.305253 ], [ -102.347981, 44.304613 ], [ -102.348745, 44.303653 ], [ -102.349858, 44.302829 ], [ -102.351194, 44.302006 ], [ -102.351831, 44.301892 ], [ -102.35269, 44.30196 ], [ -102.353006, 44.302139 ], [ -102.353454, 44.302394 ], [ -102.354027, 44.302805 ], [ -102.354664, 44.302919 ], [ -102.355555, 44.302919 ], [ -102.356891, 44.302324 ], [ -102.357248, 44.302006 ], [ -102.358259, 44.301112 ], [ -102.358362, 44.301065 ], [ -102.359054, 44.300746 ], [ -102.359659, 44.299925 ], [ -102.360489, 44.298214 ], [ -102.360588, 44.296912 ], [ -102.360115, 44.294719 ], [ -102.360245, 44.293326 ], [ -102.360756, 44.292025 ], [ -102.360787, 44.29196 ], [ -102.361091, 44.291257 ], [ -102.361369, 44.290666 ], [ -102.361405, 44.290632 ], [ -102.362069, 44.290003 ], [ -102.364995, 44.288836 ], [ -102.365631, 44.288333 ], [ -102.366203, 44.287556 ], [ -102.366515, 44.286759 ], [ -102.366965, 44.285613 ], [ -102.36655, 44.28415 ], [ -102.366578, 44.283908 ], [ -102.366613, 44.283624 ], [ -102.366961, 44.281819 ], [ -102.367438, 44.281179 ], [ -102.36746, 44.280245 ], [ -102.367499, 44.278596 ], [ -102.367753, 44.277499 ], [ -102.367561, 44.276676 ], [ -102.366988, 44.27567 ], [ -102.365967, 44.274605 ], [ -102.365937, 44.274574 ], [ -102.365013, 44.273226 ], [ -102.364503, 44.271878 ], [ -102.363516, 44.270667 ], [ -102.362498, 44.26973 ], [ -102.361097, 44.268108 ], [ -102.359601, 44.266897 ], [ -102.35906, 44.266166 ], [ -102.358837, 44.265663 ], [ -102.358883, 44.265057 ], [ -102.3589, 44.26484 ], [ -102.35944, 44.264155 ], [ -102.359493, 44.264108 ], [ -102.36033, 44.263377 ], [ -102.36157, 44.262737 ], [ -102.362555, 44.262553 ], [ -102.363414, 44.262736 ], [ -102.363658, 44.262791 ], [ -102.364718, 44.263032 ], [ -102.366277, 44.263077 ], [ -102.367453, 44.262757 ], [ -102.367771, 44.262505 ], [ -102.367961, 44.262025 ], [ -102.367865, 44.26118 ], [ -102.367356, 44.260517 ], [ -102.365701, 44.259626 ], [ -102.36564, 44.259611 ], [ -102.363552, 44.25904 ], [ -102.363059, 44.258691 ], [ -102.362816, 44.258239 ], [ -102.362654, 44.257971 ], [ -102.362607, 44.257478 ], [ -102.362475, 44.257257 ], [ -102.362604, 44.256421 ], [ -102.362721, 44.255786 ], [ -102.362748, 44.255092 ], [ -102.362547, 44.253941 ], [ -102.362037, 44.253114 ], [ -102.361466, 44.252452 ], [ -102.359704, 44.251608 ], [ -102.359094, 44.25092 ], [ -102.358801, 44.249981 ], [ -102.358665, 44.248944 ], [ -102.358949, 44.24791 ], [ -102.359426, 44.247426 ], [ -102.360351, 44.246918 ], [ -102.361339, 44.246547 ], [ -102.361376, 44.246522 ], [ -102.362832, 44.246176 ], [ -102.363809, 44.245643 ], [ -102.364693, 44.245007 ], [ -102.365203, 44.244573 ], [ -102.365574, 44.243871 ], [ -102.365761, 44.243134 ], [ -102.365854, 44.242365 ], [ -102.365621, 44.24163 ], [ -102.365017, 44.240459 ], [ -102.362832, 44.238117 ], [ -102.360834, 44.236176 ], [ -102.360507, 44.23564 ], [ -102.359515, 44.234703 ], [ -102.359314, 44.23451 ], [ -102.359049, 44.234268 ], [ -102.358298, 44.233595 ], [ -102.357984, 44.23303 ], [ -102.357183, 44.231584 ], [ -102.357154, 44.231426 ], [ -102.357041, 44.230822 ], [ -102.356992, 44.230555 ], [ -102.357139, 44.230185 ], [ -102.357246, 44.229915 ], [ -102.357691, 44.229389 ], [ -102.358055, 44.229086 ], [ -102.35823, 44.22894 ], [ -102.358294, 44.228886 ], [ -102.358482, 44.228672 ], [ -102.358972, 44.228111 ], [ -102.358994, 44.228086 ], [ -102.359043, 44.228058 ], [ -102.359169, 44.227985 ], [ -102.359629, 44.22772 ], [ -102.360267, 44.227558 ], [ -102.360553, 44.227485 ], [ -102.36071, 44.227445 ], [ -102.361981, 44.227194 ], [ -102.363601, 44.22653 ], [ -102.364908, 44.225749 ], [ -102.365285, 44.225524 ], [ -102.366172, 44.225104 ], [ -102.366397, 44.224998 ], [ -102.366547, 44.224849 ], [ -102.366905, 44.224495 ], [ -102.367731, 44.224037 ], [ -102.368256, 44.223995 ], [ -102.368589, 44.223968 ], [ -102.368873, 44.223807 ], [ -102.369787, 44.22329 ], [ -102.369924, 44.223213 ], [ -102.370552, 44.222898 ], [ -102.37129, 44.222527 ], [ -102.372411, 44.221844 ], [ -102.372528, 44.221772 ], [ -102.373068, 44.221041 ], [ -102.373084, 44.220992 ], [ -102.373607, 44.219372 ], [ -102.373599, 44.219062 ], [ -102.373551, 44.218082 ], [ -102.372923, 44.215903 ], [ -102.372792, 44.214404 ], [ -102.372751, 44.21265 ], [ -102.372409, 44.211734 ], [ -102.372203, 44.211185 ], [ -102.372336, 44.210004 ], [ -102.372463, 44.20959 ], [ -102.372476, 44.209571 ], [ -102.372578, 44.209414 ], [ -102.373166, 44.209207 ], [ -102.374486, 44.208309 ], [ -102.37493, 44.207897 ], [ -102.375146, 44.207785 ], [ -102.37544, 44.207633 ], [ -102.376329, 44.207323 ], [ -102.376999, 44.207216 ], [ -102.377196, 44.207185 ], [ -102.377473, 44.207141 ], [ -102.37778, 44.207137 ], [ -102.379126, 44.207119 ], [ -102.379346, 44.207148 ], [ -102.381911, 44.207491 ], [ -102.382048, 44.207509 ], [ -102.383415, 44.20751 ], [ -102.383536, 44.207485 ], [ -102.385378, 44.207106 ], [ -102.386847, 44.206803 ], [ -102.389199, 44.20621 ], [ -102.391236, 44.205189 ], [ -102.391614, 44.204999 ], [ -102.392632, 44.204177 ], [ -102.393059, 44.203595 ], [ -102.393522, 44.202966 ], [ -102.393669, 44.202708 ], [ -102.394266, 44.20166 ], [ -102.394446, 44.201344 ], [ -102.394498, 44.201198 ], [ -102.394733, 44.200544 ], [ -102.394908, 44.199684 ], [ -102.395162, 44.198509 ], [ -102.395129, 44.198179 ], [ -102.395574, 44.197484 ], [ -102.396026, 44.196783 ], [ -102.396139, 44.196047 ], [ -102.395909, 44.195429 ], [ -102.395261, 44.194521 ], [ -102.395209, 44.194435 ], [ -102.39504, 44.193824 ], [ -102.39499, 44.193638 ], [ -102.395038, 44.193503 ], [ -102.395359, 44.192377 ], [ -102.395478, 44.19213 ], [ -102.396249, 44.190253 ], [ -102.396641, 44.1893 ], [ -102.396679, 44.189208 ], [ -102.396839, 44.188294 ], [ -102.397794, 44.185163 ], [ -102.398112, 44.184226 ], [ -102.399561, 44.181454 ], [ -102.399787, 44.181023 ], [ -102.40018, 44.180272 ], [ -102.400975, 44.178353 ], [ -102.401008, 44.178162 ], [ -102.401198, 44.177073 ], [ -102.40127, 44.176815 ], [ -102.401612, 44.175587 ], [ -102.401686, 44.174516 ], [ -102.401713, 44.174121 ], [ -102.40174, 44.173736 ], [ -102.401582, 44.172822 ], [ -102.401423, 44.17248 ], [ -102.401074, 44.172228 ], [ -102.400534, 44.172 ], [ -102.399899, 44.171908 ], [ -102.399316, 44.172193 ], [ -102.399105, 44.172296 ], [ -102.398533, 44.173096 ], [ -102.397102, 44.176066 ], [ -102.396339, 44.177003 ], [ -102.395669, 44.177343 ], [ -102.395543, 44.177407 ], [ -102.395259, 44.177551 ], [ -102.393955, 44.177984 ], [ -102.392812, 44.178121 ], [ -102.391097, 44.178075 ], [ -102.390018, 44.177663 ], [ -102.389956, 44.177626 ], [ -102.388508, 44.176753 ], [ -102.388462, 44.176725 ], [ -102.388427, 44.176689 ], [ -102.387982, 44.176232 ], [ -102.387796, 44.17604 ], [ -102.387359, 44.175205 ], [ -102.387162, 44.174828 ], [ -102.387132, 44.172428 ], [ -102.387102, 44.171126 ], [ -102.386754, 44.169708 ], [ -102.386945, 44.168954 ], [ -102.387317, 44.168525 ], [ -102.387274, 44.168332 ], [ -102.387231, 44.168131 ], [ -102.387229, 44.167985 ], [ -102.387227, 44.167787 ], [ -102.38717, 44.165444 ], [ -102.387786, 44.164163 ], [ -102.388114, 44.162565 ], [ -102.387745, 44.160977 ], [ -102.387741, 44.160546 ], [ -102.387838, 44.160552 ], [ -102.388224, 44.160039 ], [ -102.38882, 44.15996 ], [ -102.389415, 44.160015 ], [ -102.391066, 44.160633 ], [ -102.391198, 44.16071 ], [ -102.392079, 44.161022 ], [ -102.392282, 44.161064 ], [ -102.394231, 44.161598 ], [ -102.395213, 44.161676 ], [ -102.396673, 44.161461 ], [ -102.398131, 44.161405 ], [ -102.399366, 44.161587 ], [ -102.399775, 44.161634 ], [ -102.401652, 44.161479 ], [ -102.402243, 44.161239 ], [ -102.4023, 44.161013 ], [ -102.402911, 44.160254 ], [ -102.403084, 44.160034 ], [ -102.403235, 44.159856 ], [ -102.403559, 44.159087 ], [ -102.40398, 44.15793 ], [ -102.403964, 44.156941 ], [ -102.404013, 44.156875 ], [ -102.403846, 44.15639 ], [ -102.403688, 44.155795 ], [ -102.403559, 44.155719 ], [ -102.403401, 44.155627 ], [ -102.403179, 44.155498 ], [ -102.402258, 44.155499 ], [ -102.399907, 44.156373 ], [ -102.398763, 44.156557 ], [ -102.398255, 44.156535 ], [ -102.397721, 44.156239 ], [ -102.397674, 44.154446 ], [ -102.397753, 44.154266 ], [ -102.39781, 44.154139 ], [ -102.39792, 44.153877 ], [ -102.397939, 44.153874 ], [ -102.398825, 44.152827 ], [ -102.399141, 44.152259 ], [ -102.399363, 44.151302 ], [ -102.399046, 44.150756 ], [ -102.398414, 44.150211 ], [ -102.396833, 44.149391 ], [ -102.396455, 44.149194 ], [ -102.396341, 44.149134 ], [ -102.395804, 44.148819 ], [ -102.395205, 44.148106 ], [ -102.394486, 44.147196 ], [ -102.394387, 44.147114 ], [ -102.394265, 44.146578 ], [ -102.394261, 44.146496 ], [ -102.394235, 44.146009 ], [ -102.39379, 44.145048 ], [ -102.392586, 44.142991 ], [ -102.391729, 44.142282 ], [ -102.391615, 44.142233 ], [ -102.391256, 44.142084 ], [ -102.390838, 44.142051 ], [ -102.388925, 44.140818 ], [ -102.388045, 44.140183 ], [ -102.388082, 44.140183 ], [ -102.388608, 44.14018 ], [ -102.396212, 44.14015 ], [ -102.405385, 44.140113 ], [ -102.412241, 44.140086 ], [ -102.420879, 44.140086 ], [ -102.421373, 44.140086 ], [ -102.437342, 44.140086 ], [ -102.452379, 44.140086 ], [ -102.452506, 44.140086 ], [ -102.454429, 44.140086 ], [ -102.462442, 44.140086 ], [ -102.466869, 44.140103 ], [ -102.466915, 44.140103 ], [ -102.467678, 44.140106 ], [ -102.473485, 44.140129 ], [ -102.47781, 44.140146 ], [ -102.487977, 44.140189 ], [ -102.500436, 44.140187 ], [ -102.505199, 44.140187 ], [ -102.507617, 44.140188 ], [ -102.520192, 44.140194 ], [ -102.520474, 44.140193 ], [ -102.536931, 44.1402 ], [ -102.537183, 44.1402 ], [ -102.54778, 44.140204 ], [ -102.553589, 44.140207 ], [ -102.553906, 44.140206 ], [ -102.568356, 44.140212 ], [ -102.576487, 44.140216 ], [ -102.576535, 44.140216 ], [ -102.581451, 44.140218 ], [ -102.588568, 44.140218 ], [ -102.625592, 44.140233 ], [ -102.628424, 44.140241 ], [ -102.634962, 44.140262 ], [ -102.63509, 44.140262 ], [ -102.655734, 44.14032 ], [ -102.662167, 44.140338 ], [ -102.662198, 44.140338 ], [ -102.668577, 44.140362 ], [ -102.688733, 44.140412 ], [ -102.709153, 44.140469 ], [ -102.709276, 44.140469 ], [ -102.719383, 44.140497 ], [ -102.727881, 44.140521 ], [ -102.72881, 44.140523 ], [ -102.733991, 44.140538 ], [ -102.734088, 44.140538 ], [ -102.738242, 44.14055 ], [ -102.738339, 44.14055 ], [ -102.747734, 44.140577 ], [ -102.750446, 44.140585 ], [ -102.759069, 44.140585 ], [ -102.759226, 44.140585 ], [ -102.771509, 44.140585 ], [ -102.77159, 44.140585 ], [ -102.778843, 44.140586 ], [ -102.778871, 44.140586 ], [ -102.784947, 44.140586 ], [ -102.792408, 44.14059 ], [ -102.792426, 44.140586 ], [ -102.802961, 44.140586 ], [ -102.803903, 44.140586 ], [ -102.807347, 44.140585 ], [ -102.809022, 44.140592 ], [ -102.812204, 44.140606 ], [ -102.812665, 44.140609 ], [ -102.823202, 44.140654 ], [ -102.824079, 44.14066 ], [ -102.828686, 44.140689 ], [ -102.830482, 44.140694 ], [ -102.831768, 44.140687 ], [ -102.832217, 44.140684 ], [ -102.834758, 44.140671 ], [ -102.837304, 44.140663 ], [ -102.837668, 44.140662 ], [ -102.850824, 44.140618 ], [ -102.850954, 44.140618 ], [ -102.864434, 44.140573 ], [ -102.875449, 44.140536 ], [ -102.881568, 44.14054 ], [ -102.881809, 44.14054 ], [ -102.888776, 44.140544 ], [ -102.889559, 44.140545 ], [ -102.889733, 44.140545 ], [ -102.913507, 44.140561 ], [ -102.91353, 44.140561 ], [ -102.929762, 44.140572 ], [ -102.930946, 44.140574 ], [ -102.931604, 44.140574 ], [ -102.931983, 44.140574 ], [ -102.93324, 44.140576 ], [ -102.938, 44.140579 ], [ -102.949403, 44.140587 ], [ -102.95015, 44.140587 ], [ -102.969491, 44.140626 ], [ -102.969919, 44.140627 ], [ -102.970943, 44.140628 ], [ -102.97107, 44.140628 ], [ -102.980037, 44.140646 ], [ -102.980334, 44.140647 ], [ -102.988683, 44.140665 ], [ -102.988854, 44.140665 ], [ -102.992603, 44.140672 ], [ -102.99302, 44.140673 ], [ -102.999793, 44.140686 ], [ -103.000452, 44.140725 ], [ -103.01095, 44.140725 ], [ -103.011774, 44.140725 ], [ -103.022007, 44.140725 ], [ -103.030373, 44.140735 ], [ -103.037954, 44.140726 ], [ -103.043978, 44.140719 ], [ -103.044094, 44.140719 ], [ -103.049163, 44.140714 ], [ -103.050183, 44.140713 ], [ -103.050557, 44.140714 ], [ -103.050701, 44.140715 ], [ -103.051853, 44.140724 ], [ -103.052567, 44.140727 ], [ -103.052982, 44.140728 ], [ -103.055159, 44.140737 ], [ -103.055617, 44.14074 ], [ -103.056354, 44.140743 ], [ -103.056496, 44.140744 ], [ -103.05681, 44.140745 ], [ -103.057477, 44.140748 ], [ -103.058465, 44.140752 ], [ -103.058967, 44.140755 ], [ -103.059501, 44.140757 ], [ -103.060056, 44.140759 ], [ -103.060353, 44.14076 ], [ -103.060683, 44.140761 ], [ -103.062886, 44.140768 ], [ -103.063555, 44.140766 ], [ -103.063764, 44.140766 ], [ -103.064236, 44.140765 ], [ -103.066068, 44.140762 ], [ -103.06659, 44.140763 ], [ -103.066929, 44.140763 ], [ -103.066987, 44.140769 ], [ -103.067003, 44.14077 ], [ -103.068563, 44.140762 ], [ -103.070658, 44.14076 ], [ -103.070776, 44.14076 ], [ -103.070978, 44.140759 ], [ -103.074972, 44.140756 ], [ -103.075012, 44.140756 ], [ -103.077051, 44.140754 ], [ -103.078193, 44.140753 ], [ -103.078286, 44.140753 ], [ -103.08034, 44.140751 ], [ -103.080434, 44.14075 ], [ -103.081749, 44.14075 ], [ -103.081926, 44.140755 ], [ -103.083743, 44.140802 ], [ -103.083807, 44.140803 ], [ -103.084722, 44.140806 ], [ -103.084806, 44.140806 ], [ -103.085838, 44.140808 ], [ -103.087012, 44.14081 ], [ -103.087605, 44.140811 ], [ -103.090921, 44.140817 ], [ -103.097278, 44.140814 ], [ -103.09822, 44.140814 ], [ -103.099115, 44.140814 ], [ -103.103909, 44.140812 ], [ -103.110644, 44.14081 ], [ -103.110768, 44.14081 ], [ -103.114162, 44.140809 ], [ -103.115687, 44.140809 ], [ -103.11577, 44.140809 ], [ -103.116923, 44.140805 ], [ -103.121318, 44.140792 ], [ -103.125545, 44.140783 ], [ -103.131081, 44.140786 ], [ -103.132526, 44.140779 ], [ -103.132546, 44.140779 ], [ -103.141375, 44.140779 ], [ -103.141393, 44.140779 ], [ -103.14167, 44.140779 ], [ -103.142677, 44.140779 ], [ -103.143056, 44.140779 ], [ -103.143099, 44.140779 ], [ -103.145978, 44.140782 ], [ -103.151254, 44.140796 ], [ -103.152765, 44.14079 ], [ -103.152858, 44.14079 ], [ -103.166178, 44.140813 ], [ -103.167663, 44.140811 ], [ -103.167713, 44.140811 ], [ -103.171294, 44.140807 ], [ -103.171441, 44.140807 ], [ -103.175212, 44.140804 ], [ -103.175429, 44.140803 ], [ -103.191629, 44.140795 ], [ -103.191736, 44.140795 ], [ -103.201938, 44.140841 ], [ -103.206057, 44.140846 ], [ -103.206079, 44.140846 ], [ -103.211513, 44.140868 ], [ -103.211635, 44.140869 ], [ -103.21832, 44.140873 ], [ -103.229756, 44.140868 ], [ -103.231748, 44.140874 ], [ -103.235201, 44.140924 ], [ -103.235401, 44.140924 ], [ -103.25046, 44.140936 ], [ -103.25046, 44.141026 ], [ -103.271971, 44.141015 ], [ -103.274275, 44.140992 ], [ -103.274506, 44.140989 ], [ -103.274561, 44.140979 ], [ -103.276161, 44.140888 ], [ -103.295384, 44.140879 ], [ -103.295767, 44.140879 ], [ -103.296439, 44.14087 ], [ -103.297841, 44.140854 ], [ -103.298149, 44.14085 ], [ -103.298472, 44.140845 ], [ -103.299026, 44.140837 ], [ -103.299082, 44.140841 ], [ -103.29967, 44.14083 ], [ -103.300088, 44.140828 ], [ -103.300979, 44.140809 ], [ -103.301531, 44.140809 ], [ -103.301597, 44.140808 ], [ -103.302462, 44.140788 ], [ -103.303082, 44.140836 ], [ -103.303116, 44.14084 ], [ -103.303593, 44.140847 ], [ -103.303639, 44.140848 ], [ -103.303681, 44.140848 ], [ -103.30798, 44.14079 ], [ -103.308762, 44.140788 ], [ -103.308987, 44.140789 ], [ -103.309246, 44.14078 ], [ -103.311677, 44.140843 ], [ -103.332064, 44.140866 ], [ -103.350998, 44.140889 ], [ -103.359908, 44.140883 ], [ -103.368493, 44.140879 ], [ -103.370565, 44.140878 ], [ -103.372702, 44.140876 ], [ -103.373166, 44.140876 ], [ -103.375463, 44.14076 ], [ -103.375553, 44.140758 ], [ -103.381326, 44.140646 ], [ -103.381385, 44.140645 ], [ -103.392575, 44.140686 ], [ -103.396778, 44.140696 ], [ -103.398576, 44.140709 ], [ -103.412497, 44.140738 ], [ -103.415474, 44.140743 ], [ -103.415647, 44.140743 ], [ -103.432773, 44.140735 ], [ -103.434454, 44.140742 ], [ -103.434643, 44.140742 ], [ -103.440299, 44.140767 ], [ -103.440484, 44.140768 ], [ -103.440729, 44.140768 ], [ -103.440879, 44.140767 ], [ -103.448984, 44.140746 ], [ -103.449007, 44.140747 ], [ -103.450254, 44.140791 ], [ -103.450295, 44.140791 ], [ -103.45237, 44.140773 ], [ -103.452453, 44.140772 ], [ -103.452465, 44.141772 ], [ -103.452478, 44.142633 ], [ -103.452635, 44.154611 ], [ -103.452599, 44.163003 ], [ -103.452573, 44.169203 ], [ -103.452575, 44.169457 ], [ -103.452612, 44.175293 ], [ -103.452554, 44.178017 ], [ -103.452543, 44.183423 ], [ -103.452543, 44.183649 ], [ -103.45244, 44.197789 ], [ -103.452436, 44.198341 ], [ -103.452436, 44.198402 ], [ -103.45249, 44.211405 ], [ -103.452484, 44.212839 ], [ -103.452848, 44.227398 ], [ -103.452877, 44.232014 ], [ -103.452907, 44.236767 ], [ -103.452911, 44.237276 ], [ -103.452942, 44.242053 ], [ -103.453008, 44.249985 ], [ -103.453012, 44.250421 ], [ -103.453016, 44.256609 ], [ -103.485153, 44.256573 ], [ -103.493596, 44.256564 ], [ -103.497947, 44.25656 ], [ -103.500467, 44.256601 ], [ -103.513022, 44.25655 ], [ -103.514229, 44.256543 ], [ -103.529532, 44.256463 ], [ -103.532401, 44.256448 ], [ -103.533207, 44.256444 ], [ -103.535201, 44.256437 ], [ -103.553369, 44.256375 ], [ -103.574396, 44.256077 ], [ -103.57436, 44.2606 ], [ -103.574355, 44.261348 ], [ -103.574354, 44.261359 ], [ -103.574298, 44.270043 ], [ -103.574314, 44.270566 ], [ -103.574313, 44.27082 ], [ -103.574302, 44.281052 ], [ -103.574298, 44.285257 ], [ -103.574305, 44.298453 ], [ -103.574306, 44.299758 ], [ -103.574297, 44.300145 ], [ -103.57428, 44.300984 ], [ -103.574, 44.314282 ], [ -103.574013, 44.317431 ], [ -103.574014, 44.317609 ], [ -103.574016, 44.317997 ], [ -103.574018, 44.318514 ], [ -103.57402, 44.318844 ], [ -103.574063, 44.328717 ], [ -103.574086, 44.331798 ], [ -103.574291, 44.344195 ], [ -103.569417, 44.344246 ], [ -103.569383, 44.346529 ], [ -103.569165, 44.358868 ], [ -103.569199, 44.368931 ], [ -103.56925, 44.374984 ], [ -103.568915, 44.394556 ], [ -103.568792, 44.401758 ], [ -103.568743, 44.404636 ], [ -103.568739, 44.40508 ], [ -103.568559, 44.415457 ], [ -103.568513, 44.418124 ], [ -103.568457, 44.421405 ], [ -103.56847, 44.422493 ], [ -103.568518, 44.423475 ], [ -103.568521, 44.423531 ], [ -103.568749, 44.425377 ], [ -103.568913, 44.426704 ], [ -103.568937, 44.42688 ], [ -103.568935, 44.426939 ], [ -103.568936, 44.427315 ], [ -103.568934, 44.427612 ], [ -103.568883, 44.435136 ], [ -103.568842, 44.441572 ], [ -103.568767, 44.45348 ], [ -103.568758, 44.454129 ], [ -103.568713, 44.462067 ], [ -103.56863, 44.475291 ], [ -103.568579, 44.483458 ], [ -103.568563, 44.485054 ], [ -103.568557, 44.487115 ], [ -103.568538, 44.487484 ], [ -103.568533, 44.487585 ], [ -103.568522, 44.487779 ], [ -103.568521, 44.487879 ], [ -103.568486, 44.493087 ], [ -103.568383, 44.499984 ], [ -103.56837, 44.504019 ], [ -103.568362, 44.5067 ], [ -103.568343, 44.513397 ], [ -103.568338, 44.514892 ], [ -103.568331, 44.517513 ], [ -103.568331, 44.517579 ], [ -103.568666, 44.519641 ], [ -103.568595, 44.52576 ], [ -103.568553, 44.526373 ], [ -103.568531, 44.526697 ], [ -103.568295, 44.530373 ], [ -103.568289, 44.532514 ], [ -103.568281, 44.535369 ], [ -103.568276, 44.53726 ], [ -103.568221, 44.544368 ], [ -103.56821, 44.546477 ], [ -103.568213, 44.546543 ], [ -103.568207, 44.546566 ], [ -103.568184, 44.54686 ], [ -103.568184, 44.547128 ], [ -103.568184, 44.547466 ], [ -103.568172, 44.547913 ], [ -103.568169, 44.548004 ], [ -103.568153, 44.548885 ], [ -103.568153, 44.549233 ], [ -103.568161, 44.549515 ], [ -103.568138, 44.550629 ], [ -103.568138, 44.551048 ], [ -103.568145, 44.551365 ], [ -103.568146, 44.55212 ], [ -103.568123, 44.552647 ], [ -103.56813, 44.553051 ], [ -103.568131, 44.55349 ], [ -103.568115, 44.55431 ], [ -103.568097, 44.554475 ], [ -103.568089, 44.554841 ], [ -103.568086, 44.555308 ], [ -103.568087, 44.557356 ], [ -103.568087, 44.558431 ], [ -103.568087, 44.560923 ], [ -103.568085, 44.56134 ], [ -103.568077, 44.561714 ], [ -103.568073, 44.562057 ], [ -103.568062, 44.562946 ], [ -103.568062, 44.563358 ], [ -103.568054, 44.56377 ], [ -103.568055, 44.564182 ], [ -103.568046, 44.564594 ], [ -103.568047, 44.565006 ], [ -103.568039, 44.565418 ], [ -103.568039, 44.565826 ], [ -103.568032, 44.566399 ], [ -103.568024, 44.567062 ], [ -103.568024, 44.567474 ], [ -103.568016, 44.567886 ], [ -103.568016, 44.568295 ], [ -103.568008, 44.568707 ], [ -103.568008, 44.56953 ], [ -103.568001, 44.569942 ], [ -103.568001, 44.570354 ], [ -103.567993, 44.570766 ], [ -103.567993, 44.571175 ], [ -103.567985, 44.571587 ], [ -103.567986, 44.571999 ], [ -103.567978, 44.572411 ], [ -103.567978, 44.572823 ], [ -103.56797, 44.573235 ], [ -103.56797, 44.573647 ], [ -103.567963, 44.574055 ], [ -103.567963, 44.574467 ], [ -103.567955, 44.574879 ], [ -103.567955, 44.575291 ], [ -103.567939, 44.576309 ], [ -103.56794, 44.576717 ], [ -103.567932, 44.577129 ], [ -103.567924, 44.578365 ], [ -103.567909, 44.579189 ], [ -103.567909, 44.579597 ], [ -103.567902, 44.580009 ], [ -103.567902, 44.580421 ], [ -103.567894, 44.580833 ], [ -103.567894, 44.580909 ], [ -103.567894, 44.581245 ], [ -103.567886, 44.581657 ], [ -103.567887, 44.582069 ], [ -103.567871, 44.58289 ], [ -103.567871, 44.583302 ], [ -103.567864, 44.583714 ], [ -103.567864, 44.584126 ], [ -103.567856, 44.584538 ], [ -103.567856, 44.584949 ], [ -103.567848, 44.585358 ], [ -103.567848, 44.58577 ], [ -103.567833, 44.586594 ], [ -103.567833, 44.587006 ], [ -103.567825, 44.587418 ], [ -103.567825, 44.587826 ], [ -103.567818, 44.588238 ], [ -103.567818, 44.58865 ], [ -103.56781, 44.589062 ], [ -103.567808, 44.589324 ], [ -103.567806, 44.589669 ], [ -103.567805, 44.589752 ], [ -103.567804, 44.58981 ], [ -103.567803, 44.589874 ], [ -103.567795, 44.590298 ], [ -103.567795, 44.590706 ], [ -103.567787, 44.591118 ], [ -103.567787, 44.59153 ], [ -103.56778, 44.591942 ], [ -103.56778, 44.592354 ], [ -103.567772, 44.592766 ], [ -103.567772, 44.593178 ], [ -103.567757, 44.593998 ], [ -103.567757, 44.59441 ], [ -103.567749, 44.594822 ], [ -103.567749, 44.595234 ], [ -103.567741, 44.595646 ], [ -103.567741, 44.596058 ], [ -103.567726, 44.596878 ], [ -103.567726, 44.59729 ], [ -103.567718, 44.597702 ], [ -103.567718, 44.598114 ], [ -103.567711, 44.598526 ], [ -103.567711, 44.598938 ], [ -103.567703, 44.599346 ], [ -103.567703, 44.599758 ], [ -103.567688, 44.600582 ], [ -103.567688, 44.600994 ], [ -103.56768, 44.601406 ], [ -103.56768, 44.601687 ], [ -103.56768, 44.601818 ], [ -103.567673, 44.602226 ], [ -103.567673, 44.602638 ], [ -103.567665, 44.60305 ], [ -103.567665, 44.603462 ], [ -103.567655, 44.60401 ], [ -103.567653, 44.604098 ], [ -103.567601, 44.604099 ], [ -103.567447, 44.604101 ], [ -103.567396, 44.604103 ], [ -103.566662, 44.604128 ], [ -103.566294, 44.604141 ], [ -103.565622, 44.604151 ], [ -103.564851, 44.604176 ], [ -103.563669, 44.604193 ], [ -103.5635, 44.604195 ], [ -103.562318, 44.604221 ], [ -103.562033, 44.604227 ], [ -103.560289, 44.604272 ], [ -103.559942, 44.604282 ], [ -103.558762, 44.604328 ], [ -103.558632, 44.60433 ], [ -103.558514, 44.604333 ], [ -103.558323, 44.604314 ], [ -103.558182, 44.604312 ], [ -103.557897, 44.604317 ], [ -103.557758, 44.604315 ], [ -103.557617, 44.604318 ], [ -103.557474, 44.604316 ], [ -103.557333, 44.604319 ], [ -103.557051, 44.604315 ], [ -103.556908, 44.604318 ], [ -103.556826, 44.604316 ], [ -103.556769, 44.604316 ], [ -103.556626, 44.604319 ], [ -103.556064, 44.604316 ], [ -103.555924, 44.604319 ], [ -103.555782, 44.604317 ], [ -103.555638, 44.60432 ], [ -103.555498, 44.604318 ], [ -103.555357, 44.604321 ], [ -103.555216, 44.604319 ], [ -103.554935, 44.604325 ], [ -103.554794, 44.604323 ], [ -103.554654, 44.604326 ], [ -103.554512, 44.604324 ], [ -103.55437, 44.604327 ], [ -103.55423, 44.604325 ], [ -103.553808, 44.604333 ], [ -103.553668, 44.604331 ], [ -103.553528, 44.604334 ], [ -103.553386, 44.604332 ], [ -103.552965, 44.60434 ], [ -103.552541, 44.604339 ], [ -103.552399, 44.604342 ], [ -103.552258, 44.60434 ], [ -103.552117, 44.604343 ], [ -103.551976, 44.604341 ], [ -103.551759, 44.604345 ], [ -103.551694, 44.604347 ], [ -103.551556, 44.604345 ], [ -103.551415, 44.604348 ], [ -103.551134, 44.604344 ], [ -103.550993, 44.604347 ], [ -103.550855, 44.604345 ], [ -103.550713, 44.604348 ], [ -103.550573, 44.604346 ], [ -103.550151, 44.604354 ], [ -103.550071, 44.604353 ], [ -103.550042, 44.604352 ], [ -103.550013, 44.604352 ], [ -103.549958, 44.604353 ], [ -103.549931, 44.604354 ], [ -103.549907, 44.604354 ], [ -103.549872, 44.604355 ], [ -103.549835, 44.604355 ], [ -103.549812, 44.604355 ], [ -103.5495, 44.604353 ], [ -103.549311, 44.604352 ], [ -103.549177, 44.604355 ], [ -103.548956, 44.60436 ], [ -103.54889, 44.604361 ], [ -103.548727, 44.604359 ], [ -103.548566, 44.604356 ], [ -103.54847, 44.604355 ], [ -103.54833, 44.604362 ], [ -103.548255, 44.604364 ], [ -103.548214, 44.604364 ], [ -103.548092, 44.604366 ], [ -103.548052, 44.604368 ], [ -103.547912, 44.604371 ], [ -103.547629, 44.604372 ], [ -103.547345, 44.604372 ], [ -103.547084, 44.604369 ], [ -103.54706, 44.604369 ], [ -103.546064, 44.604388 ], [ -103.545923, 44.604386 ], [ -103.545781, 44.604389 ], [ -103.545638, 44.604387 ], [ -103.545355, 44.604392 ], [ -103.545215, 44.60439 ], [ -103.545072, 44.604393 ], [ -103.544929, 44.604391 ], [ -103.544646, 44.604397 ], [ -103.544505, 44.604395 ], [ -103.544366, 44.604398 ], [ -103.544223, 44.604396 ], [ -103.54418, 44.604396 ], [ -103.543939, 44.604401 ], [ -103.543796, 44.604399 ], [ -103.543658, 44.604402 ], [ -103.543515, 44.6044 ], [ -103.543213, 44.604419 ], [ -103.542964, 44.604419 ], [ -103.542337, 44.604427 ], [ -103.540188, 44.604416 ], [ -103.539894, 44.604412 ], [ -103.539122, 44.604415 ], [ -103.537621, 44.604422 ], [ -103.536508, 44.60444 ], [ -103.532062, 44.60445 ], [ -103.531241, 44.604465 ], [ -103.529913, 44.60447 ], [ -103.528959, 44.604469 ], [ -103.527384, 44.604477 ], [ -103.526851, 44.604472 ], [ -103.526577, 44.60447 ], [ -103.522761, 44.604489 ], [ -103.521076, 44.604504 ], [ -103.516022, 44.60455 ], [ -103.514338, 44.604566 ], [ -103.50894, 44.604629 ], [ -103.500468, 44.604728 ], [ -103.492749, 44.604621 ], [ -103.487507, 44.60455 ], [ -103.487352, 44.604549 ], [ -103.485142, 44.60454 ], [ -103.478512, 44.604516 ], [ -103.476303, 44.604508 ], [ -103.476252, 44.604507 ], [ -103.476098, 44.604507 ], [ -103.476048, 44.604507 ], [ -103.475551, 44.604505 ], [ -103.474281, 44.6045 ], [ -103.46898, 44.604481 ], [ -103.467214, 44.604475 ], [ -103.467195, 44.604516 ], [ -103.467165, 44.604583 ], [ -103.467139, 44.60464 ], [ -103.467121, 44.604682 ], [ -103.466104, 44.604658 ], [ -103.465969, 44.604655 ], [ -103.463053, 44.60467 ], [ -103.462514, 44.604673 ], [ -103.462037, 44.604675 ], [ -103.461939, 44.604682 ], [ -103.461644, 44.604704 ], [ -103.461547, 44.604712 ], [ -103.461523, 44.604712 ], [ -103.46145, 44.604712 ], [ -103.461427, 44.604713 ], [ -103.461396, 44.604713 ], [ -103.461362, 44.604713 ], [ -103.46021, 44.60472 ], [ -103.458523, 44.604728 ], [ -103.453299, 44.604756 ], [ -103.452634, 44.60476 ], [ -103.452147, 44.604762 ], [ -103.450996, 44.604768 ], [ -103.449926, 44.604774 ], [ -103.449843, 44.604775 ], [ -103.44754, 44.604787 ], [ -103.447193, 44.604788 ], [ -103.447061, 44.604789 ], [ -103.447043, 44.604755 ], [ -103.446992, 44.604653 ], [ -103.446975, 44.60462 ], [ -103.445024, 44.604569 ], [ -103.444986, 44.604569 ], [ -103.444958, 44.604569 ], [ -103.444874, 44.604569 ], [ -103.443966, 44.604569 ], [ -103.44371, 44.604569 ], [ -103.443534, 44.604569 ], [ -103.441549, 44.604569 ], [ -103.441495, 44.604569 ], [ -103.439514, 44.60458 ], [ -103.439401, 44.604581 ], [ -103.438884, 44.604584 ], [ -103.438379, 44.604587 ], [ -103.438175, 44.604588 ], [ -103.43754, 44.604592 ], [ -103.437312, 44.604593 ], [ -103.434726, 44.604608 ], [ -103.434375, 44.604611 ], [ -103.433894, 44.604784 ], [ -103.433765, 44.604778 ], [ -103.433653, 44.604775 ], [ -103.433592, 44.604774 ], [ -103.43337, 44.604774 ], [ -103.4326, 44.604782 ], [ -103.431448, 44.604792 ], [ -103.430808, 44.604797 ], [ -103.429656, 44.604794 ], [ -103.429545, 44.604794 ], [ -103.428936, 44.604799 ], [ -103.42873, 44.604795 ], [ -103.42853, 44.604793 ], [ -103.428255, 44.604798 ], [ -103.427439, 44.604797 ], [ -103.426287, 44.604809 ], [ -103.426248, 44.60481 ], [ -103.426054, 44.604808 ], [ -103.425127, 44.604804 ], [ -103.424424, 44.604805 ], [ -103.42329, 44.60482 ], [ -103.422505, 44.604813 ], [ -103.421899, 44.604809 ], [ -103.421353, 44.604807 ], [ -103.420514, 44.604802 ], [ -103.420442, 44.604801 ], [ -103.420339, 44.604801 ], [ -103.420275, 44.604801 ], [ -103.420227, 44.604804 ], [ -103.420156, 44.604809 ], [ -103.420116, 44.60481 ], [ -103.419888, 44.604818 ], [ -103.419835, 44.60482 ], [ -103.419415, 44.604815 ], [ -103.419134, 44.604802 ], [ -103.419084, 44.6048 ], [ -103.418817, 44.604795 ], [ -103.41874, 44.604793 ], [ -103.418716, 44.604793 ], [ -103.41851, 44.60479 ], [ -103.418434, 44.604789 ], [ -103.418398, 44.60479 ], [ -103.418374, 44.60479 ], [ -103.418194, 44.604796 ], [ -103.417323, 44.604801 ], [ -103.41417, 44.604822 ], [ -103.41312, 44.60483 ], [ -103.412929, 44.604828 ], [ -103.412736, 44.604827 ], [ -103.412359, 44.604823 ], [ -103.41217, 44.604822 ], [ -103.41212, 44.604816 ], [ -103.412036, 44.604807 ], [ -103.411972, 44.604805 ], [ -103.411923, 44.604804 ], [ -103.411848, 44.604801 ], [ -103.411758, 44.604799 ], [ -103.411624, 44.604797 ], [ -103.41155, 44.604796 ], [ -103.411463, 44.604794 ], [ -103.411199, 44.604791 ], [ -103.411116, 44.604791 ], [ -103.410918, 44.604792 ], [ -103.410356, 44.604788 ], [ -103.409795, 44.60478 ], [ -103.409657, 44.604783 ], [ -103.409235, 44.604777 ], [ -103.409094, 44.60478 ], [ -103.408815, 44.604776 ], [ -103.408392, 44.604779 ], [ -103.408119, 44.604779 ], [ -103.408043, 44.604779 ], [ -103.40737, 44.604782 ], [ -103.407254, 44.604782 ], [ -103.407142, 44.604782 ], [ -103.406907, 44.604782 ], [ -103.406792, 44.604783 ], [ -103.406579, 44.604777 ], [ -103.406298, 44.604782 ], [ -103.406159, 44.60478 ], [ -103.40601, 44.604782 ], [ -103.405877, 44.604785 ], [ -103.405735, 44.604783 ], [ -103.405596, 44.604786 ], [ -103.405174, 44.604784 ], [ -103.405035, 44.604787 ], [ -103.404894, 44.604785 ], [ -103.404755, 44.604788 ], [ -103.404333, 44.604786 ], [ -103.40419, 44.604789 ], [ -103.403908, 44.604785 ], [ -103.403667, 44.604785 ], [ -103.403625, 44.604785 ], [ -103.402886, 44.604775 ], [ -103.402777, 44.604773 ], [ -103.402495, 44.604783 ], [ -103.402453, 44.604789 ], [ -103.402346, 44.604807 ], [ -103.402158, 44.604835 ], [ -103.402044, 44.604861 ], [ -103.40203, 44.604865 ], [ -103.401672, 44.604983 ], [ -103.401568, 44.605002 ], [ -103.401417, 44.605004 ], [ -103.401299, 44.604988 ], [ -103.401116, 44.60494 ], [ -103.401094, 44.604934 ], [ -103.400975, 44.604904 ], [ -103.400781, 44.604866 ], [ -103.400757, 44.604862 ], [ -103.400692, 44.604851 ], [ -103.400664, 44.604849 ], [ -103.40065, 44.604847 ], [ -103.40061, 44.604844 ], [ -103.400597, 44.604843 ], [ -103.400328, 44.60482 ], [ -103.400314, 44.604819 ], [ -103.400056, 44.604807 ], [ -103.399642, 44.604797 ], [ -103.399464, 44.604795 ], [ -103.399181, 44.604792 ], [ -103.398893, 44.604787 ], [ -103.398838, 44.604787 ], [ -103.397812, 44.604787 ], [ -103.397767, 44.604787 ], [ -103.39747, 44.604792 ], [ -103.397362, 44.604794 ], [ -103.397126, 44.604798 ], [ -103.396675, 44.604798 ], [ -103.39429, 44.604803 ], [ -103.393495, 44.604805 ], [ -103.39322, 44.604806 ], [ -103.393164, 44.604806 ], [ -103.392174, 44.604808 ], [ -103.391844, 44.604809 ], [ -103.391785, 44.604809 ], [ -103.391612, 44.604809 ], [ -103.391554, 44.60481 ], [ -103.391481, 44.604808 ], [ -103.391327, 44.604806 ], [ -103.391262, 44.604805 ], [ -103.391189, 44.604804 ], [ -103.390907, 44.604809 ], [ -103.390768, 44.604807 ], [ -103.390489, 44.604812 ], [ -103.390347, 44.60481 ], [ -103.390205, 44.604813 ], [ -103.38978, 44.604811 ], [ -103.389639, 44.604814 ], [ -103.389075, 44.60481 ], [ -103.388934, 44.604813 ], [ -103.388793, 44.604811 ], [ -103.388652, 44.604814 ], [ -103.38784, 44.604802 ], [ -103.387526, 44.604798 ], [ -103.387111, 44.604801 ], [ -103.387005, 44.604819 ], [ -103.386674, 44.604579 ], [ -103.386234, 44.604577 ], [ -103.384523, 44.604571 ], [ -103.383689, 44.604568 ], [ -103.382995, 44.604566 ], [ -103.382923, 44.604565 ], [ -103.382841, 44.604565 ], [ -103.380482, 44.604557 ], [ -103.375464, 44.604541 ], [ -103.373405, 44.604539 ], [ -103.371139, 44.604537 ], [ -103.371046, 44.604536 ], [ -103.370199, 44.604535 ], [ -103.367659, 44.604534 ], [ -103.366914, 44.604534 ], [ -103.366813, 44.604533 ], [ -103.365261, 44.60453 ], [ -103.360608, 44.604521 ], [ -103.359173, 44.604519 ], [ -103.359058, 44.604518 ], [ -103.358971, 44.604518 ], [ -103.356544, 44.604516 ], [ -103.349002, 44.604512 ], [ -103.346489, 44.604511 ], [ -103.346393, 44.604511 ], [ -103.346297, 44.604512 ], [ -103.345529, 44.604512 ], [ -103.345433, 44.604513 ], [ -103.344762, 44.604513 ], [ -103.344666, 44.604514 ], [ -103.344311, 44.604514 ], [ -103.343802, 44.604514 ], [ -103.343706, 44.604515 ], [ -103.342938, 44.604515 ], [ -103.342842, 44.604516 ], [ -103.342074, 44.604516 ], [ -103.341978, 44.604517 ], [ -103.34121, 44.604517 ], [ -103.341114, 44.604518 ], [ -103.34025, 44.604518 ], [ -103.340154, 44.604519 ], [ -103.339386, 44.604519 ], [ -103.33929, 44.60452 ], [ -103.338522, 44.60452 ], [ -103.338426, 44.604521 ], [ -103.33778, 44.604521 ], [ -103.337562, 44.604521 ], [ -103.337467, 44.604522 ], [ -103.336603, 44.604522 ], [ -103.336506, 44.604523 ], [ -103.335738, 44.604523 ], [ -103.335643, 44.604524 ], [ -103.335603, 44.604524 ], [ -103.334779, 44.604524 ], [ -103.334683, 44.604525 ], [ -103.333819, 44.604525 ], [ -103.333723, 44.604526 ], [ -103.332859, 44.604526 ], [ -103.332763, 44.604527 ], [ -103.331995, 44.604527 ], [ -103.331899, 44.604528 ], [ -103.330939, 44.604528 ], [ -103.330843, 44.604529 ], [ -103.329979, 44.604529 ], [ -103.329883, 44.60453 ], [ -103.329019, 44.60453 ], [ -103.328924, 44.604531 ], [ -103.328086, 44.604531 ], [ -103.32806, 44.604531 ], [ -103.327964, 44.604532 ], [ -103.327004, 44.604532 ], [ -103.326908, 44.604533 ], [ -103.326208, 44.604533 ], [ -103.322884, 44.604511 ], [ -103.312913, 44.604447 ], [ -103.309796, 44.604427 ], [ -103.30959, 44.604427 ], [ -103.309033, 44.604427 ], [ -103.307362, 44.604428 ], [ -103.306806, 44.604429 ], [ -103.303757, 44.604397 ], [ -103.294611, 44.604301 ], [ -103.291563, 44.604269 ], [ -103.291561, 44.604433 ], [ -103.29155, 44.604532 ], [ -103.291518, 44.60463 ], [ -103.291409, 44.604692 ], [ -103.291265, 44.604707 ], [ -103.291125, 44.60471 ], [ -103.290902, 44.604706 ], [ -103.290848, 44.604706 ], [ -103.290428, 44.604708 ], [ -103.290145, 44.604713 ], [ -103.28972, 44.604707 ], [ -103.289438, 44.604707 ], [ -103.288871, 44.604703 ], [ -103.288731, 44.604706 ], [ -103.288308, 44.604699 ], [ -103.288165, 44.604702 ], [ -103.288024, 44.604699 ], [ -103.287905, 44.604701 ], [ -103.287883, 44.604702 ], [ -103.287319, 44.604698 ], [ -103.287037, 44.604698 ], [ -103.286907, 44.604694 ], [ -103.286876, 44.604645 ], [ -103.286783, 44.604499 ], [ -103.286752, 44.604451 ], [ -103.286315, 44.604446 ], [ -103.285981, 44.604447 ], [ -103.28367, 44.604454 ], [ -103.283339, 44.604456 ], [ -103.2829, 44.604458 ], [ -103.282871, 44.604458 ], [ -103.282784, 44.604458 ], [ -103.282756, 44.604458 ], [ -103.268864, 44.604509 ], [ -103.268147, 44.604506 ], [ -103.26633, 44.604489 ], [ -103.266136, 44.604489 ], [ -103.266034, 44.604489 ], [ -103.26598, 44.604484 ], [ -103.265559, 44.604449 ], [ -103.265367, 44.604434 ], [ -103.265266, 44.604425 ], [ -103.265119, 44.604414 ], [ -103.264954, 44.604401 ], [ -103.264866, 44.604394 ], [ -103.264828, 44.604391 ], [ -103.264738, 44.604368 ], [ -103.264707, 44.60436 ], [ -103.264671, 44.604352 ], [ -103.263252, 44.604336 ], [ -103.258887, 44.604288 ], [ -103.258079, 44.60428 ], [ -103.257433, 44.604318 ], [ -103.257415, 44.604318 ], [ -103.257362, 44.604322 ], [ -103.257345, 44.604323 ], [ -103.257326, 44.604323 ], [ -103.25727, 44.604327 ], [ -103.257252, 44.604328 ], [ -103.25719, 44.604331 ], [ -103.257006, 44.604343 ], [ -103.256945, 44.604347 ], [ -103.256855, 44.604345 ], [ -103.256586, 44.604339 ], [ -103.256497, 44.604337 ], [ -103.256086, 44.604327 ], [ -103.254853, 44.604299 ], [ -103.254545, 44.604292 ], [ -103.254442, 44.60429 ], [ -103.254351, 44.604287 ], [ -103.254267, 44.604286 ], [ -103.25408, 44.60431 ], [ -103.25399, 44.604322 ], [ -103.253954, 44.604326 ], [ -103.253849, 44.604341 ], [ -103.253814, 44.604346 ], [ -103.253595, 44.604375 ], [ -103.252941, 44.604464 ], [ -103.252723, 44.604494 ], [ -103.2525, 44.604524 ], [ -103.251832, 44.604615 ], [ -103.251807, 44.604619 ], [ -103.251609, 44.604642 ], [ -103.251101, 44.604702 ], [ -103.250461, 44.604779 ], [ -103.249582, 44.604656 ], [ -103.249138, 44.604594 ], [ -103.249077, 44.604586 ], [ -103.24901, 44.604586 ], [ -103.248809, 44.604586 ], [ -103.248742, 44.604586 ], [ -103.248288, 44.604586 ], [ -103.246929, 44.604586 ], [ -103.246476, 44.604587 ], [ -103.246366, 44.604587 ], [ -103.246036, 44.604587 ], [ -103.245926, 44.604587 ], [ -103.2451, 44.604587 ], [ -103.242623, 44.604589 ], [ -103.241798, 44.60459 ], [ -103.241751, 44.60459 ], [ -103.241707, 44.60459 ], [ -103.241613, 44.60459 ], [ -103.241567, 44.60459 ], [ -103.241431, 44.60459 ], [ -103.241225, 44.60459 ], [ -103.240201, 44.60459 ], [ -103.239917, 44.60459 ], [ -103.23986, 44.604591 ], [ -103.239743, 44.604591 ], [ -103.239393, 44.604591 ], [ -103.239277, 44.604591 ], [ -103.236333, 44.604592 ], [ -103.227504, 44.604598 ], [ -103.225872, 44.604599 ], [ -103.224611, 44.6046 ], [ -103.224561, 44.604601 ], [ -103.224527, 44.604601 ], [ -103.224425, 44.604601 ], [ -103.224391, 44.604601 ], [ -103.221687, 44.604602 ], [ -103.219687, 44.604604 ], [ -103.205574, 44.604613 ], [ -103.200871, 44.604617 ], [ -103.20081, 44.604617 ], [ -103.200627, 44.604617 ], [ -103.200567, 44.604617 ], [ -103.197507, 44.604619 ], [ -103.188328, 44.604625 ], [ -103.185298, 44.604627 ], [ -103.185269, 44.604628 ], [ -103.185096, 44.604628 ], [ -103.18458, 44.604628 ], [ -103.184408, 44.604628 ], [ -103.183049, 44.604629 ], [ -103.178972, 44.604631 ], [ -103.177614, 44.604633 ], [ -103.177434, 44.604627 ], [ -103.176894, 44.604612 ], [ -103.176714, 44.604607 ], [ -103.176588, 44.604603 ], [ -103.17621, 44.604592 ], [ -103.176085, 44.604589 ], [ -103.176033, 44.604589 ], [ -103.175879, 44.604589 ], [ -103.175828, 44.60459 ], [ -103.173228, 44.604594 ], [ -103.16543, 44.604605 ], [ -103.162831, 44.60461 ], [ -103.162719, 44.60461 ], [ -103.162383, 44.60461 ], [ -103.162272, 44.604611 ], [ -103.161855, 44.604611 ], [ -103.158546, 44.604616 ], [ -103.147368, 44.604633 ], [ -103.143643, 44.60464 ], [ -103.143571, 44.60464 ], [ -103.143355, 44.60464 ], [ -103.143284, 44.60464 ], [ -103.132233, 44.604658 ], [ -103.125456, 44.60467 ], [ -103.110084, 44.604654 ], [ -103.103372, 44.604647 ], [ -103.101405, 44.604645 ], [ -103.099087, 44.604643 ], [ -103.088032, 44.604631 ], [ -103.087998, 44.604631 ], [ -103.087896, 44.604631 ], [ -103.087862, 44.604631 ], [ -103.087567, 44.60463 ], [ -103.084384, 44.604626 ], [ -103.07395, 44.604616 ], [ -103.070473, 44.604613 ], [ -103.070459, 44.604612 ], [ -103.070439, 44.604612 ], [ -103.070418, 44.604612 ], [ -103.070405, 44.604612 ], [ -103.070201, 44.604612 ], [ -103.069867, 44.604611 ], [ -103.068255, 44.604608 ], [ -103.067718, 44.604608 ], [ -103.067669, 44.604607 ], [ -103.067524, 44.604607 ], [ -103.067476, 44.604607 ], [ -103.066005, 44.604604 ], [ -103.061595, 44.604597 ], [ -103.060298, 44.604596 ], [ -103.060258, 44.604595 ], [ -103.060125, 44.604595 ], [ -103.057516, 44.604591 ], [ -103.049692, 44.604579 ], [ -103.047084, 44.604576 ], [ -103.047043, 44.604575 ], [ -103.04692, 44.604573 ], [ -103.046879, 44.604573 ], [ -103.04594, 44.604562 ], [ -103.043124, 44.604529 ], [ -103.042186, 44.604519 ], [ -103.042131, 44.604518 ], [ -103.041969, 44.604518 ], [ -103.041915, 44.604518 ], [ -103.037579, 44.604506 ], [ -103.034822, 44.604498 ], [ -103.02445, 44.604471 ], [ -103.013543, 44.604441 ], [ -103.00645, 44.604423 ], [ -103.006413, 44.604422 ], [ -103.006381, 44.604422 ], [ -103.006303, 44.604422 ], [ -103.006267, 44.604422 ], [ -103.00611, 44.604422 ], [ -103.005104, 44.604419 ], [ -103.001615, 44.60441 ], [ -103.000453, 44.604407 ], [ -103.00038, 44.604406 ], [ -103.000165, 44.604405 ], [ -103.000093, 44.604405 ], [ -102.995404, 44.604381 ], [ -102.98615, 44.604335 ], [ -102.98134, 44.60431 ], [ -102.97885, 44.604298 ], [ -102.976653, 44.604287 ], [ -102.97661, 44.604286 ], [ -102.976483, 44.604286 ], [ -102.976441, 44.604286 ], [ -102.976379, 44.604286 ], [ -102.975692, 44.604264 ], [ -102.973448, 44.604195 ], [ -102.9727, 44.604173 ], [ -102.97268, 44.604173 ], [ -102.972624, 44.604173 ], [ -102.972605, 44.604174 ], [ -102.970666, 44.604199 ], [ -102.964849, 44.604277 ], [ -102.964125, 44.604287 ], [ -102.964189, 44.6055 ], [ -102.964188, 44.605517 ], [ -102.964188, 44.605569 ], [ -102.964188, 44.605587 ], [ -102.964176, 44.606634 ], [ -102.964165, 44.607578 ], [ -102.964097, 44.613551 ], [ -102.964075, 44.615543 ], [ -102.964074, 44.615552 ], [ -102.964074, 44.615582 ], [ -102.964074, 44.615592 ], [ -102.964053, 44.618137 ], [ -102.963998, 44.624987 ], [ -102.963985, 44.625773 ], [ -102.963946, 44.628319 ], [ -102.963945, 44.628358 ], [ -102.963945, 44.628478 ], [ -102.963945, 44.628518 ], [ -102.963938, 44.631632 ], [ -102.963921, 44.639935 ], [ -102.963918, 44.640976 ], [ -102.963912, 44.644091 ], [ -102.963911, 44.644176 ], [ -102.963911, 44.644282 ], [ -102.963911, 44.644432 ], [ -102.963911, 44.644518 ], [ -102.96389, 44.64901 ], [ -102.963831, 44.662486 ], [ -102.963812, 44.666979 ], [ -102.96381, 44.667062 ], [ -102.963808, 44.667312 ], [ -102.963808, 44.667396 ], [ -102.963782, 44.670743 ], [ -102.963744, 44.675712 ], [ -102.963731, 44.67739 ], [ -102.963704, 44.680784 ], [ -102.963679, 44.684131 ], [ -102.963679, 44.68415 ], [ -102.963679, 44.684207 ], [ -102.963679, 44.684227 ], [ -102.963661, 44.687631 ], [ -102.963646, 44.690613 ], [ -102.95865, 44.690617 ], [ -102.958651, 44.692854 ], [ -102.958655, 44.696259 ], [ -102.958655, 44.696319 ], [ -102.958656, 44.696375 ], [ -102.958655, 44.6965 ], [ -102.958655, 44.696561 ], [ -102.958655, 44.697661 ], [ -102.958655, 44.700964 ], [ -102.958656, 44.702065 ], [ -102.958655, 44.702084 ], [ -102.958655, 44.702142 ], [ -102.958655, 44.702162 ], [ -102.95865, 44.703103 ], [ -102.958636, 44.70593 ], [ -102.958632, 44.706872 ], [ -102.958632, 44.706924 ], [ -102.958632, 44.707081 ], [ -102.958632, 44.707134 ], [ -102.95863, 44.707405 ], [ -102.958627, 44.708221 ], [ -102.958627, 44.708493 ], [ -102.958627, 44.708508 ], [ -102.958629, 44.708552 ], [ -102.958627, 44.70857 ], [ -102.958626, 44.708657 ], [ -102.958626, 44.708837 ], [ -102.958642, 44.712326 ], [ -102.958696, 44.723596 ], [ -102.958715, 44.727353 ], [ -102.958715, 44.727409 ], [ -102.958715, 44.727577 ], [ -102.958715, 44.727634 ], [ -102.958716, 44.728479 ], [ -102.958722, 44.731017 ], [ -102.958724, 44.731863 ], [ -102.958724, 44.731881 ], [ -102.958724, 44.731936 ], [ -102.958724, 44.731955 ], [ -102.95873, 44.735265 ], [ -102.958748, 44.745198 ], [ -102.958754, 44.748365 ], [ -102.958752, 44.748509 ], [ -102.958732, 44.749987 ], [ -102.958728, 44.754171 ], [ -102.958716, 44.77116 ], [ -102.958713, 44.776687 ], [ -102.958713, 44.776824 ], [ -102.958713, 44.776912 ], [ -102.958713, 44.777179 ], [ -102.958714, 44.777244 ], [ -102.958714, 44.777269 ], [ -102.958713, 44.77739 ], [ -102.95871, 44.780203 ], [ -102.958703, 44.789008 ], [ -102.958702, 44.791809 ], [ -102.958702, 44.791944 ], [ -102.9587, 44.794399 ], [ -102.958695, 44.801765 ], [ -102.958694, 44.804104 ], [ -102.958694, 44.804221 ], [ -102.958692, 44.805832 ], [ -102.958689, 44.810666 ], [ -102.958689, 44.81212 ], [ -102.958689, 44.812278 ], [ -102.958686, 44.816494 ], [ -102.958684, 44.819017 ], [ -102.95868, 44.826361 ], [ -102.958678, 44.829142 ], [ -102.958676, 44.833252 ], [ -102.958675, 44.833359 ], [ -102.958674, 44.833738 ], [ -102.958673, 44.834876 ], [ -102.958673, 44.835034 ], [ -102.958673, 44.835256 ], [ -102.958669, 44.836194 ], [ -102.958659, 44.83901 ], [ -102.958657, 44.839591 ], [ -102.958654, 44.839949 ], [ -102.958654, 44.840012 ], [ -102.958653, 44.840083 ], [ -102.958653, 44.840171 ], [ -102.958655, 44.840203 ], [ -102.95866, 44.840267 ], [ -102.958672, 44.840461 ], [ -102.958704, 44.84094 ], [ -102.958703, 44.841045 ], [ -102.958702, 44.84124 ], [ -102.958693, 44.842754 ], [ -102.958669, 44.847298 ], [ -102.958662, 44.848689 ], [ -102.958662, 44.848813 ], [ -102.958648, 44.851398 ], [ -102.958607, 44.859155 ], [ -102.958595, 44.861508 ], [ -102.958592, 44.861741 ], [ -102.958588, 44.862105 ], [ -102.958561, 44.8643 ], [ -102.958512, 44.868186 ], [ -102.958429, 44.874988 ], [ -102.958493, 44.887524 ], [ -102.958526, 44.893971 ], [ -102.958526, 44.894007 ], [ -102.958526, 44.894115 ], [ -102.958526, 44.894152 ], [ -102.958527, 44.895405 ], [ -102.958531, 44.899167 ], [ -102.958532, 44.899613 ], [ -102.958533, 44.900421 ], [ -102.958533, 44.900448 ], [ -102.958533, 44.900531 ], [ -102.958533, 44.900559 ], [ -102.958533, 44.901061 ], [ -102.958535, 44.902567 ], [ -102.958536, 44.903069 ], [ -102.958535, 44.903112 ], [ -102.958535, 44.903241 ], [ -102.958535, 44.903285 ], [ -102.958535, 44.903437 ], [ -102.958535, 44.903589 ], [ -102.958535, 44.903799 ], [ -102.958536, 44.904151 ], [ -102.958537, 44.904713 ], [ -102.958537, 44.90477 ], [ -102.958537, 44.904827 ], [ -102.958538, 44.905343 ], [ -102.958539, 44.905858 ], [ -102.958539, 44.90588 ], [ -102.958539, 44.905947 ], [ -102.958539, 44.90597 ], [ -102.958539, 44.906364 ], [ -102.958541, 44.907516 ], [ -102.958541, 44.907549 ], [ -102.958542, 44.907944 ], [ -102.958542, 44.908011 ], [ -102.958542, 44.908213 ], [ -102.958542, 44.908281 ], [ -102.958545, 44.911102 ], [ -102.958553, 44.917866 ], [ -102.958554, 44.919568 ], [ -102.958558, 44.92239 ], [ -102.958558, 44.92246 ], [ -102.958558, 44.922671 ], [ -102.958559, 44.922742 ], [ -102.958559, 44.922811 ], [ -102.95856, 44.923018 ], [ -102.958561, 44.923087 ], [ -102.958561, 44.92313 ], [ -102.958561, 44.923141 ], [ -102.958561, 44.923195 ], [ -102.958561, 44.92325 ], [ -102.958561, 44.92326 ], [ -102.958561, 44.923304 ], [ -102.958576, 44.927362 ], [ -102.958587, 44.930271 ], [ -102.958622, 44.939535 ], [ -102.958636, 44.943083 ], [ -102.958637, 44.943594 ], [ -102.958642, 44.945139 ], [ -102.95866, 44.949776 ], [ -102.958666, 44.951165 ], [ -102.958666, 44.951322 ], [ -102.958667, 44.951467 ], [ -102.958669, 44.951711 ], [ -102.958669, 44.951902 ], [ -102.95867, 44.952048 ], [ -102.95867, 44.952138 ], [ -102.958671, 44.952165 ], [ -102.958672, 44.952289 ], [ -102.95867, 44.952409 ], [ -102.958669, 44.9525 ], [ -102.958646, 44.954766 ], [ -102.958615, 44.95804 ], [ -102.958651, 44.959995 ], [ -102.95868, 44.961564 ], [ -102.958714, 44.963379 ], [ -102.958678, 44.963829 ], [ -102.958676, 44.963849 ], [ -102.958671, 44.963913 ], [ -102.95867, 44.963934 ], [ -102.958645, 44.964233 ], [ -102.958574, 44.965133 ], [ -102.95856, 44.965316 ], [ -102.95856, 44.965434 ], [ -102.95856, 44.965604 ], [ -102.958559, 44.967323 ], [ -102.958557, 44.972991 ], [ -102.958557, 44.974846 ], [ -102.958557, 44.974881 ], [ -102.958557, 44.9749 ], [ -102.958566, 44.975056 ], [ -102.958573, 44.975185 ], [ -102.958615, 44.975875 ], [ -102.958623, 44.97599 ], [ -102.958633, 44.976098 ], [ -102.958643, 44.976189 ], [ -102.958664, 44.976402 ], [ -102.958689, 44.976654 ], [ -102.958764, 44.977411 ], [ -102.958783, 44.977598 ], [ -102.958784, 44.977664 ], [ -102.958787, 44.977832 ], [ -102.95881, 44.978924 ], [ -102.958888, 44.982705 ], [ -102.958914, 44.983906 ], [ -102.958913, 44.983966 ], [ -102.958911, 44.984309 ], [ -102.958899, 44.986119 ], [ -102.958872, 44.990622 ], [ -102.958859, 44.992581 ], [ -102.958847, 44.994687 ], [ -102.958847, 44.994736 ], [ -102.958848, 44.995404 ], [ -102.958852, 44.997408 ], [ -102.958854, 44.998021 ], [ -102.958856, 44.998076 ], [ -102.958875, 44.99847 ], [ -102.958932, 44.999654 ], [ -102.958949, 44.999989 ], [ -102.958949, 45.000049 ], [ -102.958949, 45.002461 ], [ -102.958949, 45.009697 ], [ -102.958949, 45.012048 ], [ -102.958948, 45.01211 ], [ -102.958915, 45.017879 ], [ -102.958819, 45.035189 ], [ -102.958796, 45.039388 ], [ -102.958779, 45.039564 ], [ -102.957371, 45.039569 ], [ -102.956076, 45.039575 ], [ -102.952191, 45.039594 ], [ -102.950897, 45.039601 ], [ -102.950853, 45.039601 ], [ -102.948511, 45.039611 ], [ -102.941356, 45.039644 ], [ -102.939223, 45.039655 ], [ -102.939163, 45.039655 ], [ -102.938971, 45.039655 ], [ -102.938937, 45.039656 ], [ -102.938247, 45.039656 ], [ -102.936076, 45.039657 ], [ -102.935353, 45.039658 ], [ -102.933859, 45.039599 ], [ -102.929377, 45.039423 ], [ -102.927883, 45.039365 ], [ -102.927636, 45.039359 ], [ -102.926898, 45.039342 ], [ -102.926652, 45.039337 ], [ -102.926566, 45.039337 ], [ -102.92631, 45.039339 ], [ -102.926225, 45.039341 ], [ -102.926204, 45.039338 ], [ -102.918216, 45.039484 ], [ -102.891504, 45.039484 ], [ -102.883912, 45.039366 ], [ -102.881671, 45.039425 ], [ -102.874736, 45.039344 ], [ -102.867793, 45.039352 ], [ -102.866936, 45.03935 ], [ -102.866688, 45.039349 ], [ -102.866488, 45.039349 ], [ -102.865544, 45.039347 ], [ -102.858799, 45.039342 ], [ -102.858649, 45.039342 ], [ -102.85861, 45.039342 ], [ -102.85842, 45.039342 ], [ -102.858236, 45.039342 ], [ -102.858201, 45.039342 ], [ -102.858052, 45.039342 ], [ -102.855379, 45.039342 ], [ -102.847363, 45.039342 ], [ -102.844691, 45.039342 ], [ -102.844452, 45.039342 ], [ -102.843141, 45.039341 ], [ -102.838493, 45.039338 ], [ -102.836944, 45.039337 ], [ -102.836575, 45.039336 ], [ -102.835471, 45.039336 ], [ -102.835103, 45.039336 ], [ -102.832059, 45.039332 ], [ -102.82293, 45.03932 ], [ -102.820077, 45.039317 ], [ -102.819887, 45.039318 ], [ -102.818498, 45.039315 ], [ -102.814334, 45.039309 ], [ -102.813089, 45.039308 ], [ -102.812946, 45.039308 ], [ -102.808589, 45.0393 ], [ -102.795518, 45.039279 ], [ -102.79149, 45.039273 ], [ -102.791162, 45.039273 ], [ -102.786421, 45.039278 ], [ -102.779292, 45.039286 ], [ -102.772201, 45.039293 ], [ -102.767539, 45.039299 ], [ -102.767461, 45.039301 ], [ -102.767263, 45.039307 ], [ -102.767203, 45.039309 ], [ -102.767125, 45.039308 ], [ -102.767008, 45.039307 ], [ -102.76667, 45.039305 ], [ -102.766473, 45.039304 ], [ -102.766312, 45.039302 ], [ -102.766087, 45.039301 ], [ -102.765832, 45.039301 ], [ -102.765672, 45.039302 ], [ -102.764603, 45.039298 ], [ -102.763958, 45.039297 ], [ -102.761922, 45.03929 ], [ -102.761397, 45.039286 ], [ -102.760329, 45.03928 ], [ -102.760128, 45.039279 ], [ -102.759794, 45.039278 ], [ -102.759527, 45.039278 ], [ -102.759327, 45.039278 ], [ -102.759, 45.039278 ], [ -102.75802, 45.039278 ], [ -102.757694, 45.039278 ], [ -102.750864, 45.039273 ], [ -102.732692, 45.039125 ], [ -102.732019, 45.039102 ], [ -102.731933, 45.039092 ], [ -102.731789, 45.039085 ], [ -102.731507, 45.039079 ], [ -102.731079, 45.039084 ], [ -102.730937, 45.039081 ], [ -102.730795, 45.039083 ], [ -102.730514, 45.039082 ], [ -102.730228, 45.039085 ], [ -102.730087, 45.039082 ], [ -102.729945, 45.039088 ], [ -102.729374, 45.039095 ], [ -102.729233, 45.039092 ], [ -102.729091, 45.039094 ], [ -102.728951, 45.039091 ], [ -102.728386, 45.039093 ], [ -102.727964, 45.039089 ], [ -102.727684, 45.039088 ], [ -102.727265, 45.03908 ], [ -102.726986, 45.03907 ], [ -102.726712, 45.039042 ], [ -102.726575, 45.039017 ], [ -102.726442, 45.038987 ], [ -102.726177, 45.038923 ], [ -102.715798, 45.039008 ] ] ] } },
{ "type": "Feature", "properties": { "STATEFP": "56", "COUNTYFP": "045", "COUNTYNS": "01605086", "GEOID": "56045", "GEOIDFQ": "0500000US56045", "NAME": "Weston", "NAMELSAD": "Weston County", "LSAD": "06", "CLASSFP": "H1", "MTFCC": "G4020", "CSAFP": null, "CBSAFP": null, "METDIVFP": null, "FUNCSTAT": "A", "ALAND": 6210804121, "AWATER": 5225499, "INTPTLAT": "+43.8462133", "INTPTLON": "-104.5700202" }, "geometry": { "type": "Polygon", "coordinates": [ [ [ -105.081407, 43.826963 ], [ -105.081392, 43.829646 ], [ -105.081392, 43.829771 ], [ -105.08139, 43.830294 ], [ -105.08138, 43.832107 ], [ -105.081362, 43.835656 ], [ -105.081344, 43.839206 ], [ -105.081336, 43.84057 ], [ -105.081329, 43.841934 ], [ -105.081324, 43.842924 ], [ -105.081319, 43.843915 ], [ -105.081308, 43.846163 ], [ -105.081296, 43.84841 ], [ -105.081288, 43.849922 ], [ -105.081287, 43.850107 ], [ -105.08128, 43.851434 ], [ -105.081268, 43.853672 ], [ -105.081257, 43.855909 ], [ -105.081254, 43.856419 ], [ -105.081252, 43.856928 ], [ -105.081261, 43.859921 ], [ -105.081271, 43.862845 ], [ -105.081272, 43.863419 ], [ -105.081287, 43.868033 ], [ -105.081292, 43.869737 ], [ -105.081294, 43.870233 ], [ -105.081309, 43.874975 ], [ -105.081303, 43.879229 ], [ -105.081298, 43.882895 ], [ -105.081297, 43.884308 ], [ -105.08129, 43.889389 ], [ -105.081284, 43.894135 ], [ -105.081284, 43.894464 ], [ -105.081277, 43.899541 ], [ -105.081274, 43.90252 ], [ -105.08127, 43.905498 ], [ -105.081267, 43.90752 ], [ -105.08126, 43.908381 ], [ -105.081222, 43.91313 ], [ -105.081219, 43.913416 ], [ -105.081213, 43.914275 ], [ -105.081212, 43.914462 ], [ -105.081211, 43.914562 ], [ -105.081166, 43.920272 ], [ -105.081137, 43.923934 ], [ -105.081121, 43.925982 ], [ -105.080962, 43.946085 ], [ -105.080956, 43.947042 ], [ -105.080922, 43.95205 ], [ -105.080861, 43.961423 ], [ -105.080859, 43.961567 ], [ -105.080853, 43.962003 ], [ -105.080852, 43.962148 ], [ -105.08084, 43.962385 ], [ -105.080807, 43.963099 ], [ -105.080804, 43.963175 ], [ -105.080803, 43.963338 ], [ -105.080798, 43.963797 ], [ -105.080786, 43.965177 ], [ -105.080782, 43.965638 ], [ -105.080782, 43.96567 ], [ -105.08078, 43.965736 ], [ -105.080778, 43.966033 ], [ -105.080778, 43.966132 ], [ -105.080777, 43.966216 ], [ -105.080774, 43.96645 ], [ -105.080766, 43.967407 ], [ -105.080764, 43.967726 ], [ -105.080764, 43.967747 ], [ -105.080763, 43.968411 ], [ -105.080761, 43.970467 ], [ -105.080761, 43.971153 ], [ -105.080746, 43.972965 ], [ -105.080704, 43.978401 ], [ -105.08069, 43.980214 ], [ -105.080667, 43.983051 ], [ -105.080643, 43.986116 ], [ -105.080599, 43.991565 ], [ -105.080596, 43.992017 ], [ -105.080587, 43.99321 ], [ -105.080577, 43.994403 ], [ -105.080576, 43.99445 ], [ -105.080575, 43.994591 ], [ -105.080576, 43.994636 ], [ -105.080573, 43.994844 ], [ -105.080569, 43.995463 ], [ -105.080568, 43.99567 ], [ -105.080461, 43.999822 ], [ -105.080457, 43.999978 ], [ -105.080245, 44.012277 ], [ -105.08024, 44.012622 ], [ -105.080178, 44.016253 ], [ -105.080219, 44.016425 ], [ -105.080247, 44.01655 ], [ -105.080338, 44.016927 ], [ -105.080368, 44.017061 ], [ -105.080372, 44.017852 ], [ -105.080376, 44.018426 ], [ -105.080378, 44.018652 ], [ -105.080397, 44.021286 ], [ -105.080406, 44.022545 ], [ -105.080416, 44.023709 ], [ -105.080417, 44.023919 ], [ -105.080412, 44.025493 ], [ -105.080412, 44.025557 ], [ -105.080407, 44.027195 ], [ -105.080401, 44.029106 ], [ -105.080399, 44.030215 ], [ -105.080396, 44.031017 ], [ -105.080395, 44.03178 ], [ -105.080373, 44.039516 ], [ -105.080301, 44.064063 ], [ -105.080301, 44.065976 ], [ -105.080304, 44.071691 ], [ -105.080305, 44.073596 ], [ -105.080307, 44.074126 ], [ -105.080313, 44.075718 ], [ -105.080315, 44.076249 ], [ -105.080317, 44.076582 ], [ -105.080323, 44.077584 ], [ -105.080326, 44.077918 ], [ -105.08039, 44.079637 ], [ -105.08057, 44.084365 ], [ -105.080585, 44.084795 ], [ -105.080649, 44.086477 ], [ -105.08065, 44.086515 ], [ -105.080646, 44.086661 ], [ -105.080548, 44.090116 ], [ -105.080497, 44.091934 ], [ -105.080242, 44.10092 ], [ -105.080141, 44.104522 ], [ -105.08012, 44.106129 ], [ -105.080102, 44.107646 ], [ -105.080025, 44.114238 ], [ -105.079992, 44.117021 ], [ -105.079956, 44.12001 ], [ -105.079955, 44.120147 ], [ -105.079939, 44.121155 ], [ -105.079902, 44.123576 ], [ -105.079892, 44.124179 ], [ -105.079881, 44.124979 ], [ -105.079876, 44.125187 ], [ -105.079762, 44.130038 ], [ -105.079755, 44.130354 ], [ -105.079681, 44.133517 ], [ -105.079576, 44.137976 ], [ -105.07955, 44.139084 ], [ -105.079468, 44.144592 ], [ -105.079397, 44.149437 ], [ -105.079395, 44.149623 ], [ -105.079391, 44.150162 ], [ -105.07939, 44.150342 ], [ -105.079388, 44.150527 ], [ -105.079385, 44.15102 ], [ -105.079385, 44.151086 ], [ -105.079384, 44.151271 ], [ -105.079383, 44.151389 ], [ -105.07938, 44.151744 ], [ -105.079381, 44.151769 ], [ -105.07938, 44.151862 ], [ -105.079374, 44.152676 ], [ -105.079357, 44.155121 ], [ -105.079352, 44.155868 ], [ -105.079352, 44.155937 ], [ -105.079345, 44.157967 ], [ -105.079338, 44.159903 ], [ -105.079338, 44.159939 ], [ -105.079311, 44.1675 ], [ -105.079296, 44.171801 ], [ -105.079291, 44.173307 ], [ -105.079282, 44.17566 ], [ -105.079282, 44.175768 ], [ -105.079281, 44.17585 ], [ -105.079281, 44.176099 ], [ -105.079281, 44.176182 ], [ -105.078156, 44.17613 ], [ -105.077103, 44.176222 ], [ -105.076426, 44.176358 ], [ -105.076209, 44.176371 ], [ -105.074724, 44.176457 ], [ -105.074473, 44.176486 ], [ -105.074268, 44.17651 ], [ -105.074007, 44.176491 ], [ -105.068798, 44.176461 ], [ -105.068067, 44.176457 ], [ -105.067936, 44.176461 ], [ -105.065211, 44.176516 ], [ -105.062308, 44.176577 ], [ -105.057374, 44.176675 ], [ -105.054613, 44.176729 ], [ -105.052844, 44.176764 ], [ -105.048963, 44.176815 ], [ -105.047087, 44.176857 ], [ -105.046738, 44.176865 ], [ -105.046459, 44.176893 ], [ -105.046059, 44.176897 ], [ -105.044069, 44.176916 ], [ -105.039787, 44.176956 ], [ -105.038338, 44.176977 ], [ -105.031322, 44.176838 ], [ -105.031196, 44.176836 ], [ -105.03094, 44.176836 ], [ -105.029166, 44.176836 ], [ -105.028786, 44.176831 ], [ -105.027829, 44.176829 ], [ -105.024959, 44.176825 ], [ -105.024003, 44.176824 ], [ -105.021, 44.17682 ], [ -105.014555, 44.176853 ], [ -105.014363, 44.176851 ], [ -105.012402, 44.176832 ], [ -105.012292, 44.17683 ], [ -105.009548, 44.176851 ], [ -105.005542, 44.176883 ], [ -105.003803, 44.176887 ], [ -105.000513, 44.176897 ], [ -105.000414, 44.177329 ], [ -104.994583, 44.177371 ], [ -104.99453, 44.177372 ], [ -104.986996, 44.177427 ], [ -104.9824, 44.177461 ], [ -104.974297, 44.177519 ], [ -104.958247, 44.177635 ], [ -104.954979, 44.177658 ], [ -104.944391, 44.177734 ], [ -104.940988, 44.177759 ], [ -104.937053, 44.177787 ], [ -104.936949, 44.177788 ], [ -104.936824, 44.177789 ], [ -104.933739, 44.177811 ], [ -104.924109, 44.17788 ], [ -104.921241, 44.177901 ], [ -104.920899, 44.177903 ], [ -104.912848, 44.177962 ], [ -104.908423, 44.177993 ], [ -104.907417, 44.178 ], [ -104.907142, 44.178005 ], [ -104.906236, 44.178017 ], [ -104.906135, 44.17802 ], [ -104.906067, 44.178022 ], [ -104.90194, 44.178051 ], [ -104.896018, 44.178091 ], [ -104.88813, 44.178146 ], [ -104.877484, 44.178218 ], [ -104.875579, 44.178231 ], [ -104.875349, 44.178233 ], [ -104.871336, 44.178262 ], [ -104.869633, 44.178274 ], [ -104.867435, 44.178288 ], [ -104.866126, 44.178299 ], [ -104.864275, 44.178312 ], [ -104.862223, 44.178327 ], [ -104.840992, 44.178479 ], [ -104.838946, 44.178494 ], [ -104.838615, 44.178496 ], [ -104.835287, 44.178521 ], [ -104.833791, 44.178531 ], [ -104.829524, 44.178563 ], [ -104.828163, 44.178572 ], [ -104.820132, 44.17863 ], [ -104.81499, 44.178666 ], [ -104.811192, 44.178694 ], [ -104.801459, 44.178764 ], [ -104.799948, 44.178775 ], [ -104.79747, 44.178793 ], [ -104.793301, 44.178822 ], [ -104.786891, 44.178869 ], [ -104.786453, 44.178872 ], [ -104.784504, 44.17891 ], [ -104.783864, 44.178922 ], [ -104.779867, 44.179002 ], [ -104.77958, 44.179008 ], [ -104.772813, 44.179037 ], [ -104.750633, 44.17913 ], [ -104.750533, 44.179131 ], [ -104.747887, 44.179178 ], [ -104.745739, 44.179218 ], [ -104.741911, 44.179266 ], [ -104.739211, 44.1793 ], [ -104.724578, 44.17929 ], [ -104.72418, 44.179288 ], [ -104.722878, 44.179283 ], [ -104.72146, 44.179299 ], [ -104.715417, 44.179369 ], [ -104.712034, 44.179409 ], [ -104.710846, 44.179424 ], [ -104.708931, 44.179445 ], [ -104.708902, 44.179445 ], [ -104.708545, 44.179449 ], [ -104.707937, 44.179455 ], [ -104.702225, 44.179518 ], [ -104.702113, 44.179519 ], [ -104.701204, 44.17953 ], [ -104.698077, 44.179563 ], [ -104.696462, 44.179582 ], [ -104.695745, 44.179585 ], [ -104.695268, 44.179587 ], [ -104.690884, 44.179607 ], [ -104.690542, 44.179608 ], [ -104.6902, 44.17961 ], [ -104.688768, 44.179617 ], [ -104.688048, 44.179619 ], [ -104.684673, 44.179648 ], [ -104.680673, 44.179682 ], [ -104.678689, 44.1797 ], [ -104.671574, 44.179759 ], [ -104.657725, 44.17988 ], [ -104.647512, 44.179968 ], [ -104.64091, 44.180024 ], [ -104.635045, 44.180073 ], [ -104.62536, 44.180155 ], [ -104.614889, 44.179919 ], [ -104.610505, 44.179944 ], [ -104.608638, 44.179955 ], [ -104.608112, 44.179957 ], [ -104.607994, 44.179958 ], [ -104.593468, 44.180043 ], [ -104.59039, 44.180061 ], [ -104.586347, 44.180084 ], [ -104.582635, 44.180106 ], [ -104.578031, 44.180132 ], [ -104.5779, 44.180132 ], [ -104.577827, 44.180133 ], [ -104.567394, 44.180193 ], [ -104.561442, 44.180228 ], [ -104.560991, 44.180231 ], [ -104.560163, 44.180236 ], [ -104.558236, 44.180248 ], [ -104.557409, 44.180253 ], [ -104.55724, 44.180253 ], [ -104.553317, 44.180275 ], [ -104.547262, 44.18031 ], [ -104.545424, 44.180321 ], [ -104.544895, 44.180324 ], [ -104.537745, 44.180365 ], [ -104.533549, 44.18039 ], [ -104.530706, 44.180407 ], [ -104.525683, 44.180436 ], [ -104.516905, 44.180486 ], [ -104.515626, 44.180494 ], [ -104.501979, 44.180573 ], [ -104.501635, 44.180576 ], [ -104.500508, 44.180583 ], [ -104.498446, 44.180599 ], [ -104.49792, 44.180603 ], [ -104.494792, 44.180627 ], [ -104.491545, 44.180653 ], [ -104.491326, 44.180655 ], [ -104.491084, 44.180657 ], [ -104.490615, 44.180662 ], [ -104.489894, 44.180664 ], [ -104.480411, 44.180742 ], [ -104.47655, 44.180775 ], [ -104.475748, 44.180781 ], [ -104.473265, 44.180775 ], [ -104.468762, 44.180765 ], [ -104.468291, 44.180765 ], [ -104.464255, 44.180754 ], [ -104.461202, 44.180747 ], [ -104.461132, 44.180747 ], [ -104.45604, 44.180733 ], [ -104.455665, 44.180732 ], [ -104.454445, 44.180729 ], [ -104.454018, 44.180729 ], [ -104.451977, 44.180748 ], [ -104.451683, 44.18075 ], [ -104.451225, 44.180755 ], [ -104.44627, 44.180801 ], [ -104.444681, 44.180815 ], [ -104.442641, 44.180834 ], [ -104.442347, 44.180838 ], [ -104.441988, 44.180843 ], [ -104.42765, 44.181018 ], [ -104.418215, 44.181133 ], [ -104.413845, 44.181187 ], [ -104.412968, 44.181198 ], [ -104.41294, 44.181199 ], [ -104.402309, 44.18133 ], [ -104.402102, 44.181331 ], [ -104.401896, 44.181335 ], [ -104.401785, 44.181336 ], [ -104.401674, 44.181337 ], [ -104.401623, 44.181337 ], [ -104.400287, 44.181352 ], [ -104.39756, 44.181364 ], [ -104.395157, 44.18139 ], [ -104.375484, 44.181622 ], [ -104.368814, 44.180972 ], [ -104.368206, 44.180912 ], [ -104.368156, 44.180913 ], [ -104.356864, 44.180967 ], [ -104.356565, 44.180968 ], [ -104.354204, 44.180981 ], [ -104.349237, 44.180966 ], [ -104.349202, 44.180967 ], [ -104.341817, 44.180891 ], [ -104.336695, 44.18089 ], [ -104.324924, 44.180889 ], [ -104.322308, 44.180881 ], [ -104.321449, 44.180878 ], [ -104.314998, 44.180856 ], [ -104.313054, 44.18085 ], [ -104.31174, 44.180845 ], [ -104.310302, 44.180841 ], [ -104.309902, 44.180839 ], [ -104.309501, 44.180838 ], [ -104.308922, 44.180837 ], [ -104.303597, 44.18082 ], [ -104.303524, 44.180819 ], [ -104.301315, 44.180812 ], [ -104.299887, 44.180808 ], [ -104.295772, 44.180795 ], [ -104.295531, 44.180794 ], [ -104.291864, 44.180782 ], [ -104.288796, 44.180782 ], [ -104.283349, 44.180782 ], [ -104.280299, 44.180783 ], [ -104.280249, 44.180783 ], [ -104.279454, 44.180783 ], [ -104.278747, 44.180783 ], [ -104.27873, 44.180782 ], [ -104.277826, 44.180772 ], [ -104.27302, 44.180773 ], [ -104.272741, 44.180773 ], [ -104.272618, 44.180773 ], [ -104.26392, 44.180788 ], [ -104.263841, 44.180788 ], [ -104.257787, 44.180785 ], [ -104.255637, 44.180784 ], [ -104.250851, 44.180782 ], [ -104.250497, 44.180782 ], [ -104.249396, 44.180779 ], [ -104.249294, 44.18078 ], [ -104.24587, 44.180772 ], [ -104.245446, 44.180772 ], [ -104.243095, 44.180766 ], [ -104.233423, 44.180744 ], [ -104.233068, 44.180745 ], [ -104.230474, 44.180745 ], [ -104.224537, 44.180733 ], [ -104.22445, 44.180733 ], [ -104.219246, 44.180723 ], [ -104.218986, 44.180721 ], [ -104.203292, 44.180689 ], [ -104.201669, 44.180685 ], [ -104.201537, 44.180685 ], [ -104.190048, 44.180661 ], [ -104.16072, 44.180599 ], [ -104.155182, 44.180588 ], [ -104.142966, 44.180563 ], [ -104.142875, 44.180562 ], [ -104.142823, 44.180562 ], [ -104.135093, 44.180545 ], [ -104.134706, 44.180545 ], [ -104.134502, 44.180545 ], [ -104.13447, 44.180545 ], [ -104.125491, 44.180526 ], [ -104.112676, 44.1805 ], [ -104.072155, 44.180417 ], [ -104.057921, 44.180388 ], [ -104.054487, 44.180381 ], [ -104.05449, 44.179112 ], [ -104.0545, 44.175307 ], [ -104.054504, 44.174039 ], [ -104.054508, 44.172217 ], [ -104.054522, 44.16675 ], [ -104.054527, 44.164984 ], [ -104.054527, 44.164929 ], [ -104.05453, 44.163632 ], [ -104.05454, 44.159743 ], [ -104.054544, 44.15847 ], [ -104.054544, 44.158447 ], [ -104.054544, 44.158313 ], [ -104.054545, 44.157913 ], [ -104.054546, 44.15778 ], [ -104.054547, 44.157367 ], [ -104.05455, 44.15613 ], [ -104.054552, 44.155718 ], [ -104.054559, 44.15279 ], [ -104.05458, 44.144008 ], [ -104.054588, 44.141081 ], [ -104.054588, 44.14099 ], [ -104.054588, 44.140717 ], [ -104.054588, 44.140627 ], [ -104.054588, 44.140441 ], [ -104.054588, 44.139882 ], [ -104.054589, 44.139697 ], [ -104.054589, 44.139581 ], [ -104.05459, 44.137352 ], [ -104.054595, 44.13032 ], [ -104.054597, 44.127977 ], [ -104.054597, 44.126911 ], [ -104.054599, 44.124981 ], [ -104.0546, 44.123716 ], [ -104.054601, 44.122652 ], [ -104.054601, 44.12196 ], [ -104.054601, 44.121801 ], [ -104.054602, 44.120179 ], [ -104.054602, 44.119251 ], [ -104.054603, 44.119019 ], [ -104.054603, 44.118892 ], [ -104.054603, 44.118401 ], [ -104.054603, 44.117544 ], [ -104.054605, 44.114974 ], [ -104.054606, 44.114289 ], [ -104.054606, 44.114118 ], [ -104.054606, 44.113927 ], [ -104.054607, 44.113498 ], [ -104.054607, 44.113355 ], [ -104.054607, 44.113165 ], [ -104.054606, 44.112718 ], [ -104.054606, 44.111383 ], [ -104.054609, 44.110941 ], [ -104.054608, 44.110529 ], [ -104.054609, 44.108393 ], [ -104.054613, 44.103239 ], [ -104.054614, 44.100754 ], [ -104.054618, 44.098209 ], [ -104.054618, 44.098025 ], [ -104.05462, 44.094878 ], [ -104.054623, 44.091329 ], [ -104.054626, 44.086745 ], [ -104.054627, 44.084888 ], [ -104.05463, 44.081558 ], [ -104.05463, 44.081267 ], [ -104.05463, 44.081065 ], [ -104.054637, 44.070803 ], [ -104.054639, 44.067931 ], [ -104.054641, 44.065323 ], [ -104.054642, 44.063697 ], [ -104.054645, 44.058822 ], [ -104.054647, 44.057197 ], [ -104.054648, 44.055799 ], [ -104.054651, 44.051608 ], [ -104.054652, 44.050368 ], [ -104.054652, 44.050211 ], [ -104.054652, 44.050131 ], [ -104.054652, 44.048557 ], [ -104.054654, 44.046912 ], [ -104.054656, 44.043596 ], [ -104.054658, 44.042249 ], [ -104.054658, 44.041943 ], [ -104.054659, 44.039249 ], [ -104.054661, 44.037635 ], [ -104.054665, 44.031167 ], [ -104.054666, 44.03111 ], [ -104.054668, 44.02873 ], [ -104.054668, 44.028474 ], [ -104.054665, 44.026843 ], [ -104.054657, 44.021951 ], [ -104.054655, 44.020321 ], [ -104.054657, 44.018959 ], [ -104.054663, 44.014875 ], [ -104.054666, 44.013514 ], [ -104.054666, 44.013414 ], [ -104.054667, 44.012682 ], [ -104.054671, 44.010187 ], [ -104.054673, 44.009356 ], [ -104.054673, 44.009205 ], [ -104.054677, 44.006476 ], [ -104.054678, 44.005916 ], [ -104.054683, 44.002879 ], [ -104.054688, 43.999979 ], [ -104.054688, 43.999929 ], [ -104.054692, 43.99922 ], [ -104.054699, 43.997839 ], [ -104.054716, 43.994961 ], [ -104.054717, 43.994696 ], [ -104.054721, 43.993783 ], [ -104.05474, 43.990249 ], [ -104.054747, 43.989072 ], [ -104.054749, 43.988805 ], [ -104.054753, 43.988039 ], [ -104.05477, 43.98494 ], [ -104.054776, 43.983907 ], [ -104.05478, 43.98309 ], [ -104.054794, 43.980639 ], [ -104.054799, 43.979823 ], [ -104.054799, 43.979735 ], [ -104.054806, 43.978335 ], [ -104.05483, 43.973874 ], [ -104.054832, 43.973625 ], [ -104.054839, 43.972387 ], [ -104.054842, 43.971802 ], [ -104.054851, 43.970046 ], [ -104.054855, 43.969462 ], [ -104.054859, 43.968709 ], [ -104.054871, 43.966453 ], [ -104.054876, 43.965701 ], [ -104.054876, 43.965627 ], [ -104.054912, 43.958955 ], [ -104.054946, 43.952762 ], [ -104.054968, 43.946855 ], [ -104.054981, 43.943521 ], [ -104.054981, 43.943487 ], [ -104.054978, 43.942909 ], [ -104.054745, 43.938167 ], [ -104.054867, 43.938102 ], [ -104.054934, 43.938067 ], [ -104.055002, 43.937658 ], [ -104.055102, 43.937054 ], [ -104.055077, 43.936535 ], [ -104.055026, 43.935492 ], [ -104.055046, 43.935163 ], [ -104.055088, 43.927352 ], [ -104.055103, 43.924527 ], [ -104.055105, 43.924233 ], [ -104.055112, 43.92293 ], [ -104.055115, 43.922471 ], [ -104.055125, 43.920457 ], [ -104.055157, 43.914417 ], [ -104.055169, 43.912404 ], [ -104.055173, 43.911583 ], [ -104.055186, 43.909093 ], [ -104.055215, 43.903906 ], [ -104.055227, 43.901671 ], [ -104.05524, 43.899164 ], [ -104.05525, 43.897351 ], [ -104.055258, 43.895854 ], [ -104.05526, 43.895517 ], [ -104.055269, 43.89375 ], [ -104.05529, 43.889872 ], [ -104.055303, 43.887438 ], [ -104.055315, 43.885335 ], [ -104.055316, 43.884831 ], [ -104.055321, 43.883319 ], [ -104.055322, 43.883199 ], [ -104.055323, 43.882816 ], [ -104.055326, 43.881965 ], [ -104.055335, 43.879415 ], [ -104.055338, 43.878747 ], [ -104.05534, 43.878565 ], [ -104.05534, 43.878429 ], [ -104.055343, 43.878021 ], [ -104.055345, 43.877886 ], [ -104.055346, 43.877806 ], [ -104.055371, 43.874978 ], [ -104.055372, 43.87462 ], [ -104.055419, 43.865817 ], [ -104.055425, 43.864822 ], [ -104.055444, 43.861556 ], [ -104.055451, 43.860161 ], [ -104.055462, 43.858049 ], [ -104.055474, 43.855977 ], [ -104.055482, 43.854583 ], [ -104.055483, 43.854385 ], [ -104.055483, 43.854361 ], [ -104.055485, 43.853697 ], [ -104.055487, 43.853476 ], [ -104.055484, 43.852621 ], [ -104.055476, 43.850056 ], [ -104.055474, 43.849202 ], [ -104.055472, 43.848659 ], [ -104.055471, 43.848538 ], [ -104.055471, 43.848488 ], [ -104.055464, 43.846547 ], [ -104.055462, 43.845884 ], [ -104.055447, 43.841322 ], [ -104.055446, 43.841144 ], [ -104.055445, 43.840849 ], [ -104.055417, 43.832733 ], [ -104.055283, 43.793282 ], [ -104.055239, 43.780132 ], [ -104.055238, 43.779897 ], [ -104.055217, 43.773785 ], [ -104.055216, 43.773536 ], [ -104.055209, 43.771303 ], [ -104.055208, 43.771179 ], [ -104.055208, 43.771078 ], [ -104.055202, 43.769347 ], [ -104.055183, 43.763854 ], [ -104.055179, 43.762345 ], [ -104.055178, 43.762179 ], [ -104.055175, 43.762023 ], [ -104.055175, 43.761945 ], [ -104.055175, 43.76171 ], [ -104.055176, 43.761633 ], [ -104.055176, 43.761456 ], [ -104.055196, 43.759763 ], [ -104.055265, 43.754156 ], [ -104.055289, 43.752288 ], [ -104.055276, 43.751744 ], [ -104.055281, 43.751558 ], [ -104.055296, 43.751015 ], [ -104.05529, 43.750317 ], [ -104.055293, 43.749646 ], [ -104.055314, 43.74937 ], [ -104.055324, 43.74925 ], [ -104.055318, 43.749061 ], [ -104.055293, 43.748737 ], [ -104.05529, 43.748642 ], [ -104.055255, 43.746993 ], [ -104.055153, 43.742046 ], [ -104.055122, 43.740516 ], [ -104.055122, 43.740398 ], [ -104.055122, 43.740381 ], [ -104.055112, 43.734265 ], [ -104.055082, 43.715867 ], [ -104.055073, 43.709735 ], [ -104.055073, 43.709555 ], [ -104.055069, 43.707669 ], [ -104.055059, 43.701474 ], [ -104.055057, 43.699614 ], [ -104.055057, 43.699409 ], [ -104.055056, 43.698956 ], [ -104.055053, 43.6976 ], [ -104.055053, 43.697148 ], [ -104.055053, 43.696973 ], [ -104.055049, 43.695064 ], [ -104.055039, 43.688812 ], [ -104.055038, 43.688094 ], [ -104.055038, 43.687857 ], [ -104.055038, 43.687302 ], [ -104.055039, 43.686729 ], [ -104.055032, 43.683356 ], [ -104.055014, 43.673237 ], [ -104.055009, 43.669864 ], [ -104.055009, 43.669654 ], [ -104.055005, 43.667558 ], [ -104.054994, 43.660644 ], [ -104.054991, 43.658339 ], [ -104.054988, 43.656847 ], [ -104.05498, 43.652374 ], [ -104.054979, 43.651134 ], [ -104.054979, 43.651037 ], [ -104.054979, 43.650883 ], [ -104.054977, 43.649655 ], [ -104.054974, 43.647563 ], [ -104.054971, 43.645971 ], [ -104.05497, 43.644927 ], [ -104.05497, 43.644834 ], [ -104.05497, 43.644744 ], [ -104.054965, 43.641832 ], [ -104.054962, 43.640023 ], [ -104.054962, 43.639963 ], [ -104.054962, 43.639747 ], [ -104.054961, 43.639697 ], [ -104.054959, 43.638065 ], [ -104.054959, 43.638027 ], [ -104.054959, 43.637938 ], [ -104.054957, 43.637148 ], [ -104.054951, 43.633098 ], [ -104.054948, 43.631122 ], [ -104.054947, 43.63099 ], [ -104.054946, 43.630187 ], [ -104.05494, 43.62676 ], [ -104.054938, 43.624975 ], [ -104.054926, 43.61648 ], [ -104.054923, 43.613441 ], [ -104.054923, 43.613366 ], [ -104.054922, 43.613054 ], [ -104.054915, 43.607681 ], [ -104.054915, 43.607139 ], [ -104.054895, 43.591565 ], [ -104.054889, 43.586426 ], [ -104.054889, 43.586193 ], [ -104.054889, 43.585982 ], [ -104.054887, 43.585108 ], [ -104.054885, 43.584802 ], [ -104.054883, 43.584134 ], [ -104.05488, 43.583414 ], [ -104.054879, 43.582999 ], [ -104.055001, 43.579086 ], [ -104.054995, 43.579056 ], [ -104.054997, 43.578388 ], [ -104.055006, 43.576294 ], [ -104.05501, 43.575596 ], [ -104.055013, 43.573811 ], [ -104.055026, 43.568456 ], [ -104.05503, 43.566871 ], [ -104.05503, 43.56677 ], [ -104.05503, 43.566671 ], [ -104.055031, 43.566536 ], [ -104.055032, 43.566319 ], [ -104.055041, 43.565339 ], [ -104.055055, 43.565265 ], [ -104.055078, 43.565153 ], [ -104.055096, 43.565094 ], [ -104.0551, 43.565015 ], [ -104.05509, 43.564965 ], [ -104.055082, 43.564921 ], [ -104.055041, 43.564631 ], [ -104.05503, 43.564031 ], [ -104.055036, 43.563647 ], [ -104.055058, 43.56246 ], [ -104.055043, 43.559818 ], [ -104.055036, 43.558542 ], [ -104.055033, 43.558329 ], [ -104.055024, 43.557691 ], [ -104.055022, 43.557479 ], [ -104.055022, 43.557439 ], [ -104.055016, 43.55733 ], [ -104.05501, 43.557222 ], [ -104.054993, 43.556883 ], [ -104.054986, 43.556735 ], [ -104.054971, 43.556447 ], [ -104.054969, 43.556408 ], [ -104.054941, 43.552044 ], [ -104.054877, 43.541824 ], [ -104.054853, 43.537971 ], [ -104.054824, 43.533315 ], [ -104.054824, 43.533281 ], [ -104.054822, 43.531822 ], [ -104.054816, 43.527446 ], [ -104.054815, 43.525988 ], [ -104.054815, 43.525978 ], [ -104.054812, 43.523601 ], [ -104.054803, 43.51644 ], [ -104.0548, 43.514054 ], [ -104.054798, 43.512539 ], [ -104.054792, 43.507994 ], [ -104.054791, 43.507002 ], [ -104.054791, 43.506834 ], [ -104.05479, 43.50648 ], [ -104.054789, 43.505849 ], [ -104.054786, 43.503958 ], [ -104.054786, 43.503384 ], [ -104.054786, 43.503328 ], [ -104.055721, 43.503275 ], [ -104.058527, 43.503118 ], [ -104.059463, 43.503067 ], [ -104.059552, 43.503062 ], [ -104.060036, 43.50306 ], [ -104.061758, 43.503056 ], [ -104.062268, 43.503056 ], [ -104.062333, 43.503056 ], [ -104.062757, 43.503055 ], [ -104.064029, 43.503052 ], [ -104.064213, 43.503052 ], [ -104.064453, 43.503051 ], [ -104.065854, 43.503048 ], [ -104.070057, 43.503039 ], [ -104.071048, 43.503038 ], [ -104.071459, 43.503037 ], [ -104.072189, 43.503035 ], [ -104.074378, 43.50303 ], [ -104.075109, 43.503029 ], [ -104.075237, 43.503029 ], [ -104.076474, 43.503026 ], [ -104.080572, 43.503017 ], [ -104.081915, 43.503015 ], [ -104.081938, 43.503015 ], [ -104.082716, 43.503013 ], [ -104.085053, 43.503008 ], [ -104.085239, 43.503008 ], [ -104.085336, 43.503008 ], [ -104.085433, 43.503008 ], [ -104.085833, 43.503007 ], [ -104.086228, 43.503008 ], [ -104.086296, 43.503006 ], [ -104.08656, 43.503005 ], [ -104.086609, 43.503004 ], [ -104.088061, 43.503003 ], [ -104.088398, 43.503002 ], [ -104.08894, 43.503002 ], [ -104.089184, 43.503002 ], [ -104.089717, 43.502999 ], [ -104.090897, 43.502997 ], [ -104.09444, 43.502992 ], [ -104.095621, 43.502991 ], [ -104.095661, 43.502991 ], [ -104.102124, 43.502974 ], [ -104.107354, 43.502961 ], [ -104.10744, 43.502961 ], [ -104.121636, 43.502931 ], [ -104.125491, 43.502923 ], [ -104.127768, 43.502918 ], [ -104.12814, 43.502917 ], [ -104.128826, 43.502915 ], [ -104.130886, 43.50291 ], [ -104.131362, 43.502909 ], [ -104.131573, 43.502909 ], [ -104.137615, 43.502894 ], [ -104.155743, 43.50285 ], [ -104.161696, 43.502836 ], [ -104.161786, 43.502836 ], [ -104.162218, 43.502835 ], [ -104.164559, 43.502829 ], [ -104.172879, 43.502809 ], [ -104.175653, 43.502803 ], [ -104.175867, 43.502802 ], [ -104.179504, 43.502793 ], [ -104.19106, 43.502765 ], [ -104.194913, 43.502757 ], [ -104.195107, 43.502756 ], [ -104.195491, 43.502755 ], [ -104.196412, 43.502753 ], [ -104.197228, 43.502751 ], [ -104.19765, 43.50275 ], [ -104.197807, 43.50275 ], [ -104.198361, 43.502748 ], [ -104.200026, 43.502744 ], [ -104.200581, 43.502743 ], [ -104.204332, 43.502733 ], [ -104.215588, 43.502706 ], [ -104.219244, 43.502698 ], [ -104.219263, 43.502698 ], [ -104.21934, 43.502698 ], [ -104.219439, 43.502697 ], [ -104.221974, 43.50269 ], [ -104.229879, 43.502671 ], [ -104.231513, 43.502668 ], [ -104.232134, 43.502667 ], [ -104.232515, 43.502666 ], [ -104.23284, 43.502665 ], [ -104.233818, 43.502662 ], [ -104.234032, 43.502662 ], [ -104.234144, 43.502662 ], [ -104.234468, 43.502661 ], [ -104.235443, 43.502658 ], [ -104.235739, 43.502658 ], [ -104.235768, 43.502658 ], [ -104.241196, 43.502644 ], [ -104.250247, 43.502623 ], [ -104.250497, 43.502423 ], [ -104.257411, 43.502448 ], [ -104.262712, 43.502468 ], [ -104.26284, 43.502468 ], [ -104.264358, 43.502461 ], [ -104.268913, 43.502442 ], [ -104.270432, 43.502436 ], [ -104.272432, 43.502427 ], [ -104.278435, 43.502403 ], [ -104.280436, 43.502395 ], [ -104.280652, 43.502394 ], [ -104.284499, 43.502378 ], [ -104.291535, 43.502349 ], [ -104.291616, 43.502348 ], [ -104.291698, 43.502348 ], [ -104.291864, 43.502347 ], [ -104.29203, 43.502346 ], [ -104.295106, 43.502334 ], [ -104.296689, 43.502327 ], [ -104.300753, 43.50231 ], [ -104.300846, 43.50231 ], [ -104.301747, 43.502306 ], [ -104.304731, 43.502293 ], [ -104.305445, 43.502291 ], [ -104.305726, 43.50229 ], [ -104.306926, 43.502284 ], [ -104.310527, 43.50227 ], [ -104.311728, 43.502265 ], [ -104.316903, 43.502243 ], [ -104.332428, 43.502179 ], [ -104.337555, 43.502158 ], [ -104.337604, 43.502158 ], [ -104.338873, 43.502152 ], [ -104.342681, 43.502137 ], [ -104.343951, 43.502132 ], [ -104.344537, 43.502129 ], [ -104.346297, 43.502122 ], [ -104.346735, 43.502121 ], [ -104.346884, 43.50212 ], [ -104.347195, 43.502118 ], [ -104.348129, 43.502116 ], [ -104.348441, 43.502115 ], [ -104.348874, 43.502113 ], [ -104.35051, 43.502106 ], [ -104.35672, 43.50208 ], [ -104.35879, 43.502072 ], [ -104.359666, 43.502087 ], [ -104.362293, 43.502134 ], [ -104.36317, 43.50215 ], [ -104.363265, 43.502168 ], [ -104.36334, 43.502174 ], [ -104.363396, 43.50218 ], [ -104.363857, 43.502184 ], [ -104.363975, 43.502186 ], [ -104.36403, 43.502188 ], [ -104.364214, 43.502196 ], [ -104.364421, 43.502213 ], [ -104.364531, 43.502222 ], [ -104.365139, 43.502221 ], [ -104.365597, 43.502198 ], [ -104.36561, 43.502198 ], [ -104.365988, 43.502166 ], [ -104.36605, 43.50216 ], [ -104.366237, 43.502144 ], [ -104.3663, 43.502139 ], [ -104.366681, 43.50216 ], [ -104.366822, 43.502169 ], [ -104.367828, 43.502198 ], [ -104.368211, 43.50221 ], [ -104.368359, 43.502214 ], [ -104.371039, 43.502213 ], [ -104.373204, 43.502213 ], [ -104.375503, 43.502212 ], [ -104.379524, 43.502205 ], [ -104.381661, 43.502202 ], [ -104.382278, 43.502201 ], [ -104.382353, 43.502201 ], [ -104.385187, 43.502196 ], [ -104.390467, 43.502188 ], [ -104.390657, 43.502188 ], [ -104.393689, 43.502183 ], [ -104.396409, 43.502179 ], [ -104.396524, 43.502175 ], [ -104.396604, 43.502172 ], [ -104.396846, 43.502164 ], [ -104.396927, 43.502162 ], [ -104.397171, 43.502153 ], [ -104.397256, 43.502151 ], [ -104.397906, 43.502192 ], [ -104.397978, 43.502197 ], [ -104.398151, 43.502197 ], [ -104.398372, 43.502196 ], [ -104.399034, 43.502193 ], [ -104.399256, 43.502193 ], [ -104.399655, 43.502188 ], [ -104.400743, 43.502175 ], [ -104.400852, 43.502174 ], [ -104.401252, 43.502174 ], [ -104.401857, 43.502173 ], [ -104.403125, 43.502171 ], [ -104.403672, 43.50217 ], [ -104.404277, 43.502169 ], [ -104.405178, 43.502168 ], [ -104.406075, 43.502166 ], [ -104.411471, 43.502157 ], [ -104.412661, 43.502156 ], [ -104.41327, 43.502159 ], [ -104.414154, 43.502163 ], [ -104.416807, 43.502176 ], [ -104.4173, 43.502179 ], [ -104.417692, 43.502193 ], [ -104.417879, 43.502206 ], [ -104.417934, 43.50221 ], [ -104.418062, 43.502248 ], [ -104.418235, 43.502265 ], [ -104.418409, 43.502248 ], [ -104.418436, 43.50224 ], [ -104.418507, 43.502221 ], [ -104.418622, 43.502218 ], [ -104.418733, 43.502215 ], [ -104.418899, 43.502226 ], [ -104.418985, 43.502249 ], [ -104.419125, 43.502287 ], [ -104.419344, 43.502298 ], [ -104.41963, 43.502281 ], [ -104.419864, 43.502248 ], [ -104.420038, 43.502204 ], [ -104.420071, 43.502201 ], [ -104.420241, 43.502188 ], [ -104.420437, 43.502177 ], [ -104.421965, 43.502172 ], [ -104.426549, 43.502159 ], [ -104.427859, 43.502156 ], [ -104.427968, 43.502156 ], [ -104.428077, 43.502155 ], [ -104.428119, 43.502155 ], [ -104.428253, 43.502155 ], [ -104.428366, 43.502154 ], [ -104.429234, 43.502151 ], [ -104.42948, 43.502151 ], [ -104.429524, 43.502151 ], [ -104.432135, 43.502144 ], [ -104.433519, 43.502139 ], [ -104.438658, 43.502125 ], [ -104.445504, 43.502106 ], [ -104.4495, 43.502095 ], [ -104.450025, 43.502093 ], [ -104.451328, 43.502089 ], [ -104.452527, 43.502086 ], [ -104.456814, 43.502073 ], [ -104.458643, 43.502068 ], [ -104.458683, 43.502068 ], [ -104.460269, 43.502062 ], [ -104.462695, 43.502055 ], [ -104.46515, 43.502048 ], [ -104.466778, 43.502045 ], [ -104.466843, 43.502045 ], [ -104.468962, 43.502047 ], [ -104.475514, 43.502056 ], [ -104.477658, 43.502059 ], [ -104.477698, 43.502059 ], [ -104.477831, 43.502058 ], [ -104.477935, 43.502056 ], [ -104.478018, 43.502056 ], [ -104.478102, 43.502057 ], [ -104.47931, 43.50205 ], [ -104.484149, 43.502023 ], [ -104.485582, 43.502016 ], [ -104.485762, 43.502017 ], [ -104.48955, 43.502043 ], [ -104.489724, 43.502042 ], [ -104.490263, 43.502038 ], [ -104.49475, 43.502007 ], [ -104.495395, 43.502003 ], [ -104.495436, 43.502008 ], [ -104.495556, 43.502024 ], [ -104.496136, 43.502038 ], [ -104.49724, 43.50205 ], [ -104.497912, 43.502046 ], [ -104.498007, 43.502046 ], [ -104.499273, 43.502032 ], [ -104.499814, 43.502023 ], [ -104.501571, 43.50199 ], [ -104.503057, 43.501951 ], [ -104.507517, 43.501838 ], [ -104.508011, 43.501826 ], [ -104.509004, 43.501801 ], [ -104.509862, 43.501791 ], [ -104.512438, 43.501765 ], [ -104.513297, 43.501756 ], [ -104.514192, 43.501742 ], [ -104.516879, 43.501704 ], [ -104.517491, 43.501696 ], [ -104.517633, 43.501694 ], [ -104.517775, 43.501692 ], [ -104.517832, 43.501691 ], [ -104.51868, 43.501695 ], [ -104.519966, 43.501701 ], [ -104.523558, 43.501719 ], [ -104.52505, 43.501726 ], [ -104.526542, 43.501733 ], [ -104.528734, 43.501744 ], [ -104.531512, 43.501754 ], [ -104.539849, 43.501784 ], [ -104.540597, 43.501786 ], [ -104.542628, 43.501794 ], [ -104.543101, 43.501795 ], [ -104.543288, 43.501796 ], [ -104.54452, 43.501801 ], [ -104.544994, 43.501804 ], [ -104.545539, 43.501804 ], [ -104.545668, 43.501804 ], [ -104.54769, 43.501813 ], [ -104.548364, 43.501817 ], [ -104.550734, 43.501825 ], [ -104.552596, 43.501832 ], [ -104.55434, 43.501839 ], [ -104.557845, 43.501851 ], [ -104.560216, 43.50186 ], [ -104.560358, 43.50186 ], [ -104.560785, 43.50186 ], [ -104.560928, 43.501861 ], [ -104.56175, 43.501864 ], [ -104.564216, 43.501873 ], [ -104.565038, 43.501876 ], [ -104.569565, 43.501892 ], [ -104.575784, 43.501915 ], [ -104.583146, 43.501941 ], [ -104.587533, 43.501958 ], [ -104.587674, 43.501959 ], [ -104.589407, 43.501965 ], [ -104.594606, 43.501984 ], [ -104.59634, 43.501991 ], [ -104.596379, 43.501991 ], [ -104.596526, 43.501982 ], [ -104.597087, 43.501949 ], [ -104.597101, 43.501949 ], [ -104.597275, 43.50195 ], [ -104.602941, 43.501968 ], [ -104.603062, 43.501968 ], [ -104.615579, 43.501974 ], [ -104.625363, 43.501979 ], [ -104.62786, 43.501974 ], [ -104.628027, 43.501975 ], [ -104.63563, 43.50196 ], [ -104.63608, 43.501959 ], [ -104.644191, 43.501943 ], [ -104.644568, 43.501942 ], [ -104.649142, 43.501932 ], [ -104.64941, 43.501931 ], [ -104.653236, 43.501922 ], [ -104.655447, 43.501917 ], [ -104.664222, 43.501896 ], [ -104.664715, 43.501894 ], [ -104.668542, 43.501886 ], [ -104.668757, 43.501886 ], [ -104.670676, 43.501881 ], [ -104.677078, 43.501866 ], [ -104.679213, 43.501862 ], [ -104.6793, 43.501862 ], [ -104.681472, 43.501856 ], [ -104.688252, 43.501841 ], [ -104.690404, 43.501836 ], [ -104.690512, 43.501836 ], [ -104.693698, 43.501827 ], [ -104.694841, 43.501825 ], [ -104.703259, 43.5018 ], [ -104.706446, 43.501791 ], [ -104.706805, 43.501788 ], [ -104.70732, 43.501786 ], [ -104.707683, 43.501784 ], [ -104.711397, 43.501769 ], [ -104.712635, 43.501765 ], [ -104.712838, 43.501764 ], [ -104.714823, 43.501761 ], [ -104.717523, 43.501757 ], [ -104.723637, 43.501749 ], [ -104.732932, 43.501736 ], [ -104.733763, 43.501735 ], [ -104.735466, 43.501698 ], [ -104.736696, 43.501671 ], [ -104.737469, 43.501655 ], [ -104.740844, 43.501582 ], [ -104.741631, 43.501566 ], [ -104.745499, 43.501482 ], [ -104.748433, 43.501419 ], [ -104.74858, 43.501416 ], [ -104.749966, 43.501214 ], [ -104.750519, 43.501134 ], [ -104.754604, 43.501093 ], [ -104.756152, 43.501078 ], [ -104.758153, 43.501058 ], [ -104.763863, 43.501002 ], [ -104.764157, 43.500999 ], [ -104.766159, 43.500979 ], [ -104.766344, 43.500977 ], [ -104.766361, 43.500977 ], [ -104.766899, 43.500971 ], [ -104.767084, 43.500969 ], [ -104.767405, 43.500966 ], [ -104.767565, 43.500967 ], [ -104.769009, 43.500978 ], [ -104.76938, 43.500981 ], [ -104.769491, 43.50098 ], [ -104.771372, 43.500961 ], [ -104.771782, 43.500956 ], [ -104.772566, 43.500949 ], [ -104.778654, 43.500886 ], [ -104.779252, 43.50088 ], [ -104.780946, 43.500863 ], [ -104.781568, 43.500856 ], [ -104.783434, 43.500837 ], [ -104.784057, 43.500831 ], [ -104.784306, 43.500828 ], [ -104.787208, 43.500806 ], [ -104.792252, 43.500769 ], [ -104.796664, 43.500736 ], [ -104.799668, 43.500714 ], [ -104.799817, 43.500713 ], [ -104.800442, 43.500706 ], [ -104.802316, 43.500685 ], [ -104.802942, 43.500679 ], [ -104.804847, 43.500659 ], [ -104.805526, 43.500652 ], [ -104.810564, 43.500598 ], [ -104.81247, 43.500578 ], [ -104.81255, 43.500577 ], [ -104.814243, 43.500558 ], [ -104.819564, 43.500499 ], [ -104.821338, 43.50048 ], [ -104.821499, 43.500478 ], [ -104.824275, 43.500448 ], [ -104.840481, 43.50025 ], [ -104.845457, 43.50019 ], [ -104.845499, 43.500189 ], [ -104.847644, 43.500163 ], [ -104.849991, 43.500135 ], [ -104.850064, 43.500134 ], [ -104.850726, 43.500125 ], [ -104.851031, 43.500122 ], [ -104.863458, 43.499971 ], [ -104.865472, 43.499971 ], [ -104.865994, 43.499971 ], [ -104.867988, 43.499934 ], [ -104.873973, 43.499826 ], [ -104.875522, 43.499798 ], [ -104.875968, 43.499795 ], [ -104.876296, 43.499793 ], [ -104.877308, 43.499786 ], [ -104.881331, 43.49976 ], [ -104.882441, 43.499753 ], [ -104.882672, 43.499752 ], [ -104.885719, 43.499732 ], [ -104.894861, 43.499672 ], [ -104.896235, 43.499664 ], [ -104.897909, 43.499653 ], [ -104.898315, 43.49965 ], [ -104.899534, 43.499642 ], [ -104.899941, 43.49964 ], [ -104.900259, 43.499638 ], [ -104.901213, 43.499632 ], [ -104.901531, 43.49963 ], [ -104.901619, 43.499629 ], [ -104.901882, 43.499627 ], [ -104.901971, 43.499627 ], [ -104.902488, 43.499624 ], [ -104.90317, 43.499619 ], [ -104.904118, 43.499614 ], [ -104.906018, 43.499602 ], [ -104.90677, 43.499597 ], [ -104.90797, 43.49959 ], [ -104.909425, 43.499581 ], [ -104.909585, 43.499579 ], [ -104.910185, 43.499576 ], [ -104.914432, 43.499548 ], [ -104.915352, 43.499543 ], [ -104.916048, 43.499538 ], [ -104.916874, 43.499533 ], [ -104.919355, 43.499517 ], [ -104.920182, 43.499513 ], [ -104.920378, 43.499511 ], [ -104.924946, 43.499425 ], [ -104.939238, 43.499156 ], [ -104.940096, 43.49914 ], [ -104.942228, 43.499164 ], [ -104.944003, 43.499184 ], [ -104.945128, 43.499197 ], [ -104.946662, 43.499213 ], [ -104.952722, 43.499284 ], [ -104.954642, 43.499304 ], [ -104.957305, 43.499336 ], [ -104.95883, 43.499352 ], [ -104.961152, 43.499348 ], [ -104.972706, 43.499329 ], [ -104.976112, 43.499324 ], [ -104.976557, 43.499339 ], [ -104.976665, 43.499343 ], [ -104.976891, 43.499351 ], [ -104.976974, 43.49935 ], [ -104.977078, 43.499349 ], [ -104.978246, 43.499345 ], [ -104.981753, 43.499335 ], [ -104.982923, 43.499333 ], [ -104.983308, 43.499331 ], [ -104.984465, 43.499327 ], [ -104.984851, 43.499327 ], [ -104.984921, 43.499327 ], [ -104.987908, 43.499319 ], [ -104.997081, 43.499294 ], [ -105.000139, 43.499287 ], [ -105.000216, 43.499239 ], [ -105.000432, 43.499107 ], [ -105.000449, 43.499096 ], [ -105.000527, 43.499049 ], [ -105.002395, 43.499034 ], [ -105.008002, 43.498989 ], [ -105.009871, 43.498975 ], [ -105.011343, 43.498963 ], [ -105.015758, 43.498929 ], [ -105.017231, 43.498918 ], [ -105.018665, 43.498906 ], [ -105.019645, 43.498899 ], [ -105.022968, 43.498872 ], [ -105.024403, 43.498861 ], [ -105.025002, 43.498858 ], [ -105.026801, 43.498849 ], [ -105.027401, 43.498847 ], [ -105.02796, 43.498865 ], [ -105.029637, 43.498922 ], [ -105.029922, 43.498933 ], [ -105.030197, 43.498934 ], [ -105.030831, 43.49892 ], [ -105.032736, 43.498878 ], [ -105.033371, 43.498865 ], [ -105.03391, 43.49886 ], [ -105.034455, 43.498856 ], [ -105.034677, 43.498854 ], [ -105.034901, 43.498852 ], [ -105.034984, 43.498852 ], [ -105.035067, 43.498851 ], [ -105.035527, 43.498846 ], [ -105.036067, 43.498842 ], [ -105.036491, 43.498838 ], [ -105.037766, 43.498827 ], [ -105.037933, 43.498826 ], [ -105.038191, 43.498823 ], [ -105.038851, 43.498815 ], [ -105.039607, 43.498804 ], [ -105.039767, 43.498802 ], [ -105.040005, 43.498799 ], [ -105.041403, 43.498782 ], [ -105.043857, 43.498751 ], [ -105.045275, 43.498736 ], [ -105.04593, 43.498729 ], [ -105.047404, 43.498717 ], [ -105.047902, 43.498713 ], [ -105.048561, 43.498708 ], [ -105.049507, 43.498699 ], [ -105.052348, 43.498674 ], [ -105.053291, 43.498667 ], [ -105.056352, 43.498642 ], [ -105.056682, 43.498639 ], [ -105.06657, 43.498556 ], [ -105.066841, 43.498553 ], [ -105.070215, 43.498526 ], [ -105.07023, 43.498523 ], [ -105.071753, 43.498513 ], [ -105.076328, 43.498474 ], [ -105.077854, 43.498462 ], [ -105.077878, 43.498462 ], [ -105.078242, 43.498458 ], [ -105.079408, 43.498448 ], [ -105.079797, 43.498445 ], [ -105.079807, 43.499257 ], [ -105.079818, 43.49997 ], [ -105.080321, 43.501622 ], [ -105.080503, 43.502217 ], [ -105.080558, 43.5024 ], [ -105.080554, 43.50459 ], [ -105.080553, 43.504966 ], [ -105.08055, 43.506779 ], [ -105.080547, 43.507908 ], [ -105.080545, 43.509036 ], [ -105.080543, 43.510164 ], [ -105.080541, 43.511292 ], [ -105.080538, 43.512665 ], [ -105.080537, 43.513333 ], [ -105.080515, 43.51409 ], [ -105.080495, 43.514784 ], [ -105.080487, 43.515231 ], [ -105.080482, 43.515421 ], [ -105.080534, 43.515534 ], [ -105.080481, 43.515743 ], [ -105.08049, 43.515991 ], [ -105.080574, 43.518104 ], [ -105.080574, 43.518324 ], [ -105.080577, 43.518927 ], [ -105.080578, 43.519103 ], [ -105.080585, 43.519555 ], [ -105.080608, 43.520912 ], [ -105.080616, 43.521365 ], [ -105.080667, 43.524478 ], [ -105.080821, 43.533817 ], [ -105.080837, 43.534727 ], [ -105.080909, 43.53693 ], [ -105.080915, 43.537059 ], [ -105.080934, 43.537447 ], [ -105.08094, 43.537559 ], [ -105.080941, 43.537578 ], [ -105.080972, 43.538066 ], [ -105.080979, 43.538289 ], [ -105.081002, 43.538983 ], [ -105.081063, 43.540387 ], [ -105.081064, 43.540423 ], [ -105.08108, 43.540762 ], [ -105.081096, 43.541136 ], [ -105.081201, 43.543711 ], [ -105.081238, 43.544617 ], [ -105.081379, 43.548099 ], [ -105.08144, 43.549608 ], [ -105.081465, 43.551441 ], [ -105.081484, 43.552813 ], [ -105.08149, 43.553269 ], [ -105.081497, 43.553724 ], [ -105.081499, 43.553872 ], [ -105.081501, 43.55402 ], [ -105.081526, 43.555803 ], [ -105.081561, 43.558108 ], [ -105.081588, 43.559975 ], [ -105.081606, 43.561158 ], [ -105.081617, 43.561844 ], [ -105.081624, 43.562392 ], [ -105.081633, 43.562943 ], [ -105.081656, 43.565054 ], [ -105.081661, 43.565611 ], [ -105.08167, 43.567841 ], [ -105.081713, 43.577604 ], [ -105.081728, 43.581529 ], [ -105.08173, 43.582535 ], [ -105.081736, 43.583866 ], [ -105.08175, 43.587434 ], [ -105.081751, 43.587663 ], [ -105.081754, 43.588351 ], [ -105.081754, 43.588556 ], [ -105.081754, 43.588581 ], [ -105.081754, 43.588628 ], [ -105.081759, 43.589822 ], [ -105.08176, 43.589996 ], [ -105.081766, 43.591365 ], [ -105.081767, 43.591458 ], [ -105.081767, 43.59155 ], [ -105.081769, 43.592115 ], [ -105.081752, 43.593546 ], [ -105.081742, 43.594468 ], [ -105.081738, 43.594728 ], [ -105.081738, 43.594788 ], [ -105.081735, 43.594993 ], [ -105.081732, 43.595201 ], [ -105.081726, 43.595613 ], [ -105.081726, 43.595672 ], [ -105.081726, 43.595746 ], [ -105.081727, 43.595821 ], [ -105.081716, 43.596591 ], [ -105.081694, 43.598909 ], [ -105.081687, 43.599684 ], [ -105.081685, 43.599833 ], [ -105.08168, 43.600277 ], [ -105.08168, 43.600432 ], [ -105.081651, 43.6031 ], [ -105.081645, 43.603582 ], [ -105.081623, 43.605775 ], [ -105.081621, 43.605949 ], [ -105.081619, 43.606123 ], [ -105.081566, 43.611166 ], [ -105.081545, 43.613052 ], [ -105.081512, 43.616208 ], [ -105.081512, 43.616209 ], [ -105.081467, 43.619016 ], [ -105.081444, 43.620575 ], [ -105.081414, 43.622563 ], [ -105.08141, 43.622784 ], [ -105.081405, 43.623152 ], [ -105.081381, 43.624647 ], [ -105.081376, 43.624971 ], [ -105.081372, 43.625627 ], [ -105.081361, 43.62744 ], [ -105.081353, 43.628959 ], [ -105.081352, 43.629139 ], [ -105.081352, 43.629206 ], [ -105.081347, 43.630251 ], [ -105.081341, 43.631062 ], [ -105.081328, 43.633501 ], [ -105.081327, 43.633944 ], [ -105.081325, 43.634314 ], [ -105.081324, 43.634374 ], [ -105.081323, 43.634434 ], [ -105.081323, 43.634674 ], [ -105.081322, 43.634794 ], [ -105.081322, 43.634915 ], [ -105.081307, 43.637403 ], [ -105.081303, 43.638246 ], [ -105.081284, 43.641578 ], [ -105.081268, 43.644467 ], [ -105.081265, 43.644867 ], [ -105.081251, 43.647356 ], [ -105.081246, 43.648149 ], [ -105.081234, 43.650531 ], [ -105.08123, 43.651284 ], [ -105.08123, 43.651325 ], [ -105.081225, 43.652199 ], [ -105.08122, 43.653234 ], [ -105.08121, 43.654823 ], [ -105.081209, 43.655143 ], [ -105.081208, 43.655421 ], [ -105.081206, 43.655698 ], [ -105.081206, 43.655738 ], [ -105.081193, 43.656789 ], [ -105.081157, 43.660065 ], [ -105.081145, 43.661157 ], [ -105.081143, 43.661366 ], [ -105.081142, 43.661995 ], [ -105.081146, 43.662208 ], [ -105.081139, 43.663047 ], [ -105.081126, 43.665577 ], [ -105.081123, 43.666393 ], [ -105.081123, 43.666422 ], [ -105.081117, 43.667215 ], [ -105.081103, 43.669596 ], [ -105.081099, 43.670398 ], [ -105.081095, 43.671028 ], [ -105.081092, 43.671674 ], [ -105.081084, 43.672942 ], [ -105.081084, 43.672958 ], [ -105.081082, 43.67327 ], [ -105.08108, 43.673581 ], [ -105.081062, 43.676378 ], [ -105.08106, 43.676686 ], [ -105.081044, 43.679177 ], [ -105.081012, 43.684141 ], [ -105.081, 43.686002 ], [ -105.080981, 43.689108 ], [ -105.080968, 43.690972 ], [ -105.080956, 43.693326 ], [ -105.080937, 43.696569 ], [ -105.080932, 43.697546 ], [ -105.080929, 43.69799 ], [ -105.080928, 43.698436 ], [ -105.08091, 43.701322 ], [ -105.080858, 43.70998 ], [ -105.080841, 43.712866 ], [ -105.08084, 43.713118 ], [ -105.080838, 43.71337 ], [ -105.080833, 43.713874 ], [ -105.080831, 43.714364 ], [ -105.08082, 43.716138 ], [ -105.080815, 43.716901 ], [ -105.080809, 43.717911 ], [ -105.080807, 43.718197 ], [ -105.080802, 43.719055 ], [ -105.080802, 43.719342 ], [ -105.080802, 43.719368 ], [ -105.080791, 43.721194 ], [ -105.080786, 43.721905 ], [ -105.08078, 43.723046 ], [ -105.080768, 43.725038 ], [ -105.080756, 43.727031 ], [ -105.080749, 43.728146 ], [ -105.080742, 43.729262 ], [ -105.08074, 43.729594 ], [ -105.080734, 43.73071 ], [ -105.080725, 43.732158 ], [ -105.080691, 43.739472 ], [ -105.080689, 43.739707 ], [ -105.080688, 43.739732 ], [ -105.080688, 43.739945 ], [ -105.080688, 43.739956 ], [ -105.080688, 43.739972 ], [ -105.080688, 43.739989 ], [ -105.080688, 43.74 ], [ -105.080678, 43.741653 ], [ -105.080677, 43.741745 ], [ -105.080668, 43.743306 ], [ -105.080652, 43.746016 ], [ -105.080646, 43.74698 ], [ -105.080636, 43.748726 ], [ -105.080635, 43.748798 ], [ -105.080635, 43.748929 ], [ -105.080641, 43.749017 ], [ -105.080645, 43.749063 ], [ -105.080647, 43.74909 ], [ -105.080703, 43.749827 ], [ -105.080715, 43.749973 ], [ -105.080662, 43.752043 ], [ -105.080644, 43.752763 ], [ -105.080644, 43.752783 ], [ -105.08063, 43.753353 ], [ -105.080615, 43.753922 ], [ -105.080614, 43.753948 ], [ -105.080556, 43.756268 ], [ -105.080526, 43.757446 ], [ -105.080497, 43.758613 ], [ -105.080474, 43.75954 ], [ -105.080451, 43.760466 ], [ -105.080422, 43.761602 ], [ -105.080379, 43.763314 ], [ -105.080308, 43.766162 ], [ -105.080219, 43.76969 ], [ -105.080196, 43.770568 ], [ -105.08013, 43.773218 ], [ -105.080126, 43.773387 ], [ -105.080122, 43.773558 ], [ -105.080117, 43.773764 ], [ -105.080112, 43.773972 ], [ -105.080083, 43.775128 ], [ -105.080041, 43.776819 ], [ -105.07997, 43.779666 ], [ -105.079963, 43.779843 ], [ -105.079957, 43.780095 ], [ -105.079946, 43.780526 ], [ -105.079935, 43.780971 ], [ -105.079925, 43.781416 ], [ -105.079905, 43.782197 ], [ -105.079886, 43.782979 ], [ -105.079873, 43.783469 ], [ -105.079867, 43.783674 ], [ -105.079862, 43.783961 ], [ -105.079752, 43.788337 ], [ -105.079698, 43.790453 ], [ -105.079643, 43.792713 ], [ -105.079634, 43.793017 ], [ -105.079611, 43.793932 ], [ -105.079604, 43.794239 ], [ -105.079602, 43.794295 ], [ -105.079598, 43.794466 ], [ -105.079597, 43.794523 ], [ -105.079594, 43.794611 ], [ -105.079593, 43.794663 ], [ -105.079581, 43.795127 ], [ -105.079535, 43.796939 ], [ -105.079527, 43.797264 ], [ -105.07952, 43.797544 ], [ -105.079489, 43.79879 ], [ -105.079472, 43.799442 ], [ -105.079457, 43.800074 ], [ -105.079412, 43.80186 ], [ -105.079383, 43.803049 ], [ -105.07933, 43.805136 ], [ -105.079321, 43.805519 ], [ -105.079283, 43.807035 ], [ -105.079279, 43.807184 ], [ -105.079252, 43.808238 ], [ -105.079161, 43.811847 ], [ -105.079133, 43.813006 ], [ -105.079132, 43.813051 ], [ -105.079081, 43.815094 ], [ -105.079069, 43.815549 ], [ -105.078882, 43.823045 ], [ -105.07882, 43.825544 ], [ -105.078797, 43.826483 ], [ -105.078784, 43.827021 ], [ -105.081407, 43.826928 ], [ -105.081407, 43.826963 ] ] ] } },
{ "type": "Feature", "properties": { "STATEFP": "56", "COUNTYFP": "011", "COUNTYNS": "01605071", "GEOID": "56011", "GEOIDFQ": "0500000US56011", "NAME": "Crook", "NAMELSAD": "Crook County", "LSAD": "06", "CLASSFP": "H1", "MTFCC": "G4020", "CSAFP": null, "CBSAFP": null, "METDIVFP": null, "FUNCSTAT": "A", "ALAND": 7393068925, "AWATER": 28186052, "INTPTLAT": "+44.5892657", "INTPTLON": "-104.5672975" }, "geometry": { "type": "Polygon", "coordinates": [ [ [ -104.461132, 44.180747 ], [ -104.461202, 44.180747 ], [ -104.464255, 44.180754 ], [ -104.468291, 44.180765 ], [ -104.468762, 44.180765 ], [ -104.473265, 44.180775 ], [ -104.475748, 44.180781 ], [ -104.47655, 44.180775 ], [ -104.480411, 44.180742 ], [ -104.489894, 44.180664 ], [ -104.490615, 44.180662 ], [ -104.491084, 44.180657 ], [ -104.491326, 44.180655 ], [ -104.491545, 44.180653 ], [ -104.494792, 44.180627 ], [ -104.49792, 44.180603 ], [ -104.498446, 44.180599 ], [ -104.500508, 44.180583 ], [ -104.501635, 44.180576 ], [ -104.501979, 44.180573 ], [ -104.515626, 44.180494 ], [ -104.516905, 44.180486 ], [ -104.525683, 44.180436 ], [ -104.530706, 44.180407 ], [ -104.533549, 44.18039 ], [ -104.537745, 44.180365 ], [ -104.544895, 44.180324 ], [ -104.545424, 44.180321 ], [ -104.547262, 44.18031 ], [ -104.553317, 44.180275 ], [ -104.55724, 44.180253 ], [ -104.557409, 44.180253 ], [ -104.558236, 44.180248 ], [ -104.560163, 44.180236 ], [ -104.560991, 44.180231 ], [ -104.561442, 44.180228 ], [ -104.567394, 44.180193 ], [ -104.577827, 44.180133 ], [ -104.5779, 44.180132 ], [ -104.578031, 44.180132 ], [ -104.582635, 44.180106 ], [ -104.586347, 44.180084 ], [ -104.59039, 44.180061 ], [ -104.593468, 44.180043 ], [ -104.607994, 44.179958 ], [ -104.608112, 44.179957 ], [ -104.608638, 44.179955 ], [ -104.610505, 44.179944 ], [ -104.614889, 44.179919 ], [ -104.62536, 44.180155 ], [ -104.635045, 44.180073 ], [ -104.64091, 44.180024 ], [ -104.647512, 44.179968 ], [ -104.657725, 44.17988 ], [ -104.671574, 44.179759 ], [ -104.678689, 44.1797 ], [ -104.680673, 44.179682 ], [ -104.684673, 44.179648 ], [ -104.688048, 44.179619 ], [ -104.688768, 44.179617 ], [ -104.6902, 44.17961 ], [ -104.690542, 44.179608 ], [ -104.690884, 44.179607 ], [ -104.695268, 44.179587 ], [ -104.695745, 44.179585 ], [ -104.696462, 44.179582 ], [ -104.698077, 44.179563 ], [ -104.701204, 44.17953 ], [ -104.702113, 44.179519 ], [ -104.702225, 44.179518 ], [ -104.707937, 44.179455 ], [ -104.708545, 44.179449 ], [ -104.708902, 44.179445 ], [ -104.708931, 44.179445 ], [ -104.710846, 44.179424 ], [ -104.712034, 44.179409 ], [ -104.715417, 44.179369 ], [ -104.72146, 44.179299 ], [ -104.722878, 44.179283 ], [ -104.72418, 44.179288 ], [ -104.724578, 44.17929 ], [ -104.739211, 44.1793 ], [ -104.741911, 44.179266 ], [ -104.745739, 44.179218 ], [ -104.747887, 44.179178 ], [ -104.750533, 44.179131 ], [ -104.750633, 44.17913 ], [ -104.772813, 44.179037 ], [ -104.77958, 44.179008 ], [ -104.779867, 44.179002 ], [ -104.783864, 44.178922 ], [ -104.784504, 44.17891 ], [ -104.786453, 44.178872 ], [ -104.786891, 44.178869 ], [ -104.793301, 44.178822 ], [ -104.79747, 44.178793 ], [ -104.799948, 44.178775 ], [ -104.801459, 44.178764 ], [ -104.811192, 44.178694 ], [ -104.81499, 44.178666 ], [ -104.820132, 44.17863 ], [ -104.828163, 44.178572 ], [ -104.829524, 44.178563 ], [ -104.833791, 44.178531 ], [ -104.835287, 44.178521 ], [ -104.838615, 44.178496 ], [ -104.838946, 44.178494 ], [ -104.840992, 44.178479 ], [ -104.862223, 44.178327 ], [ -104.864275, 44.178312 ], [ -104.866126, 44.178299 ], [ -104.867435, 44.178288 ], [ -104.869633, 44.178274 ], [ -104.871336, 44.178262 ], [ -104.875349, 44.178233 ], [ -104.875579, 44.178231 ], [ -104.877484, 44.178218 ], [ -104.88813, 44.178146 ], [ -104.896018, 44.178091 ], [ -104.90194, 44.178051 ], [ -104.906067, 44.178022 ], [ -104.906135, 44.17802 ], [ -104.906236, 44.178017 ], [ -104.907142, 44.178005 ], [ -104.907417, 44.178 ], [ -104.908423, 44.177993 ], [ -104.912848, 44.177962 ], [ -104.920899, 44.177903 ], [ -104.921241, 44.177901 ], [ -104.924109, 44.17788 ], [ -104.933739, 44.177811 ], [ -104.936824, 44.177789 ], [ -104.936949, 44.177788 ], [ -104.937053, 44.177787 ], [ -104.940988, 44.177759 ], [ -104.944391, 44.177734 ], [ -104.954979, 44.177658 ], [ -104.958247, 44.177635 ], [ -104.974297, 44.177519 ], [ -104.9824, 44.177461 ], [ -104.986996, 44.177427 ], [ -104.99453, 44.177372 ], [ -104.994583, 44.177371 ], [ -105.000414, 44.177329 ], [ -105.000513, 44.176897 ], [ -105.003803, 44.176887 ], [ -105.005542, 44.176883 ], [ -105.009548, 44.176851 ], [ -105.012292, 44.17683 ], [ -105.012402, 44.176832 ], [ -105.014363, 44.176851 ], [ -105.014555, 44.176853 ], [ -105.021, 44.17682 ], [ -105.024003, 44.176824 ], [ -105.024959, 44.176825 ], [ -105.027829, 44.176829 ], [ -105.028786, 44.176831 ], [ -105.029166, 44.176836 ], [ -105.03094, 44.176836 ], [ -105.031196, 44.176836 ], [ -105.031322, 44.176838 ], [ -105.038338, 44.176977 ], [ -105.039787, 44.176956 ], [ -105.044069, 44.176916 ], [ -105.046059, 44.176897 ], [ -105.046459, 44.176893 ], [ -105.046738, 44.176865 ], [ -105.047087, 44.176857 ], [ -105.048963, 44.176815 ], [ -105.052844, 44.176764 ], [ -105.054613, 44.176729 ], [ -105.057374, 44.176675 ], [ -105.062308, 44.176577 ], [ -105.065211, 44.176516 ], [ -105.067936, 44.176461 ], [ -105.068067, 44.176457 ], [ -105.068798, 44.176461 ], [ -105.074007, 44.176491 ], [ -105.074268, 44.17651 ], [ -105.074473, 44.176486 ], [ -105.074724, 44.176457 ], [ -105.076209, 44.176371 ], [ -105.076426, 44.176358 ], [ -105.077103, 44.176222 ], [ -105.078156, 44.17613 ], [ -105.079281, 44.176182 ], [ -105.079339, 44.176185 ], [ -105.07986, 44.176183 ], [ -105.0816, 44.176177 ], [ -105.082181, 44.176175 ], [ -105.082195, 44.176469 ], [ -105.082238, 44.177355 ], [ -105.082254, 44.177652 ], [ -105.082279, 44.178189 ], [ -105.082358, 44.179786 ], [ -105.082362, 44.179866 ], [ -105.082385, 44.180319 ], [ -105.082405, 44.180731 ], [ -105.082466, 44.18197 ], [ -105.082487, 44.182383 ], [ -105.082494, 44.182562 ], [ -105.082517, 44.183001 ], [ -105.082521, 44.183099 ], [ -105.08253, 44.183279 ], [ -105.082531, 44.183346 ], [ -105.082537, 44.183549 ], [ -105.08254, 44.183617 ], [ -105.082547, 44.183904 ], [ -105.082565, 44.184283 ], [ -105.082659, 44.186284 ], [ -105.082692, 44.186951 ], [ -105.082736, 44.187634 ], [ -105.082873, 44.189687 ], [ -105.082919, 44.190374 ], [ -105.082937, 44.190663 ], [ -105.082994, 44.191533 ], [ -105.083013, 44.191823 ], [ -105.083121, 44.193931 ], [ -105.083445, 44.200258 ], [ -105.083488, 44.201084 ], [ -105.083521, 44.201726 ], [ -105.083554, 44.202367 ], [ -105.08359, 44.203071 ], [ -105.083698, 44.205183 ], [ -105.083735, 44.205888 ], [ -105.083744, 44.206403 ], [ -105.083774, 44.207947 ], [ -105.083784, 44.208463 ], [ -105.083796, 44.209107 ], [ -105.083884, 44.210098 ], [ -105.084321, 44.214999 ], [ -105.084467, 44.216633 ], [ -105.084467, 44.216645 ], [ -105.084479, 44.218453 ], [ -105.084494, 44.220474 ], [ -105.084395, 44.223861 ], [ -105.084393, 44.223916 ], [ -105.084374, 44.224588 ], [ -105.084376, 44.225736 ], [ -105.084379, 44.227643 ], [ -105.084381, 44.228629 ], [ -105.084385, 44.23152 ], [ -105.084388, 44.233361 ], [ -105.084391, 44.235081 ], [ -105.084383, 44.235267 ], [ -105.084316, 44.236816 ], [ -105.084272, 44.237851 ], [ -105.084161, 44.240435 ], [ -105.084117, 44.241465 ], [ -105.084106, 44.241725 ], [ -105.08405, 44.243015 ], [ -105.084059, 44.24388 ], [ -105.084064, 44.244348 ], [ -105.084078, 44.24568 ], [ -105.084086, 44.246476 ], [ -105.084087, 44.246511 ], [ -105.084096, 44.247342 ], [ -105.084094, 44.247869 ], [ -105.084092, 44.249453 ], [ -105.084092, 44.249981 ], [ -105.08405, 44.251592 ], [ -105.084018, 44.252801 ], [ -105.084008, 44.253203 ], [ -105.083867, 44.258642 ], [ -105.083799, 44.261261 ], [ -105.083726, 44.264082 ], [ -105.083724, 44.264101 ], [ -105.08372, 44.264161 ], [ -105.08372, 44.26419 ], [ -105.083738, 44.264619 ], [ -105.08378, 44.26559 ], [ -105.083785, 44.265933 ], [ -105.083793, 44.266372 ], [ -105.083802, 44.266947 ], [ -105.08382, 44.26809 ], [ -105.083807, 44.268672 ], [ -105.0838, 44.26906 ], [ -105.083732, 44.269195 ], [ -105.083715, 44.269231 ], [ -105.083733, 44.269938 ], [ -105.083787, 44.272061 ], [ -105.083806, 44.27277 ], [ -105.08382, 44.27282 ], [ -105.08384, 44.272858 ], [ -105.0839, 44.272972 ], [ -105.08392, 44.27301 ], [ -105.08394, 44.27329 ], [ -105.083941, 44.273413 ], [ -105.083959, 44.274626 ], [ -105.083964, 44.27497 ], [ -105.083966, 44.275031 ], [ -105.083974, 44.275606 ], [ -105.084, 44.2773 ], [ -105.084003, 44.277332 ], [ -105.08403, 44.27762 ], [ -105.08415, 44.27788 ], [ -105.084173, 44.277948 ], [ -105.084245, 44.278152 ], [ -105.08427, 44.27822 ], [ -105.084305, 44.27832 ], [ -105.08439, 44.27856 ], [ -105.084413, 44.27862 ], [ -105.084453, 44.27872 ], [ -105.084453, 44.278734 ], [ -105.084467, 44.278756 ], [ -105.084471, 44.278766 ], [ -105.08434, 44.279042 ], [ -105.083951, 44.279874 ], [ -105.083822, 44.280153 ], [ -105.083819, 44.280592 ], [ -105.083818, 44.281913 ], [ -105.083822, 44.282357 ], [ -105.083823, 44.282493 ], [ -105.083828, 44.282905 ], [ -105.083832, 44.283044 ], [ -105.083852, 44.283244 ], [ -105.083914, 44.283827 ], [ -105.083909, 44.283853 ], [ -105.083863, 44.284102 ], [ -105.083866, 44.284217 ], [ -105.083868, 44.284295 ], [ -105.08387, 44.284331 ], [ -105.083878, 44.284561 ], [ -105.083888, 44.284877 ], [ -105.083895, 44.285071 ], [ -105.083897, 44.285156 ], [ -105.083906, 44.285414 ], [ -105.08391, 44.2855 ], [ -105.083911, 44.285653 ], [ -105.083913, 44.285761 ], [ -105.083916, 44.286112 ], [ -105.083918, 44.286266 ], [ -105.08392, 44.28645 ], [ -105.08396, 44.286806 ], [ -105.084145, 44.288425 ], [ -105.084207, 44.288965 ], [ -105.084216, 44.289605 ], [ -105.084249, 44.291531 ], [ -105.084261, 44.292174 ], [ -105.084262, 44.292451 ], [ -105.084271, 44.293287 ], [ -105.084275, 44.293567 ], [ -105.084306, 44.295252 ], [ -105.084333, 44.296662 ], [ -105.084389, 44.299702 ], [ -105.084405, 44.300308 ], [ -105.084428, 44.301093 ], [ -105.084453, 44.301993 ], [ -105.084599, 44.307222 ], [ -105.084669, 44.309694 ], [ -105.084885, 44.317395 ], [ -105.084946, 44.319586 ], [ -105.085008, 44.321778 ], [ -105.08504, 44.322911 ], [ -105.085076, 44.324184 ], [ -105.084936, 44.32814 ], [ -105.084928, 44.328365 ], [ -105.084925, 44.328451 ], [ -105.084914, 44.328762 ], [ -105.084905, 44.329014 ], [ -105.084904, 44.329041 ], [ -105.084896, 44.329267 ], [ -105.084888, 44.329509 ], [ -105.084842, 44.330303 ], [ -105.084664, 44.333412 ], [ -105.084606, 44.334449 ], [ -105.084606, 44.33459 ], [ -105.084606, 44.335016 ], [ -105.084606, 44.335158 ], [ -105.084591, 44.335445 ], [ -105.08458, 44.335666 ], [ -105.084556, 44.336162 ], [ -105.084556, 44.336173 ], [ -105.084551, 44.336293 ], [ -105.084549, 44.336314 ], [ -105.084543, 44.336448 ], [ -105.084536, 44.336603 ], [ -105.084508, 44.337465 ], [ -105.084427, 44.340053 ], [ -105.084401, 44.340916 ], [ -105.084446, 44.342366 ], [ -105.084443, 44.343045 ], [ -105.084443, 44.34313 ], [ -105.084442, 44.343194 ], [ -105.084442, 44.343259 ], [ -105.084438, 44.344013 ], [ -105.084435, 44.344767 ], [ -105.084418, 44.348712 ], [ -105.08441, 44.350309 ], [ -105.0844, 44.352658 ], [ -105.084394, 44.353961 ], [ -105.084377, 44.35787 ], [ -105.084372, 44.359174 ], [ -105.084366, 44.360516 ], [ -105.084363, 44.361736 ], [ -105.084345, 44.369424 ], [ -105.08434, 44.371987 ], [ -105.084399, 44.372805 ], [ -105.084559, 44.374981 ], [ -105.084554, 44.37526 ], [ -105.084542, 44.376081 ], [ -105.084536, 44.376436 ], [ -105.08452, 44.377503 ], [ -105.084515, 44.377859 ], [ -105.084513, 44.377975 ], [ -105.084468, 44.380876 ], [ -105.084398, 44.385462 ], [ -105.084329, 44.38993 ], [ -105.084283, 44.392949 ], [ -105.084242, 44.395599 ], [ -105.08412, 44.403553 ], [ -105.08408, 44.406204 ], [ -105.084067, 44.406945 ], [ -105.084032, 44.409168 ], [ -105.08402, 44.40991 ], [ -105.084017, 44.409931 ], [ -105.08401, 44.409996 ], [ -105.084009, 44.410018 ], [ -105.08397, 44.4104 ], [ -105.08397, 44.41105 ], [ -105.08397, 44.41131 ], [ -105.083954, 44.412493 ], [ -105.08395, 44.41285 ], [ -105.08394, 44.41594 ], [ -105.08392, 44.41903 ], [ -105.083917, 44.419166 ], [ -105.083919, 44.419211 ], [ -105.083915, 44.419256 ], [ -105.083899, 44.419925 ], [ -105.08388, 44.42077 ], [ -105.08388, 44.42078 ], [ -105.083873, 44.422403 ], [ -105.083871, 44.422737 ], [ -105.08387, 44.42309 ], [ -105.083881, 44.42374 ], [ -105.083887, 44.424075 ], [ -105.083889, 44.424209 ], [ -105.08389, 44.42424 ], [ -105.08389, 44.42475 ], [ -105.083886, 44.424926 ], [ -105.08386, 44.42608 ], [ -105.08393, 44.42704 ], [ -105.0839, 44.427477 ], [ -105.08389, 44.42764 ], [ -105.083776, 44.428319 ], [ -105.0837, 44.42877 ], [ -105.083674, 44.428904 ], [ -105.08354, 44.42961 ], [ -105.08356, 44.43017 ], [ -105.08359, 44.43051 ], [ -105.083613, 44.430672 ], [ -105.083699, 44.431261 ], [ -105.08371, 44.43134 ], [ -105.083708, 44.431381 ], [ -105.083694, 44.431744 ], [ -105.08369, 44.431865 ], [ -105.08365, 44.4329 ], [ -105.083648, 44.432928 ], [ -105.0835, 44.43575 ], [ -105.083478, 44.436117 ], [ -105.083436, 44.436819 ], [ -105.083414, 44.43718 ], [ -105.08341, 44.43725 ], [ -105.083397, 44.437555 ], [ -105.08336, 44.43849 ], [ -105.083357, 44.438683 ], [ -105.083353, 44.439055 ], [ -105.083351, 44.439202 ], [ -105.083346, 44.439629 ], [ -105.083345, 44.439772 ], [ -105.083341, 44.440045 ], [ -105.08334, 44.44019 ], [ -105.083361, 44.440866 ], [ -105.08337, 44.44114 ], [ -105.083359, 44.441714 ], [ -105.083325, 44.443406 ], [ -105.083228, 44.448425 ], [ -105.083193, 44.450205 ], [ -105.083149, 44.452472 ], [ -105.083142, 44.453331 ], [ -105.083102, 44.458072 ], [ -105.083042, 44.465287 ], [ -105.082998, 44.470049 ], [ -105.082985, 44.472134 ], [ -105.082984, 44.472166 ], [ -105.082982, 44.472469 ], [ -105.082961, 44.474871 ], [ -105.082915, 44.480472 ], [ -105.082939, 44.482457 ], [ -105.082962, 44.484373 ], [ -105.082996, 44.487071 ], [ -105.083105, 44.496079 ], [ -105.083125, 44.497773 ], [ -105.083153, 44.499982 ], [ -105.083147, 44.500411 ], [ -105.083131, 44.5017 ], [ -105.083126, 44.50213 ], [ -105.083118, 44.502765 ], [ -105.083095, 44.50467 ], [ -105.083088, 44.505306 ], [ -105.083085, 44.50552 ], [ -105.083077, 44.506164 ], [ -105.083075, 44.506379 ], [ -105.083062, 44.50673 ], [ -105.083026, 44.507786 ], [ -105.083014, 44.508138 ], [ -105.083006, 44.508622 ], [ -105.082982, 44.510074 ], [ -105.082974, 44.510558 ], [ -105.082953, 44.511729 ], [ -105.082893, 44.515244 ], [ -105.082882, 44.515918 ], [ -105.08286, 44.516417 ], [ -105.082858, 44.516448 ], [ -105.082853, 44.516548 ], [ -105.082852, 44.516581 ], [ -105.082842, 44.517396 ], [ -105.082831, 44.518468 ], [ -105.082815, 44.519843 ], [ -105.08281, 44.520356 ], [ -105.082808, 44.520508 ], [ -105.082807, 44.520659 ], [ -105.082793, 44.521932 ], [ -105.08275, 44.525753 ], [ -105.082737, 44.527027 ], [ -105.08272, 44.527272 ], [ -105.082715, 44.527346 ], [ -105.082704, 44.527516 ], [ -105.082698, 44.527607 ], [ -105.08278, 44.527609 ], [ -105.083249, 44.527623 ], [ -105.083397, 44.527627 ], [ -105.083718, 44.527637 ], [ -105.084092, 44.527647 ], [ -105.085214, 44.52768 ], [ -105.085589, 44.527691 ], [ -105.0861, 44.527706 ], [ -105.086151, 44.527708 ], [ -105.086097, 44.52919 ], [ -105.086079, 44.529701 ], [ -105.086069, 44.529948 ], [ -105.086043, 44.530689 ], [ -105.086035, 44.530937 ], [ -105.085957, 44.533123 ], [ -105.085857, 44.535942 ], [ -105.085723, 44.539683 ], [ -105.085679, 44.540946 ], [ -105.085664, 44.541356 ], [ -105.08565, 44.541766 ], [ -105.085646, 44.54187 ], [ -105.085666, 44.542421 ], [ -105.085727, 44.544076 ], [ -105.085735, 44.544281 ], [ -105.085729, 44.544629 ], [ -105.085705, 44.545761 ], [ -105.085637, 44.549159 ], [ -105.085615, 44.550293 ], [ -105.085624, 44.551767 ], [ -105.085651, 44.555344 ], [ -105.085655, 44.556191 ], [ -105.085667, 44.557666 ], [ -105.085668, 44.55783 ], [ -105.085696, 44.561705 ], [ -105.085718, 44.564695 ], [ -105.085736, 44.567114 ], [ -105.085786, 44.573825 ], [ -105.085816, 44.577865 ], [ -105.085803, 44.578357 ], [ -105.085791, 44.578825 ], [ -105.085787, 44.578995 ], [ -105.085764, 44.579836 ], [ -105.085752, 44.580329 ], [ -105.085723, 44.581442 ], [ -105.085637, 44.584784 ], [ -105.085609, 44.585898 ], [ -105.085577, 44.586803 ], [ -105.085482, 44.589519 ], [ -105.085452, 44.590426 ], [ -105.085451, 44.593286 ], [ -105.08545, 44.601869 ], [ -105.08545, 44.604737 ], [ -105.08545, 44.60475 ], [ -105.08545, 44.604769 ], [ -105.085446, 44.605005 ], [ -105.085442, 44.605718 ], [ -105.085442, 44.605957 ], [ -105.085424, 44.608889 ], [ -105.085391, 44.614126 ], [ -105.085378, 44.616404 ], [ -105.08537, 44.617688 ], [ -105.085353, 44.620623 ], [ -105.085459, 44.622878 ], [ -105.085558, 44.624983 ], [ -105.085543, 44.627513 ], [ -105.085529, 44.629648 ], [ -105.085516, 44.631906 ], [ -105.085516, 44.631932 ], [ -105.085522, 44.632 ], [ -105.085529, 44.632075 ], [ -105.085544, 44.632226 ], [ -105.085549, 44.632283 ], [ -105.085558, 44.632378 ], [ -105.085558, 44.63257 ], [ -105.085558, 44.633146 ], [ -105.085559, 44.633339 ], [ -105.085559, 44.633893 ], [ -105.085559, 44.634135 ], [ -105.085559, 44.636523 ], [ -105.08556, 44.637319 ], [ -105.085561, 44.640066 ], [ -105.085561, 44.644012 ], [ -105.085565, 44.664091 ], [ -105.085567, 44.670785 ], [ -105.085567, 44.673644 ], [ -105.08557, 44.682222 ], [ -105.085571, 44.685082 ], [ -105.085571, 44.685164 ], [ -105.085571, 44.685411 ], [ -105.085572, 44.685494 ], [ -105.085572, 44.685719 ], [ -105.085572, 44.685764 ], [ -105.085572, 44.686574 ], [ -105.085573, 44.686845 ], [ -105.085573, 44.689152 ], [ -105.085574, 44.691012 ], [ -105.085574, 44.6911 ], [ -105.085574, 44.691198 ], [ -105.085574, 44.691296 ], [ -105.085575, 44.696075 ], [ -105.085576, 44.698383 ], [ -105.085576, 44.69865 ], [ -105.085576, 44.699453 ], [ -105.085577, 44.699721 ], [ -105.085577, 44.69994 ], [ -105.085577, 44.700293 ], [ -105.085577, 44.702012 ], [ -105.085578, 44.702585 ], [ -105.085578, 44.702602 ], [ -105.085578, 44.703867 ], [ -105.085579, 44.707714 ], [ -105.08558, 44.708303 ], [ -105.08558, 44.708997 ], [ -105.08558, 44.709031 ], [ -105.08558, 44.711859 ], [ -105.085581, 44.713084 ], [ -105.085583, 44.720446 ], [ -105.085584, 44.723309 ], [ -105.085584, 44.724167 ], [ -105.085585, 44.726742 ], [ -105.085586, 44.727529 ], [ -105.085586, 44.727602 ], [ -105.085586, 44.728016 ], [ -105.085586, 44.728728 ], [ -105.085586, 44.729257 ], [ -105.085587, 44.729672 ], [ -105.085587, 44.730587 ], [ -105.085588, 44.732259 ], [ -105.085588, 44.733332 ], [ -105.085589, 44.734247 ], [ -105.085588, 44.73659 ], [ -105.08559, 44.743622 ], [ -105.085592, 44.745967 ], [ -105.085586, 44.746311 ], [ -105.085586, 44.746335 ], [ -105.085542, 44.747347 ], [ -105.085529, 44.747693 ], [ -105.085529, 44.747796 ], [ -105.085529, 44.748105 ], [ -105.08553, 44.748209 ], [ -105.085578, 44.749983 ], [ -105.0856, 44.753741 ], [ -105.085619, 44.756746 ], [ -105.085601, 44.768304 ], [ -105.0856, 44.769128 ], [ -105.085589, 44.77034 ], [ -105.085541, 44.775873 ], [ -105.08554, 44.775944 ], [ -105.085538, 44.776159 ], [ -105.085538, 44.776231 ], [ -105.085528, 44.777441 ], [ -105.085512, 44.77955 ], [ -105.085498, 44.781074 ], [ -105.085488, 44.782285 ], [ -105.085487, 44.782343 ], [ -105.085486, 44.78252 ], [ -105.085486, 44.782578 ], [ -105.085475, 44.783893 ], [ -105.085451, 44.786801 ], [ -105.084414, 44.786761 ], [ -105.0831, 44.786712 ], [ -105.081923, 44.786668 ], [ -105.079657, 44.786584 ], [ -105.078404, 44.786408 ], [ -105.077238, 44.786245 ], [ -105.076861, 44.786193 ], [ -105.076856, 44.787213 ], [ -105.076836, 44.791417 ], [ -105.076833, 44.792237 ], [ -105.076832, 44.792819 ], [ -105.076829, 44.793742 ], [ -105.076826, 44.796511 ], [ -105.076825, 44.797435 ], [ -105.076825, 44.797568 ], [ -105.076825, 44.797624 ], [ -105.076825, 44.797702 ], [ -105.076825, 44.79782 ], [ -105.076825, 44.798014 ], [ -105.076824, 44.798066 ], [ -105.076825, 44.798208 ], [ -105.076824, 44.798363 ], [ -105.076824, 44.798831 ], [ -105.076824, 44.798987 ], [ -105.076824, 44.79906 ], [ -105.076824, 44.79928 ], [ -105.076825, 44.799354 ], [ -105.076824, 44.799489 ], [ -105.076824, 44.799896 ], [ -105.076825, 44.800032 ], [ -105.076824, 44.800618 ], [ -105.076822, 44.802376 ], [ -105.076822, 44.802963 ], [ -105.07682, 44.804908 ], [ -105.076817, 44.808738 ], [ -105.076782, 44.810179 ], [ -105.076768, 44.810744 ], [ -105.07672, 44.81269 ], [ -105.076577, 44.818553 ], [ -105.076448, 44.823857 ], [ -105.076177, 44.835023 ], [ -105.076149, 44.836143 ], [ -105.076121, 44.837336 ], [ -105.075992, 44.842006 ], [ -105.075947, 44.843646 ], [ -105.075896, 44.845527 ], [ -105.075813, 44.848567 ], [ -105.075769, 44.850208 ], [ -105.075746, 44.851032 ], [ -105.075678, 44.853507 ], [ -105.075656, 44.854332 ], [ -105.075618, 44.855702 ], [ -105.075553, 44.858143 ], [ -105.075417, 44.859808 ], [ -105.075413, 44.859855 ], [ -105.07534, 44.861174 ], [ -105.075264, 44.862551 ], [ -105.075191, 44.86385 ], [ -105.075158, 44.864441 ], [ -105.075064, 44.86617 ], [ -105.075039, 44.866634 ], [ -105.074991, 44.867467 ], [ -105.074916, 44.868773 ], [ -105.074863, 44.869787 ], [ -105.074846, 44.870067 ], [ -105.074831, 44.87035 ], [ -105.074795, 44.870992 ], [ -105.074791, 44.87107 ], [ -105.074832, 44.87107 ], [ -105.076696, 44.871072 ], [ -105.076691, 44.871783 ], [ -105.076674, 44.874681 ], [ -105.076643, 44.8783 ], [ -105.076635, 44.879222 ], [ -105.076622, 44.880621 ], [ -105.076663, 44.892413 ], [ -105.07667, 44.89435 ], [ -105.076703, 44.911911 ], [ -105.076708, 44.912117 ], [ -105.07656, 44.92293 ], [ -105.0766, 44.924277 ], [ -105.07666, 44.92627 ], [ -105.07654, 44.942558 ], [ -105.076569, 44.95009 ], [ -105.076588, 44.951239 ], [ -105.076607, 44.951616 ], [ -105.076658, 44.9533 ], [ -105.076691, 44.958468 ], [ -105.076674, 44.96169 ], [ -105.076686, 44.96785 ], [ -105.076708, 44.972616 ], [ -105.076663, 44.979352 ], [ -105.076724, 44.988018 ], [ -105.076659, 44.994582 ], [ -105.076649, 44.996958 ], [ -105.076607, 44.997787 ], [ -105.07662, 44.998414 ], [ -105.076595, 44.99959 ], [ -105.076601, 44.999926 ], [ -105.073988, 44.999955 ], [ -105.067998, 45.000023 ], [ -105.063443, 45.000075 ], [ -105.060443, 45.000109 ], [ -105.059946, 45.000115 ], [ -105.058777, 45.000121 ], [ -105.058663, 45.000121 ], [ -105.055654, 45.000119 ], [ -105.05356, 45.000117 ], [ -105.04896, 45.000114 ], [ -105.04858, 45.000113 ], [ -105.048456, 45.000113 ], [ -105.045807, 45.000112 ], [ -105.043353, 45.00011 ], [ -105.038249, 45.000106 ], [ -105.02623, 45.00011 ], [ -105.026049, 45.000109 ], [ -105.025522, 45.000108 ], [ -105.018017, 45.000105 ], [ -105.00282, 45.000098 ], [ -104.986455, 45.000091 ], [ -104.970502, 45.000087 ], [ -104.944931, 45.00009 ], [ -104.902033, 45.000043 ], [ -104.889161, 45.000026 ], [ -104.88859, 45.000024 ], [ -104.875301, 44.999968 ], [ -104.871096, 44.999949 ], [ -104.860077, 44.999897 ], [ -104.845589, 44.999828 ], [ -104.839942, 44.999802 ], [ -104.838715, 44.999796 ], [ -104.832579, 44.999768 ], [ -104.818705, 44.9997 ], [ -104.808258, 44.999651 ], [ -104.805857, 44.99964 ], [ -104.805802, 44.99964 ], [ -104.80578, 44.99964 ], [ -104.803798, 44.999631 ], [ -104.801776, 44.99962 ], [ -104.783945, 44.999542 ], [ -104.769502, 44.999482 ], [ -104.769001, 44.999479 ], [ -104.768748, 44.999478 ], [ -104.768519, 44.999477 ], [ -104.767496, 44.999473 ], [ -104.759813, 44.999439 ], [ -104.747847, 44.999385 ], [ -104.728207, 44.9993 ], [ -104.727309, 44.999291 ], [ -104.72659, 44.999288 ], [ -104.70143, 44.999163 ], [ -104.69889, 44.999149 ], [ -104.687098, 44.999087 ], [ -104.680078, 44.999052 ], [ -104.668469, 44.998997 ], [ -104.6605, 44.998963 ], [ -104.659992, 44.998977 ], [ -104.659023, 44.998955 ], [ -104.635658, 44.998828 ], [ -104.632157, 44.99881 ], [ -104.631296, 44.998808 ], [ -104.592321, 44.998656 ], [ -104.591872, 44.998655 ], [ -104.591618, 44.998655 ], [ -104.586613, 44.99865 ], [ -104.573563, 44.998623 ], [ -104.572363, 44.998622 ], [ -104.54527, 44.998594 ], [ -104.520913, 44.998539 ], [ -104.509437, 44.998503 ], [ -104.506765, 44.998493 ], [ -104.506623, 44.998493 ], [ -104.506573, 44.998493 ], [ -104.50649, 44.998493 ], [ -104.503854, 44.99845 ], [ -104.500512, 44.998455 ], [ -104.500125, 44.998453 ], [ -104.49573, 44.998427 ], [ -104.493107, 44.998413 ], [ -104.493087, 44.998452 ], [ -104.482296, 44.998432 ], [ -104.470667, 44.998418 ], [ -104.470529, 44.998418 ], [ -104.47002, 44.998418 ], [ -104.44318, 44.998399 ], [ -104.431522, 44.998393 ], [ -104.427141, 44.998391 ], [ -104.424249, 44.998389 ], [ -104.422428, 44.998387 ], [ -104.42063, 44.998386 ], [ -104.420173, 44.998387 ], [ -104.411468, 44.998373 ], [ -104.396503, 44.998348 ], [ -104.391097, 44.998342 ], [ -104.366242, 44.99831 ], [ -104.352794, 44.998287 ], [ -104.295613, 44.99815 ], [ -104.263043, 44.998127 ], [ -104.250336, 44.998095 ], [ -104.234384, 44.998055 ], [ -104.193324, 44.997931 ], [ -104.192809, 44.997931 ], [ -104.174949, 44.99786 ], [ -104.174908, 44.99786 ], [ -104.174642, 44.997859 ], [ -104.174496, 44.997858 ], [ -104.172526, 44.997851 ], [ -104.171687, 44.997848 ], [ -104.153909, 44.997913 ], [ -104.143586, 44.997949 ], [ -104.141251, 44.997957 ], [ -104.129347, 44.997966 ], [ -104.129094, 44.997962 ], [ -104.122723, 44.997881 ], [ -104.122172, 44.997874 ], [ -104.119878, 44.997845 ], [ -104.119792, 44.997844 ], [ -104.110889, 44.997731 ], [ -104.108295, 44.997725 ], [ -104.105914, 44.997717 ], [ -104.103193, 44.997712 ], [ -104.098092, 44.997698 ], [ -104.092997, 44.997687 ], [ -104.082808, 44.99768 ], [ -104.076594, 44.997679 ], [ -104.073455, 44.997679 ], [ -104.072605, 44.99768 ], [ -104.069715, 44.99768 ], [ -104.067471, 44.997665 ], [ -104.059582, 44.997618 ], [ -104.057879, 44.997605 ], [ -104.057696, 44.997363 ], [ -104.057696, 44.997346 ], [ -104.057695, 44.997314 ], [ -104.057695, 44.997298 ], [ -104.057693, 44.997244 ], [ -104.057691, 44.997138 ], [ -104.05769, 44.997081 ], [ -104.05769, 44.997054 ], [ -104.057691, 44.997028 ], [ -104.057702, 44.996746 ], [ -104.057736, 44.9959 ], [ -104.057739, 44.995828 ], [ -104.057736, 44.995618 ], [ -104.057568, 44.984554 ], [ -104.057406, 44.973812 ], [ -104.057067, 44.951363 ], [ -104.0569, 44.9403 ], [ -104.056897, 44.940079 ], [ -104.056841, 44.938708 ], [ -104.056649, 44.933934 ], [ -104.056643, 44.933784 ], [ -104.056619, 44.933227 ], [ -104.056618, 44.93319 ], [ -104.056617, 44.933044 ], [ -104.056616, 44.932949 ], [ -104.056614, 44.932696 ], [ -104.056611, 44.932343 ], [ -104.056579, 44.928792 ], [ -104.056551, 44.925608 ], [ -104.056485, 44.918142 ], [ -104.056465, 44.915857 ], [ -104.056457, 44.915007 ], [ -104.056463, 44.914907 ], [ -104.056483, 44.914593 ], [ -104.056484, 44.914567 ], [ -104.056488, 44.91449 ], [ -104.05649, 44.914465 ], [ -104.056506, 44.914201 ], [ -104.056554, 44.91341 ], [ -104.056556, 44.913382 ], [ -104.056553, 44.913146 ], [ -104.056494, 44.909689 ], [ -104.056368, 44.902126 ], [ -104.05632, 44.89932 ], [ -104.056264, 44.895964 ], [ -104.056263, 44.895864 ], [ -104.056258, 44.895557 ], [ -104.056239, 44.894446 ], [ -104.056167, 44.890194 ], [ -104.056148, 44.88903 ], [ -104.056144, 44.888777 ], [ -104.056142, 44.888636 ], [ -104.056071, 44.884463 ], [ -104.056034, 44.882205 ], [ -104.055913, 44.874986 ], [ -104.056165, 44.87153 ], [ -104.056481, 44.867228 ], [ -104.056487, 44.867113 ], [ -104.056495, 44.867034 ], [ -104.056494, 44.866772 ], [ -104.056494, 44.866682 ], [ -104.056493, 44.866442 ], [ -104.056476, 44.863441 ], [ -104.056445, 44.857646 ], [ -104.056426, 44.854093 ], [ -104.056415, 44.852081 ], [ -104.056401, 44.849405 ], [ -104.056395, 44.848295 ], [ -104.056375, 44.844765 ], [ -104.056319, 44.834269 ], [ -104.056318, 44.834178 ], [ -104.056302, 44.831142 ], [ -104.056299, 44.830649 ], [ -104.056291, 44.829195 ], [ -104.056267, 44.824834 ], [ -104.05626, 44.823438 ], [ -104.05626, 44.823381 ], [ -104.056249, 44.821505 ], [ -104.056238, 44.819524 ], [ -104.0562, 44.812321 ], [ -104.056198, 44.811886 ], [ -104.056197, 44.811763 ], [ -104.056193, 44.811483 ], [ -104.056192, 44.811356 ], [ -104.056192, 44.811299 ], [ -104.056168, 44.806933 ], [ -104.05617, 44.806752 ], [ -104.05617, 44.806707 ], [ -104.056173, 44.806377 ], [ -104.056215, 44.800795 ], [ -104.056215, 44.800724 ], [ -104.056207, 44.799765 ], [ -104.056205, 44.799453 ], [ -104.056185, 44.796889 ], [ -104.056179, 44.796001 ], [ -104.056178, 44.795931 ], [ -104.056177, 44.795872 ], [ -104.05616, 44.794474 ], [ -104.056107, 44.790105 ], [ -104.05609, 44.788649 ], [ -104.056089, 44.788586 ], [ -104.056085, 44.788513 ], [ -104.056045, 44.78763 ], [ -104.055907, 44.784575 ], [ -104.055865, 44.783624 ], [ -104.055871, 44.783591 ], [ -104.055865, 44.783557 ], [ -104.055866, 44.783359 ], [ -104.055869, 44.782767 ], [ -104.05587, 44.782635 ], [ -104.055873, 44.78257 ], [ -104.055884, 44.782205 ], [ -104.055918, 44.781112 ], [ -104.055929, 44.780798 ], [ -104.055929, 44.780748 ], [ -104.055932, 44.779487 ], [ -104.055941, 44.775705 ], [ -104.055944, 44.774893 ], [ -104.055944, 44.774839 ], [ -104.055945, 44.774445 ], [ -104.055948, 44.773194 ], [ -104.055958, 44.769441 ], [ -104.055962, 44.768317 ], [ -104.055963, 44.768236 ], [ -104.055963, 44.768191 ], [ -104.055963, 44.76816 ], [ -104.055963, 44.768086 ], [ -104.055963, 44.76807 ], [ -104.055963, 44.76804 ], [ -104.055962, 44.768015 ], [ -104.055962, 44.767962 ], [ -104.055962, 44.76794 ], [ -104.055962, 44.767916 ], [ -104.055955, 44.767058 ], [ -104.055934, 44.764487 ], [ -104.055928, 44.763695 ], [ -104.055927, 44.76363 ], [ -104.055903, 44.760762 ], [ -104.055899, 44.760163 ], [ -104.055894, 44.759483 ], [ -104.055835, 44.75216 ], [ -104.055829, 44.751422 ], [ -104.055818, 44.749985 ], [ -104.055821, 44.749293 ], [ -104.055821, 44.749105 ], [ -104.05582, 44.749075 ], [ -104.05582, 44.748423 ], [ -104.05582, 44.748206 ], [ -104.055819, 44.747652 ], [ -104.055821, 44.747528 ], [ -104.055831, 44.746189 ], [ -104.055838, 44.745426 ], [ -104.055839, 44.745304 ], [ -104.05584, 44.745182 ], [ -104.055882, 44.740138 ], [ -104.055899, 44.738122 ], [ -104.055899, 44.737886 ], [ -104.055892, 44.735801 ], [ -104.055873, 44.730036 ], [ -104.055868, 44.728839 ], [ -104.055862, 44.726792 ], [ -104.055869, 44.726519 ], [ -104.055883, 44.725899 ], [ -104.055925, 44.72404 ], [ -104.055933, 44.72372 ], [ -104.055871, 44.723427 ], [ -104.055868, 44.723366 ], [ -104.055868, 44.723183 ], [ -104.055868, 44.723123 ], [ -104.055867, 44.722743 ], [ -104.055858, 44.720658 ], [ -104.055848, 44.718037 ], [ -104.055828, 44.713266 ], [ -104.055818, 44.710803 ], [ -104.055812, 44.709225 ], [ -104.055809, 44.708694 ], [ -104.055783, 44.702368 ], [ -104.055778, 44.700965 ], [ -104.055776, 44.700466 ], [ -104.05576, 44.70026 ], [ -104.0558, 44.69971 ], [ -104.055806, 44.69927 ], [ -104.05582, 44.69835 ], [ -104.05587, 44.69693 ], [ -104.055897, 44.696299 ], [ -104.0559, 44.69625 ], [ -104.05585, 44.69593 ], [ -104.055805, 44.695314 ], [ -104.05579, 44.6951 ], [ -104.055796, 44.695002 ], [ -104.05585, 44.69423 ], [ -104.05587, 44.694069 ], [ -104.05591, 44.69376 ], [ -104.055881, 44.693256 ], [ -104.05582, 44.69218 ], [ -104.055829, 44.691744 ], [ -104.05584, 44.69124 ], [ -104.055833, 44.690524 ], [ -104.055812, 44.688376 ], [ -104.055806, 44.687729 ], [ -104.055812, 44.687661 ], [ -104.055815, 44.687622 ], [ -104.055841, 44.687324 ], [ -104.055931, 44.686313 ], [ -104.055952, 44.686081 ], [ -104.055952, 44.685976 ], [ -104.055949, 44.685163 ], [ -104.055948, 44.685125 ], [ -104.05594, 44.682574 ], [ -104.055938, 44.681819 ], [ -104.055937, 44.681724 ], [ -104.055934, 44.680943 ], [ -104.055926, 44.678602 ], [ -104.055925, 44.678127 ], [ -104.055923, 44.677822 ], [ -104.05592, 44.677147 ], [ -104.055913, 44.675122 ], [ -104.055911, 44.674528 ], [ -104.055911, 44.674448 ], [ -104.055909, 44.674106 ], [ -104.055905, 44.673081 ], [ -104.055904, 44.67274 ], [ -104.055904, 44.672606 ], [ -104.055886, 44.671174 ], [ -104.05583, 44.66648 ], [ -104.055813, 44.665026 ], [ -104.055813, 44.664915 ], [ -104.055807, 44.661705 ], [ -104.055806, 44.661223 ], [ -104.055784, 44.65015 ], [ -104.055778, 44.646847 ], [ -104.055778, 44.646459 ], [ -104.055777, 44.645398 ], [ -104.055774, 44.642216 ], [ -104.055774, 44.64121 ], [ -104.055773, 44.641156 ], [ -104.055766, 44.638202 ], [ -104.055755, 44.633392 ], [ -104.055737, 44.624985 ], [ -104.055749, 44.620534 ], [ -104.055778, 44.6101 ], [ -104.0558, 44.602337 ], [ -104.0558, 44.602302 ], [ -104.05584, 44.600269 ], [ -104.055962, 44.594068 ], [ -104.056004, 44.592001 ], [ -104.056012, 44.591587 ], [ -104.056016, 44.589933 ], [ -104.056034, 44.58373 ], [ -104.05604, 44.581663 ], [ -104.056041, 44.581584 ], [ -104.056037, 44.581324 ], [ -104.056022, 44.580307 ], [ -104.056017, 44.579969 ], [ -104.056016, 44.579871 ], [ -104.056015, 44.579788 ], [ -104.056009, 44.579718 ], [ -104.055944, 44.578967 ], [ -104.055926, 44.578749 ], [ -104.055923, 44.578717 ], [ -104.055918, 44.578668 ], [ -104.055918, 44.578361 ], [ -104.055922, 44.577292 ], [ -104.055923, 44.577038 ], [ -104.055924, 44.576936 ], [ -104.055924, 44.576835 ], [ -104.055924, 44.576534 ], [ -104.055925, 44.576434 ], [ -104.055925, 44.576298 ], [ -104.055925, 44.57589 ], [ -104.055926, 44.575755 ], [ -104.055926, 44.575744 ], [ -104.055926, 44.575667 ], [ -104.055929, 44.574808 ], [ -104.055939, 44.57197 ], [ -104.055943, 44.571025 ], [ -104.055943, 44.57093 ], [ -104.05595, 44.568886 ], [ -104.055971, 44.563101 ], [ -104.055965, 44.562469 ], [ -104.055945, 44.560331 ], [ -104.055944, 44.560189 ], [ -104.055934, 44.559221 ], [ -104.055902, 44.555895 ], [ -104.055892, 44.554786 ], [ -104.055879, 44.553525 ], [ -104.055843, 44.549742 ], [ -104.055833, 44.548597 ], [ -104.055832, 44.548481 ], [ -104.055823, 44.546704 ], [ -104.055904, 44.543475 ], [ -104.055928, 44.542621 ], [ -104.055945, 44.542429 ], [ -104.055942, 44.542417 ], [ -104.055933, 44.542381 ], [ -104.05593, 44.54237 ], [ -104.055893, 44.542271 ], [ -104.05586, 44.54218 ], [ -104.05585, 44.54202 ], [ -104.055854, 44.541965 ], [ -104.055862, 44.541861 ], [ -104.05587, 44.54175 ], [ -104.05587, 44.54137 ], [ -104.0559, 44.54083 ], [ -104.05587, 44.54039 ], [ -104.05586, 44.53967 ], [ -104.055865, 44.5392 ], [ -104.05589, 44.53729 ], [ -104.05586, 44.53558 ], [ -104.05589, 44.53531 ], [ -104.05588, 44.53346 ], [ -104.05589, 44.53213 ], [ -104.055882, 44.531213 ], [ -104.05586, 44.52855 ], [ -104.05586, 44.52778 ], [ -104.055863, 44.527641 ], [ -104.05589, 44.52666 ], [ -104.05591, 44.52643 ], [ -104.05592, 44.52611 ], [ -104.055901, 44.524917 ], [ -104.0559, 44.52479 ], [ -104.05592, 44.52457 ], [ -104.05594, 44.52451 ], [ -104.055924, 44.524013 ], [ -104.055912, 44.52363 ], [ -104.05591, 44.52357 ], [ -104.05591, 44.522734 ], [ -104.05591, 44.51893 ], [ -104.055909, 44.518898 ], [ -104.0559, 44.51762 ], [ -104.055905, 44.517567 ], [ -104.05592, 44.517411 ], [ -104.055926, 44.517359 ], [ -104.055925, 44.51728 ], [ -104.055925, 44.517045 ], [ -104.055925, 44.516967 ], [ -104.055921, 44.515665 ], [ -104.055911, 44.51176 ], [ -104.055908, 44.510459 ], [ -104.055908, 44.510405 ], [ -104.055893, 44.502567 ], [ -104.055889, 44.499984 ], [ -104.055843, 44.478892 ], [ -104.055827, 44.471001 ], [ -104.055826, 44.47074 ], [ -104.055821, 44.468955 ], [ -104.055808, 44.462819 ], [ -104.055805, 44.46099 ], [ -104.055805, 44.460774 ], [ -104.055784, 44.451468 ], [ -104.055781, 44.450017 ], [ -104.055781, 44.449792 ], [ -104.05577, 44.444821 ], [ -104.05574, 44.431089 ], [ -104.055733, 44.427578 ], [ -104.055724, 44.423551 ], [ -104.055705, 44.414328 ], [ -104.055705, 44.414246 ], [ -104.055703, 44.413784 ], [ -104.05569, 44.410342 ], [ -104.055651, 44.399376 ], [ -104.055648, 44.398632 ], [ -104.055634, 44.394772 ], [ -104.055634, 44.394729 ], [ -104.055633, 44.391635 ], [ -104.055632, 44.3872 ], [ -104.05563, 44.382357 ], [ -104.05563, 44.379264 ], [ -104.055628, 44.378793 ], [ -104.055625, 44.377382 ], [ -104.055625, 44.376929 ], [ -104.055625, 44.376912 ], [ -104.055637, 44.374985 ], [ -104.055636, 44.374631 ], [ -104.055633, 44.367791 ], [ -104.055633, 44.365744 ], [ -104.055632, 44.365511 ], [ -104.055631, 44.365332 ], [ -104.05563, 44.364798 ], [ -104.05563, 44.36462 ], [ -104.05563, 44.364416 ], [ -104.05563, 44.363804 ], [ -104.05563, 44.3636 ], [ -104.055629, 44.36357 ], [ -104.055628, 44.363483 ], [ -104.055628, 44.363454 ], [ -104.055626, 44.360729 ], [ -104.055625, 44.360659 ], [ -104.055625, 44.360452 ], [ -104.055625, 44.360383 ], [ -104.055619, 44.35792 ], [ -104.055602, 44.350533 ], [ -104.0556, 44.349592 ], [ -104.0556, 44.349514 ], [ -104.055599, 44.34902 ], [ -104.055596, 44.348071 ], [ -104.055595, 44.347719 ], [ -104.055592, 44.346757 ], [ -104.055586, 44.34453 ], [ -104.055559, 44.333908 ], [ -104.05555, 44.330368 ], [ -104.055549, 44.330079 ], [ -104.055547, 44.329214 ], [ -104.05554, 44.325754 ], [ -104.055538, 44.324601 ], [ -104.055538, 44.324373 ], [ -104.055535, 44.322886 ], [ -104.055525, 44.317741 ], [ -104.055522, 44.316027 ], [ -104.05552, 44.315351 ], [ -104.055516, 44.313323 ], [ -104.055515, 44.312647 ], [ -104.055503, 44.309382 ], [ -104.055503, 44.309339 ], [ -104.055505, 44.308865 ], [ -104.055506, 44.308585 ], [ -104.055498, 44.304947 ], [ -104.055496, 44.303634 ], [ -104.055484, 44.297784 ], [ -104.055484, 44.297683 ], [ -104.055474, 44.293193 ], [ -104.055468, 44.289738 ], [ -104.055467, 44.28933 ], [ -104.055467, 44.289276 ], [ -104.055466, 44.289099 ], [ -104.055465, 44.28857 ], [ -104.055465, 44.288394 ], [ -104.055465, 44.288309 ], [ -104.055457, 44.284643 ], [ -104.05545, 44.280778 ], [ -104.055449, 44.280208 ], [ -104.055449, 44.280119 ], [ -104.055435, 44.27339 ], [ -104.055428, 44.26964 ], [ -104.055424, 44.267747 ], [ -104.055415, 44.262068 ], [ -104.055413, 44.260225 ], [ -104.055413, 44.260176 ], [ -104.055412, 44.260084 ], [ -104.055412, 44.259811 ], [ -104.055412, 44.259794 ], [ -104.055412, 44.25972 ], [ -104.055411, 44.259441 ], [ -104.05541, 44.258607 ], [ -104.05541, 44.258396 ], [ -104.055408, 44.258329 ], [ -104.055406, 44.258276 ], [ -104.055405, 44.258208 ], [ -104.055405, 44.258118 ], [ -104.055405, 44.258066 ], [ -104.055404, 44.257944 ], [ -104.055404, 44.257579 ], [ -104.055404, 44.257458 ], [ -104.055393, 44.252257 ], [ -104.055389, 44.249983 ], [ -104.055332, 44.245534 ], [ -104.055217, 44.236657 ], [ -104.05515, 44.231458 ], [ -104.055147, 44.231277 ], [ -104.055089, 44.227167 ], [ -104.055036, 44.223403 ], [ -104.05492, 44.21558 ], [ -104.054901, 44.214295 ], [ -104.054893, 44.213732 ], [ -104.054838, 44.210005 ], [ -104.054839, 44.209643 ], [ -104.054846, 44.20856 ], [ -104.054849, 44.2082 ], [ -104.054848, 44.208185 ], [ -104.054848, 44.208143 ], [ -104.054848, 44.208129 ], [ -104.054842, 44.207663 ], [ -104.054836, 44.20724 ], [ -104.054802, 44.204575 ], [ -104.054791, 44.203687 ], [ -104.05479, 44.203664 ], [ -104.054788, 44.203595 ], [ -104.054788, 44.203573 ], [ -104.05477, 44.202206 ], [ -104.054717, 44.198108 ], [ -104.0547, 44.196742 ], [ -104.054699, 44.196685 ], [ -104.054698, 44.196621 ], [ -104.054696, 44.196515 ], [ -104.054696, 44.196459 ], [ -104.054693, 44.196196 ], [ -104.054625, 44.190949 ], [ -104.054572, 44.186902 ], [ -104.054487, 44.180381 ], [ -104.057921, 44.180388 ], [ -104.072155, 44.180417 ], [ -104.112676, 44.1805 ], [ -104.125491, 44.180526 ], [ -104.13447, 44.180545 ], [ -104.134502, 44.180545 ], [ -104.134706, 44.180545 ], [ -104.135093, 44.180545 ], [ -104.142823, 44.180562 ], [ -104.142875, 44.180562 ], [ -104.142966, 44.180563 ], [ -104.155182, 44.180588 ], [ -104.16072, 44.180599 ], [ -104.190048, 44.180661 ], [ -104.201537, 44.180685 ], [ -104.201669, 44.180685 ], [ -104.203292, 44.180689 ], [ -104.218986, 44.180721 ], [ -104.219246, 44.180723 ], [ -104.22445, 44.180733 ], [ -104.224537, 44.180733 ], [ -104.230474, 44.180745 ], [ -104.233068, 44.180745 ], [ -104.233423, 44.180744 ], [ -104.243095, 44.180766 ], [ -104.245446, 44.180772 ], [ -104.24587, 44.180772 ], [ -104.249294, 44.18078 ], [ -104.249396, 44.180779 ], [ -104.250497, 44.180782 ], [ -104.250851, 44.180782 ], [ -104.255637, 44.180784 ], [ -104.257787, 44.180785 ], [ -104.263841, 44.180788 ], [ -104.26392, 44.180788 ], [ -104.272618, 44.180773 ], [ -104.272741, 44.180773 ], [ -104.27302, 44.180773 ], [ -104.277826, 44.180772 ], [ -104.27873, 44.180782 ], [ -104.278747, 44.180783 ], [ -104.279454, 44.180783 ], [ -104.280249, 44.180783 ], [ -104.280299, 44.180783 ], [ -104.283349, 44.180782 ], [ -104.288796, 44.180782 ], [ -104.291864, 44.180782 ], [ -104.295531, 44.180794 ], [ -104.295772, 44.180795 ], [ -104.299887, 44.180808 ], [ -104.301315, 44.180812 ], [ -104.303524, 44.180819 ], [ -104.303597, 44.18082 ], [ -104.308922, 44.180837 ], [ -104.309501, 44.180838 ], [ -104.309902, 44.180839 ], [ -104.310302, 44.180841 ], [ -104.31174, 44.180845 ], [ -104.313054, 44.18085 ], [ -104.314998, 44.180856 ], [ -104.321449, 44.180878 ], [ -104.322308, 44.180881 ], [ -104.324924, 44.180889 ], [ -104.336695, 44.18089 ], [ -104.341817, 44.180891 ], [ -104.349202, 44.180967 ], [ -104.349237, 44.180966 ], [ -104.354204, 44.180981 ], [ -104.356565, 44.180968 ], [ -104.356864, 44.180967 ], [ -104.368156, 44.180913 ], [ -104.368206, 44.180912 ], [ -104.368814, 44.180972 ], [ -104.375484, 44.181622 ], [ -104.395157, 44.18139 ], [ -104.39756, 44.181364 ], [ -104.400287, 44.181352 ], [ -104.401623, 44.181337 ], [ -104.401674, 44.181337 ], [ -104.401785, 44.181336 ], [ -104.401896, 44.181335 ], [ -104.402102, 44.181331 ], [ -104.402309, 44.18133 ], [ -104.41294, 44.181199 ], [ -104.412968, 44.181198 ], [ -104.413845, 44.181187 ], [ -104.418215, 44.181133 ], [ -104.42765, 44.181018 ], [ -104.441988, 44.180843 ], [ -104.442347, 44.180838 ], [ -104.442641, 44.180834 ], [ -104.444681, 44.180815 ], [ -104.44627, 44.180801 ], [ -104.451225, 44.180755 ], [ -104.451683, 44.18075 ], [ -104.451977, 44.180748 ], [ -104.454018, 44.180729 ], [ -104.454445, 44.180729 ], [ -104.455665, 44.180732 ], [ -104.45604, 44.180733 ], [ -104.461132, 44.180747 ] ] ] } },
{ "type": "Feature", "properties": { "STATEFP": "46", "COUNTYFP": "103", "COUNTYNS": "01266995", "GEOID": "46103", "GEOIDFQ": "0500000US46103", "NAME": "Pennington", "NAMELSAD": "Pennington County", "LSAD": "06", "CLASSFP": "H1", "MTFCC": "G4020", "CSAFP": "452", "CBSAFP": "39660", "METDIVFP": null, "FUNCSTAT": "A", "ALAND": 7191788276, "AWATER": 19926710, "INTPTLAT": "+44.0023492", "INTPTLON": "-102.8238015" }, "geometry": { "type": "Polygon", "coordinates": [ [ [ -103.030373, 44.140735 ], [ -103.022007, 44.140725 ], [ -103.011774, 44.140725 ], [ -103.01095, 44.140725 ], [ -103.000452, 44.140725 ], [ -102.999793, 44.140686 ], [ -102.99302, 44.140673 ], [ -102.992603, 44.140672 ], [ -102.988854, 44.140665 ], [ -102.988683, 44.140665 ], [ -102.980334, 44.140647 ], [ -102.980037, 44.140646 ], [ -102.97107, 44.140628 ], [ -102.970943, 44.140628 ], [ -102.969919, 44.140627 ], [ -102.969491, 44.140626 ], [ -102.95015, 44.140587 ], [ -102.949403, 44.140587 ], [ -102.938, 44.140579 ], [ -102.93324, 44.140576 ], [ -102.931983, 44.140574 ], [ -102.931604, 44.140574 ], [ -102.930946, 44.140574 ], [ -102.929762, 44.140572 ], [ -102.91353, 44.140561 ], [ -102.913507, 44.140561 ], [ -102.889733, 44.140545 ], [ -102.889559, 44.140545 ], [ -102.888776, 44.140544 ], [ -102.881809, 44.14054 ], [ -102.881568, 44.14054 ], [ -102.875449, 44.140536 ], [ -102.864434, 44.140573 ], [ -102.850954, 44.140618 ], [ -102.850824, 44.140618 ], [ -102.837668, 44.140662 ], [ -102.837304, 44.140663 ], [ -102.834758, 44.140671 ], [ -102.832217, 44.140684 ], [ -102.831768, 44.140687 ], [ -102.830482, 44.140694 ], [ -102.828686, 44.140689 ], [ -102.824079, 44.14066 ], [ -102.823202, 44.140654 ], [ -102.812665, 44.140609 ], [ -102.812204, 44.140606 ], [ -102.809022, 44.140592 ], [ -102.807347, 44.140585 ], [ -102.803903, 44.140586 ], [ -102.802961, 44.140586 ], [ -102.792426, 44.140586 ], [ -102.792408, 44.14059 ], [ -102.784947, 44.140586 ], [ -102.778871, 44.140586 ], [ -102.778843, 44.140586 ], [ -102.77159, 44.140585 ], [ -102.771509, 44.140585 ], [ -102.759226, 44.140585 ], [ -102.759069, 44.140585 ], [ -102.750446, 44.140585 ], [ -102.747734, 44.140577 ], [ -102.738339, 44.14055 ], [ -102.738242, 44.14055 ], [ -102.734088, 44.140538 ], [ -102.733991, 44.140538 ], [ -102.72881, 44.140523 ], [ -102.727881, 44.140521 ], [ -102.719383, 44.140497 ], [ -102.709276, 44.140469 ], [ -102.709153, 44.140469 ], [ -102.688733, 44.140412 ], [ -102.668577, 44.140362 ], [ -102.662198, 44.140338 ], [ -102.662167, 44.140338 ], [ -102.655734, 44.14032 ], [ -102.63509, 44.140262 ], [ -102.634962, 44.140262 ], [ -102.628424, 44.140241 ], [ -102.625592, 44.140233 ], [ -102.588568, 44.140218 ], [ -102.581451, 44.140218 ], [ -102.576535, 44.140216 ], [ -102.576487, 44.140216 ], [ -102.568356, 44.140212 ], [ -102.553906, 44.140206 ], [ -102.553589, 44.140207 ], [ -102.54778, 44.140204 ], [ -102.537183, 44.1402 ], [ -102.536931, 44.1402 ], [ -102.520474, 44.140193 ], [ -102.520192, 44.140194 ], [ -102.507617, 44.140188 ], [ -102.505199, 44.140187 ], [ -102.500436, 44.140187 ], [ -102.487977, 44.140189 ], [ -102.47781, 44.140146 ], [ -102.473485, 44.140129 ], [ -102.467678, 44.140106 ], [ -102.466915, 44.140103 ], [ -102.466869, 44.140103 ], [ -102.462442, 44.140086 ], [ -102.454429, 44.140086 ], [ -102.452506, 44.140086 ], [ -102.452379, 44.140086 ], [ -102.437342, 44.140086 ], [ -102.421373, 44.140086 ], [ -102.420879, 44.140086 ], [ -102.412241, 44.140086 ], [ -102.405385, 44.140113 ], [ -102.396212, 44.14015 ], [ -102.388608, 44.14018 ], [ -102.388082, 44.140183 ], [ -102.388045, 44.140183 ], [ -102.388925, 44.140818 ], [ -102.390838, 44.142051 ], [ -102.391256, 44.142084 ], [ -102.391615, 44.142233 ], [ -102.391729, 44.142282 ], [ -102.392586, 44.142991 ], [ -102.39379, 44.145048 ], [ -102.394235, 44.146009 ], [ -102.394261, 44.146496 ], [ -102.394265, 44.146578 ], [ -102.394387, 44.147114 ], [ -102.394486, 44.147196 ], [ -102.395205, 44.148106 ], [ -102.395804, 44.148819 ], [ -102.396341, 44.149134 ], [ -102.396455, 44.149194 ], [ -102.396833, 44.149391 ], [ -102.398414, 44.150211 ], [ -102.399046, 44.150756 ], [ -102.399363, 44.151302 ], [ -102.399141, 44.152259 ], [ -102.398825, 44.152827 ], [ -102.397939, 44.153874 ], [ -102.39792, 44.153877 ], [ -102.39781, 44.154139 ], [ -102.397753, 44.154266 ], [ -102.397674, 44.154446 ], [ -102.397721, 44.156239 ], [ -102.398255, 44.156535 ], [ -102.398763, 44.156557 ], [ -102.399907, 44.156373 ], [ -102.402258, 44.155499 ], [ -102.403179, 44.155498 ], [ -102.403401, 44.155627 ], [ -102.403559, 44.155719 ], [ -102.403688, 44.155795 ], [ -102.403846, 44.15639 ], [ -102.404013, 44.156875 ], [ -102.403964, 44.156941 ], [ -102.40398, 44.15793 ], [ -102.403559, 44.159087 ], [ -102.403235, 44.159856 ], [ -102.403084, 44.160034 ], [ -102.402911, 44.160254 ], [ -102.4023, 44.161013 ], [ -102.402243, 44.161239 ], [ -102.401652, 44.161479 ], [ -102.399775, 44.161634 ], [ -102.399366, 44.161587 ], [ -102.398131, 44.161405 ], [ -102.396673, 44.161461 ], [ -102.395213, 44.161676 ], [ -102.394231, 44.161598 ], [ -102.392282, 44.161064 ], [ -102.392079, 44.161022 ], [ -102.391198, 44.16071 ], [ -102.391066, 44.160633 ], [ -102.389415, 44.160015 ], [ -102.38882, 44.15996 ], [ -102.388224, 44.160039 ], [ -102.387838, 44.160552 ], [ -102.387741, 44.160546 ], [ -102.387745, 44.160977 ], [ -102.388114, 44.162565 ], [ -102.387786, 44.164163 ], [ -102.38717, 44.165444 ], [ -102.387227, 44.167787 ], [ -102.387229, 44.167985 ], [ -102.387231, 44.168131 ], [ -102.387274, 44.168332 ], [ -102.387317, 44.168525 ], [ -102.386945, 44.168954 ], [ -102.386754, 44.169708 ], [ -102.387102, 44.171126 ], [ -102.387132, 44.172428 ], [ -102.387162, 44.174828 ], [ -102.387359, 44.175205 ], [ -102.387796, 44.17604 ], [ -102.387982, 44.176232 ], [ -102.388427, 44.176689 ], [ -102.388462, 44.176725 ], [ -102.388508, 44.176753 ], [ -102.389956, 44.177626 ], [ -102.390018, 44.177663 ], [ -102.391097, 44.178075 ], [ -102.392812, 44.178121 ], [ -102.393955, 44.177984 ], [ -102.395259, 44.177551 ], [ -102.395543, 44.177407 ], [ -102.395669, 44.177343 ], [ -102.396339, 44.177003 ], [ -102.397102, 44.176066 ], [ -102.398533, 44.173096 ], [ -102.399105, 44.172296 ], [ -102.399316, 44.172193 ], [ -102.399899, 44.171908 ], [ -102.400534, 44.172 ], [ -102.401074, 44.172228 ], [ -102.401423, 44.17248 ], [ -102.401582, 44.172822 ], [ -102.40174, 44.173736 ], [ -102.401713, 44.174121 ], [ -102.401686, 44.174516 ], [ -102.401612, 44.175587 ], [ -102.40127, 44.176815 ], [ -102.401198, 44.177073 ], [ -102.401008, 44.178162 ], [ -102.400975, 44.178353 ], [ -102.40018, 44.180272 ], [ -102.399787, 44.181023 ], [ -102.399561, 44.181454 ], [ -102.398112, 44.184226 ], [ -102.397794, 44.185163 ], [ -102.396839, 44.188294 ], [ -102.396679, 44.189208 ], [ -102.396641, 44.1893 ], [ -102.396249, 44.190253 ], [ -102.395478, 44.19213 ], [ -102.395359, 44.192377 ], [ -102.395038, 44.193503 ], [ -102.39499, 44.193638 ], [ -102.39504, 44.193824 ], [ -102.395209, 44.194435 ], [ -102.395261, 44.194521 ], [ -102.395909, 44.195429 ], [ -102.396139, 44.196047 ], [ -102.396026, 44.196783 ], [ -102.395574, 44.197484 ], [ -102.395129, 44.198179 ], [ -102.395162, 44.198509 ], [ -102.394908, 44.199684 ], [ -102.394733, 44.200544 ], [ -102.394498, 44.201198 ], [ -102.394446, 44.201344 ], [ -102.394266, 44.20166 ], [ -102.393669, 44.202708 ], [ -102.393522, 44.202966 ], [ -102.393059, 44.203595 ], [ -102.392632, 44.204177 ], [ -102.391614, 44.204999 ], [ -102.391236, 44.205189 ], [ -102.389199, 44.20621 ], [ -102.386847, 44.206803 ], [ -102.385378, 44.207106 ], [ -102.383536, 44.207485 ], [ -102.383415, 44.20751 ], [ -102.382048, 44.207509 ], [ -102.381911, 44.207491 ], [ -102.379346, 44.207148 ], [ -102.379126, 44.207119 ], [ -102.37778, 44.207137 ], [ -102.377473, 44.207141 ], [ -102.377196, 44.207185 ], [ -102.376999, 44.207216 ], [ -102.376329, 44.207323 ], [ -102.37544, 44.207633 ], [ -102.375146, 44.207785 ], [ -102.37493, 44.207897 ], [ -102.374486, 44.208309 ], [ -102.373166, 44.209207 ], [ -102.372578, 44.209414 ], [ -102.372476, 44.209571 ], [ -102.372463, 44.20959 ], [ -102.372336, 44.210004 ], [ -102.372203, 44.211185 ], [ -102.372409, 44.211734 ], [ -102.372751, 44.21265 ], [ -102.372792, 44.214404 ], [ -102.372923, 44.215903 ], [ -102.373551, 44.218082 ], [ -102.373599, 44.219062 ], [ -102.373607, 44.219372 ], [ -102.373084, 44.220992 ], [ -102.373068, 44.221041 ], [ -102.372528, 44.221772 ], [ -102.372411, 44.221844 ], [ -102.37129, 44.222527 ], [ -102.370552, 44.222898 ], [ -102.369924, 44.223213 ], [ -102.369787, 44.22329 ], [ -102.368873, 44.223807 ], [ -102.368589, 44.223968 ], [ -102.368256, 44.223995 ], [ -102.367731, 44.224037 ], [ -102.366905, 44.224495 ], [ -102.366547, 44.224849 ], [ -102.366397, 44.224998 ], [ -102.366172, 44.225104 ], [ -102.365285, 44.225524 ], [ -102.364908, 44.225749 ], [ -102.363601, 44.22653 ], [ -102.361981, 44.227194 ], [ -102.36071, 44.227445 ], [ -102.360553, 44.227485 ], [ -102.360267, 44.227558 ], [ -102.359629, 44.22772 ], [ -102.359169, 44.227985 ], [ -102.359043, 44.228058 ], [ -102.358994, 44.228086 ], [ -102.358972, 44.228111 ], [ -102.358482, 44.228672 ], [ -102.358294, 44.228886 ], [ -102.35823, 44.22894 ], [ -102.358055, 44.229086 ], [ -102.357691, 44.229389 ], [ -102.357246, 44.229915 ], [ -102.357139, 44.230185 ], [ -102.356992, 44.230555 ], [ -102.357041, 44.230822 ], [ -102.357154, 44.231426 ], [ -102.357183, 44.231584 ], [ -102.357984, 44.23303 ], [ -102.358298, 44.233595 ], [ -102.359049, 44.234268 ], [ -102.359314, 44.23451 ], [ -102.359515, 44.234703 ], [ -102.360507, 44.23564 ], [ -102.360834, 44.236176 ], [ -102.362832, 44.238117 ], [ -102.365017, 44.240459 ], [ -102.365621, 44.24163 ], [ -102.365854, 44.242365 ], [ -102.365761, 44.243134 ], [ -102.365574, 44.243871 ], [ -102.365203, 44.244573 ], [ -102.364693, 44.245007 ], [ -102.363809, 44.245643 ], [ -102.362832, 44.246176 ], [ -102.361376, 44.246522 ], [ -102.361339, 44.246547 ], [ -102.360351, 44.246918 ], [ -102.359426, 44.247426 ], [ -102.358949, 44.24791 ], [ -102.358665, 44.248944 ], [ -102.358801, 44.249981 ], [ -102.359094, 44.25092 ], [ -102.359704, 44.251608 ], [ -102.361466, 44.252452 ], [ -102.362037, 44.253114 ], [ -102.362547, 44.253941 ], [ -102.362748, 44.255092 ], [ -102.362721, 44.255786 ], [ -102.362604, 44.256421 ], [ -102.362475, 44.257257 ], [ -102.362607, 44.257478 ], [ -102.362654, 44.257971 ], [ -102.362816, 44.258239 ], [ -102.363059, 44.258691 ], [ -102.363552, 44.25904 ], [ -102.36564, 44.259611 ], [ -102.365701, 44.259626 ], [ -102.367356, 44.260517 ], [ -102.367865, 44.26118 ], [ -102.367961, 44.262025 ], [ -102.367771, 44.262505 ], [ -102.367453, 44.262757 ], [ -102.366277, 44.263077 ], [ -102.364718, 44.263032 ], [ -102.363658, 44.262791 ], [ -102.363414, 44.262736 ], [ -102.362555, 44.262553 ], [ -102.36157, 44.262737 ], [ -102.36033, 44.263377 ], [ -102.359493, 44.264108 ], [ -102.35944, 44.264155 ], [ -102.3589, 44.26484 ], [ -102.358883, 44.265057 ], [ -102.358837, 44.265663 ], [ -102.35906, 44.266166 ], [ -102.359601, 44.266897 ], [ -102.361097, 44.268108 ], [ -102.362498, 44.26973 ], [ -102.363516, 44.270667 ], [ -102.364503, 44.271878 ], [ -102.365013, 44.273226 ], [ -102.365937, 44.274574 ], [ -102.365967, 44.274605 ], [ -102.366988, 44.27567 ], [ -102.367561, 44.276676 ], [ -102.367753, 44.277499 ], [ -102.367499, 44.278596 ], [ -102.36746, 44.280245 ], [ -102.367438, 44.281179 ], [ -102.366961, 44.281819 ], [ -102.366613, 44.283624 ], [ -102.366578, 44.283908 ], [ -102.36655, 44.28415 ], [ -102.366965, 44.285613 ], [ -102.366515, 44.286759 ], [ -102.366203, 44.287556 ], [ -102.365631, 44.288333 ], [ -102.364995, 44.288836 ], [ -102.362069, 44.290003 ], [ -102.361405, 44.290632 ], [ -102.361369, 44.290666 ], [ -102.361091, 44.291257 ], [ -102.360787, 44.29196 ], [ -102.360756, 44.292025 ], [ -102.360245, 44.293326 ], [ -102.360115, 44.294719 ], [ -102.360588, 44.296912 ], [ -102.360489, 44.298214 ], [ -102.359659, 44.299925 ], [ -102.359054, 44.300746 ], [ -102.358362, 44.301065 ], [ -102.358259, 44.301112 ], [ -102.357248, 44.302006 ], [ -102.356891, 44.302324 ], [ -102.355555, 44.302919 ], [ -102.354664, 44.302919 ], [ -102.354027, 44.302805 ], [ -102.353454, 44.302394 ], [ -102.353006, 44.302139 ], [ -102.35269, 44.30196 ], [ -102.351831, 44.301892 ], [ -102.351194, 44.302006 ], [ -102.349858, 44.302829 ], [ -102.348745, 44.303653 ], [ -102.347981, 44.304613 ], [ -102.347759, 44.305253 ], [ -102.347855, 44.306281 ], [ -102.348683, 44.307218 ], [ -102.349702, 44.30788 ], [ -102.350307, 44.308475 ], [ -102.350627, 44.309111 ], [ -102.350929, 44.309743 ], [ -102.350738, 44.310246 ], [ -102.350268, 44.310715 ], [ -102.349888, 44.311486 ], [ -102.349517, 44.311777 ], [ -102.349036, 44.312429 ], [ -102.348718, 44.31348 ], [ -102.348496, 44.314829 ], [ -102.348697, 44.31568 ], [ -102.348847, 44.316314 ], [ -102.348689, 44.318166 ], [ -102.348021, 44.319103 ], [ -102.346907, 44.319949 ], [ -102.345762, 44.320475 ], [ -102.34484, 44.320976 ], [ -102.344584, 44.321115 ], [ -102.344202, 44.321618 ], [ -102.344012, 44.322235 ], [ -102.344075, 44.322829 ], [ -102.344521, 44.323469 ], [ -102.34605, 44.324177 ], [ -102.34637, 44.324475 ], [ -102.347006, 44.325068 ], [ -102.347643, 44.325845 ], [ -102.347834, 44.326349 ], [ -102.34742, 44.326852 ], [ -102.345893, 44.327744 ], [ -102.34401, 44.328309 ], [ -102.342187, 44.328957 ], [ -102.341763, 44.329459 ], [ -102.341668, 44.329627 ], [ -102.341665, 44.329962 ], [ -102.341895, 44.3305 ], [ -102.342217, 44.331071 ], [ -102.3424, 44.331414 ], [ -102.342489, 44.333961 ], [ -102.34233, 44.334716 ], [ -102.342393, 44.334944 ], [ -102.342394, 44.336612 ], [ -102.342736, 44.337592 ], [ -102.343, 44.338349 ], [ -102.343191, 44.339172 ], [ -102.342905, 44.340246 ], [ -102.342491, 44.340749 ], [ -102.341759, 44.341298 ], [ -102.340836, 44.341687 ], [ -102.339053, 44.34171 ], [ -102.338879, 44.341747 ], [ -102.337879, 44.341961 ], [ -102.33693, 44.342509 ], [ -102.336583, 44.343328 ], [ -102.336648, 44.343965 ], [ -102.337347, 44.344986 ], [ -102.338362, 44.345735 ], [ -102.338723, 44.345863 ], [ -102.339189, 44.346033 ], [ -102.340557, 44.346544 ], [ -102.34113, 44.346936 ], [ -102.341701, 44.347512 ], [ -102.341976, 44.348179 ], [ -102.341985, 44.3482 ], [ -102.341635, 44.348772 ], [ -102.339833, 44.349591 ], [ -102.337814, 44.350509 ], [ -102.335521, 44.351835 ], [ -102.332878, 44.35403 ], [ -102.33205, 44.354875 ], [ -102.332003, 44.354964 ], [ -102.331285, 44.356315 ], [ -102.330362, 44.357047 ], [ -102.328801, 44.357847 ], [ -102.32826, 44.357893 ], [ -102.327336, 44.357847 ], [ -102.326968, 44.357723 ], [ -102.326795, 44.357659 ], [ -102.325931, 44.357794 ], [ -102.325833, 44.357799 ], [ -102.324997, 44.357863 ], [ -102.323996, 44.358858 ], [ -102.323459, 44.359636 ], [ -102.323255, 44.360113 ], [ -102.323306, 44.360738 ], [ -102.324048, 44.361523 ], [ -102.324491, 44.361667 ], [ -102.325522, 44.361788 ], [ -102.32574, 44.361822 ], [ -102.326253, 44.36187 ], [ -102.326763, 44.362167 ], [ -102.327177, 44.363264 ], [ -102.327369, 44.364361 ], [ -102.327146, 44.365846 ], [ -102.326381, 44.366852 ], [ -102.324725, 44.367812 ], [ -102.323833, 44.368086 ], [ -102.322909, 44.368041 ], [ -102.32004, 44.367469 ], [ -102.318575, 44.367012 ], [ -102.317938, 44.366647 ], [ -102.317173, 44.36571 ], [ -102.316927, 44.364986 ], [ -102.316823, 44.364681 ], [ -102.31644, 44.364155 ], [ -102.315708, 44.363744 ], [ -102.314593, 44.363447 ], [ -102.31351, 44.363401 ], [ -102.311694, 44.363835 ], [ -102.310865, 44.364247 ], [ -102.310069, 44.365001 ], [ -102.309116, 44.365595 ], [ -102.308625, 44.365978 ], [ -102.308579, 44.365999 ], [ -102.308196, 44.366052 ], [ -102.307578, 44.366254 ], [ -102.307287, 44.366459 ], [ -102.305545, 44.367758 ], [ -102.305539, 44.36778 ], [ -102.30539, 44.368402 ], [ -102.305397, 44.369297 ], [ -102.306211, 44.371042 ], [ -102.306499, 44.371674 ], [ -102.306499, 44.372245 ], [ -102.306053, 44.372611 ], [ -102.304428, 44.372954 ], [ -102.303926, 44.373112 ], [ -102.302835, 44.373456 ], [ -102.30207, 44.373936 ], [ -102.301114, 44.374496 ], [ -102.300002, 44.374986 ], [ -102.298857, 44.376138 ], [ -102.298284, 44.376915 ], [ -102.298188, 44.377737 ], [ -102.298506, 44.379086 ], [ -102.299717, 44.38048 ], [ -102.300682, 44.381043 ], [ -102.301087, 44.38128 ], [ -102.301947, 44.382012 ], [ -102.30252, 44.38336 ], [ -102.302393, 44.384069 ], [ -102.301851, 44.384777 ], [ -102.300831, 44.385371 ], [ -102.299269, 44.385828 ], [ -102.299139, 44.385899 ], [ -102.298554, 44.386294 ], [ -102.298265, 44.387163 ], [ -102.298089, 44.387929 ], [ -102.298184, 44.388889 ], [ -102.298694, 44.389552 ], [ -102.299713, 44.390261 ], [ -102.300446, 44.390604 ], [ -102.302263, 44.391107 ], [ -102.302639, 44.391179 ], [ -102.304559, 44.391542 ], [ -102.304973, 44.391702 ], [ -102.305355, 44.392136 ], [ -102.305451, 44.392822 ], [ -102.305292, 44.393622 ], [ -102.304654, 44.394353 ], [ -102.303347, 44.394993 ], [ -102.302741, 44.395382 ], [ -102.302486, 44.395953 ], [ -102.302645, 44.397096 ], [ -102.302836, 44.398353 ], [ -102.302715, 44.399015 ], [ -102.302108, 44.399784 ], [ -102.302385, 44.400092 ], [ -102.302937, 44.400703 ], [ -102.303105, 44.401463 ], [ -102.302744, 44.402267 ], [ -102.301845, 44.403092 ], [ -102.301719, 44.404135 ], [ -102.30207, 44.40674 ], [ -102.302548, 44.407655 ], [ -102.303217, 44.408043 ], [ -102.3036, 44.408141 ], [ -102.304652, 44.408409 ], [ -102.30564, 44.408843 ], [ -102.305863, 44.40914 ], [ -102.305895, 44.409963 ], [ -102.305608, 44.410992 ], [ -102.305225, 44.411243 ], [ -102.304332, 44.411791 ], [ -102.303589, 44.413936 ], [ -102.303853, 44.414694 ], [ -102.304491, 44.416065 ], [ -102.30446, 44.417139 ], [ -102.304109, 44.417962 ], [ -102.303662, 44.418694 ], [ -102.303119, 44.419197 ], [ -102.303056, 44.4194 ], [ -102.302928, 44.419814 ], [ -102.30312, 44.420637 ], [ -102.303598, 44.42114 ], [ -102.304555, 44.421894 ], [ -102.305288, 44.422214 ], [ -102.306592, 44.422495 ], [ -102.306882, 44.422557 ], [ -102.308381, 44.422854 ], [ -102.310039, 44.423494 ], [ -102.310932, 44.424386 ], [ -102.310996, 44.424843 ], [ -102.3109, 44.425528 ], [ -102.310518, 44.426077 ], [ -102.309816, 44.42658 ], [ -102.307488, 44.427425 ], [ -102.307428, 44.427464 ], [ -102.306754, 44.427905 ], [ -102.306148, 44.428773 ], [ -102.306148, 44.429733 ], [ -102.306916, 44.431601 ], [ -102.307041, 44.431905 ], [ -102.307093, 44.432898 ], [ -102.307104, 44.433116 ], [ -102.306223, 44.434085 ], [ -102.30554, 44.434357 ], [ -102.30536, 44.434354 ], [ -102.304827, 44.434288 ], [ -102.303276, 44.433699 ], [ -102.301831, 44.432708 ], [ -102.29881, 44.430812 ], [ -102.296836, 44.430588 ], [ -102.294969, 44.431187 ], [ -102.294497, 44.43134 ], [ -102.293377, 44.431984 ], [ -102.292918, 44.433128 ], [ -102.292373, 44.435111 ], [ -102.290695, 44.436363 ], [ -102.286635, 44.438836 ], [ -102.284404, 44.441232 ], [ -102.284041, 44.44261 ], [ -102.283829, 44.445096 ], [ -102.282876, 44.448626 ], [ -102.280027, 44.450286 ], [ -102.277403, 44.450737 ], [ -102.274961, 44.450683 ], [ -102.272836, 44.449184 ], [ -102.271461, 44.447647 ], [ -102.26779, 44.446593 ], [ -102.254603, 44.446764 ], [ -102.252539, 44.44701 ], [ -102.250439, 44.448062 ], [ -102.248315, 44.448698 ], [ -102.246446, 44.449027 ], [ -102.24453, 44.449188 ], [ -102.241587, 44.449331 ], [ -102.237429, 44.449534 ], [ -102.23626, 44.449664 ], [ -102.234951, 44.449995 ], [ -102.229384, 44.451989 ], [ -102.228028, 44.452286 ], [ -102.226112, 44.452514 ], [ -102.222096, 44.452366 ], [ -102.220837, 44.451892 ], [ -102.220326, 44.451354 ], [ -102.220096, 44.450682 ], [ -102.2201, 44.449743 ], [ -102.222315, 44.445558 ], [ -102.222417, 44.443713 ], [ -102.220788, 44.442467 ], [ -102.218179, 44.441284 ], [ -102.215985, 44.440941 ], [ -102.21295, 44.440695 ], [ -102.210944, 44.440386 ], [ -102.2088, 44.43954 ], [ -102.205865, 44.438087 ], [ -102.199344, 44.434877 ], [ -102.197107, 44.433997 ], [ -102.196457, 44.433223 ], [ -102.196462, 44.432351 ], [ -102.1989, 44.430348 ], [ -102.199089, 44.429846 ], [ -102.198768, 44.428738 ], [ -102.198395, 44.428669 ], [ -102.196948, 44.428563 ], [ -102.19471, 44.428052 ], [ -102.189438, 44.427194 ], [ -102.185845, 44.426912 ], [ -102.180988, 44.427128 ], [ -102.179867, 44.427225 ], [ -102.17636, 44.428218 ], [ -102.175145, 44.428347 ], [ -102.172716, 44.428572 ], [ -102.170616, 44.428564 ], [ -102.169776, 44.428494 ], [ -102.168703, 44.428255 ], [ -102.167118, 44.427913 ], [ -102.165439, 44.427538 ], [ -102.164179, 44.427466 ], [ -102.162683, 44.427795 ], [ -102.160156, 44.428825 ], [ -102.158421, 44.430159 ], [ -102.157383, 44.432134 ], [ -102.156488, 44.433472 ], [ -102.155409, 44.434272 ], [ -102.154377, 44.43514 ], [ -102.153857, 44.436211 ], [ -102.153807, 44.436915 ], [ -102.154081, 44.437822 ], [ -102.155381, 44.439236 ], [ -102.156822, 44.440282 ], [ -102.158872, 44.441061 ], [ -102.15929, 44.441499 ], [ -102.159614, 44.442003 ], [ -102.159609, 44.442808 ], [ -102.159278, 44.443679 ], [ -102.158294, 44.444245 ], [ -102.155768, 44.444973 ], [ -102.153758, 44.445233 ], [ -102.149884, 44.444949 ], [ -102.147645, 44.444537 ], [ -102.146945, 44.444434 ], [ -102.145731, 44.444328 ], [ -102.144098, 44.444154 ], [ -102.137713, 44.441913 ], [ -102.134921, 44.440191 ], [ -102.132454, 44.43894 ], [ -102.130403, 44.438495 ], [ -102.127463, 44.438214 ], [ -102.125435, 44.438206 ], [ -102.12455, 44.43819 ], [ -102.123435, 44.438186 ], [ -102.122835, 44.438086 ], [ -102.122235, 44.437886 ], [ -102.121635, 44.437786 ], [ -102.121035, 44.437686 ], [ -102.12094, 44.43765 ], [ -102.120235, 44.437386 ], [ -102.119735, 44.437186 ], [ -102.119235, 44.437086 ], [ -102.118535, 44.436786 ], [ -102.118119, 44.436647 ], [ -102.117935, 44.436586 ], [ -102.117035, 44.436386 ], [ -102.116235, 44.436286 ], [ -102.114635, 44.436086 ], [ -102.112535, 44.435886 ], [ -102.112467, 44.4359 ], [ -102.112035, 44.435986 ], [ -102.111935, 44.435986 ], [ -102.108034, 44.436586 ], [ -102.107234, 44.436986 ], [ -102.106834, 44.437286 ], [ -102.106234, 44.437886 ], [ -102.105934, 44.438386 ], [ -102.105634, 44.439286 ], [ -102.105634, 44.440186 ], [ -102.105634, 44.441086 ], [ -102.105634, 44.442086 ], [ -102.105162, 44.443502 ], [ -102.105034, 44.443886 ], [ -102.104794, 44.444966 ], [ -102.104634, 44.445686 ], [ -102.104434, 44.446486 ], [ -102.103334, 44.447686 ], [ -102.102134, 44.448386 ], [ -102.101434, 44.448986 ], [ -102.101234, 44.449286 ], [ -102.101194, 44.449316 ], [ -102.100434, 44.449886 ], [ -102.099434, 44.450486 ], [ -102.099234, 44.450886 ], [ -102.099139, 44.451267 ], [ -102.099034, 44.451686 ], [ -102.097934, 44.452386 ], [ -102.096934, 44.452886 ], [ -102.095334, 44.453986 ], [ -102.094806, 44.45427 ], [ -102.094034, 44.454686 ], [ -102.092683, 44.454686 ], [ -102.092434, 44.454686 ], [ -102.091534, 44.454386 ], [ -102.090934, 44.454186 ], [ -102.089934, 44.454086 ], [ -102.088834, 44.453986 ], [ -102.087734, 44.453886 ], [ -102.086534, 44.453786 ], [ -102.086485, 44.453786 ], [ -102.085534, 44.453786 ], [ -102.085218, 44.453825 ], [ -102.084734, 44.453886 ], [ -102.083934, 44.454286 ], [ -102.082934, 44.454986 ], [ -102.082734, 44.455386 ], [ -102.082534, 44.456086 ], [ -102.082634, 44.457086 ], [ -102.083134, 44.457986 ], [ -102.083534, 44.458586 ], [ -102.084034, 44.459386 ], [ -102.084134, 44.460286 ], [ -102.083941, 44.460671 ], [ -102.083805, 44.460707 ], [ -102.083334, 44.460786 ], [ -102.082334, 44.460886 ], [ -102.082227, 44.460933 ], [ -102.082057, 44.461009 ], [ -102.081434, 44.461286 ], [ -102.080734, 44.461786 ], [ -102.079834, 44.462386 ], [ -102.079134, 44.463186 ], [ -102.078034, 44.463586 ], [ -102.077177, 44.463681 ], [ -102.077134, 44.463686 ], [ -102.076134, 44.463786 ], [ -102.075234, 44.463986 ], [ -102.074634, 44.464286 ], [ -102.074234, 44.464686 ], [ -102.074034, 44.464886 ], [ -102.073634, 44.465286 ], [ -102.073234, 44.465586 ], [ -102.072834, 44.466186 ], [ -102.072434, 44.467086 ], [ -102.072334, 44.468086 ], [ -102.072534, 44.468686 ], [ -102.072727, 44.468917 ], [ -102.073034, 44.469286 ], [ -102.073134, 44.469386 ], [ -102.073339, 44.469488 ], [ -102.075534, 44.470586 ], [ -102.076034, 44.471086 ], [ -102.076234, 44.471586 ], [ -102.076234, 44.472186 ], [ -102.076165, 44.472668 ], [ -102.076134, 44.472886 ], [ -102.076034, 44.473686 ], [ -102.076034, 44.474186 ], [ -102.076034, 44.474586 ], [ -102.075934, 44.475086 ], [ -102.075534, 44.475386 ], [ -102.074534, 44.475786 ], [ -102.073234, 44.476186 ], [ -102.072134, 44.476786 ], [ -102.071723, 44.477094 ], [ -102.070934, 44.477686 ], [ -102.070234, 44.478286 ], [ -102.069934, 44.478386 ], [ -102.069334, 44.478186 ], [ -102.068434, 44.478086 ], [ -102.068321, 44.478086 ], [ -102.067934, 44.478086 ], [ -102.067534, 44.478186 ], [ -102.065834, 44.478986 ], [ -102.064934, 44.479486 ], [ -102.064434, 44.479786 ], [ -102.064357, 44.479915 ], [ -102.064134, 44.480286 ], [ -102.063534, 44.480686 ], [ -102.063034, 44.480886 ], [ -102.062694, 44.480914 ], [ -102.061834, 44.480986 ], [ -102.061383, 44.480956 ], [ -102.060334, 44.480886 ], [ -102.059086, 44.480886 ], [ -102.058433, 44.480886 ], [ -102.057833, 44.480786 ], [ -102.056933, 44.480786 ], [ -102.056133, 44.480986 ], [ -102.055433, 44.481286 ], [ -102.055033, 44.481686 ], [ -102.054733, 44.482186 ], [ -102.054533, 44.483286 ], [ -102.054537, 44.483326 ], [ -102.054633, 44.484186 ], [ -102.054877, 44.485081 ], [ -102.054933, 44.485286 ], [ -102.055133, 44.485886 ], [ -102.055133, 44.486686 ], [ -102.055133, 44.487386 ], [ -102.055045, 44.488268 ], [ -102.055033, 44.488386 ], [ -102.054733, 44.489486 ], [ -102.054433, 44.490286 ], [ -102.053987, 44.490955 ], [ -102.053633, 44.491486 ], [ -102.052733, 44.492286 ], [ -102.051733, 44.492886 ], [ -102.050933, 44.493286 ], [ -102.050033, 44.493886 ], [ -102.049533, 44.494186 ], [ -102.049133, 44.494486 ], [ -102.049033, 44.494786 ], [ -102.048904, 44.495087 ], [ -102.048733, 44.495486 ], [ -102.048433, 44.496186 ], [ -102.048133, 44.496786 ], [ -102.047733, 44.497586 ], [ -102.047133, 44.498386 ], [ -102.046633, 44.499086 ], [ -102.046333, 44.499486 ], [ -102.046033, 44.499886 ], [ -102.045933, 44.499986 ], [ -102.045676, 44.499986 ], [ -102.045564, 44.500234 ], [ -102.045226, 44.500378 ], [ -102.044664, 44.500608 ], [ -102.043157, 44.500777 ], [ -102.038807, 44.50171 ], [ -102.038718, 44.501881 ], [ -102.038595, 44.502093 ], [ -102.03818, 44.502397 ], [ -102.037708, 44.502793 ], [ -102.037666, 44.503258 ], [ -102.037589, 44.50374 ], [ -102.033327, 44.503964 ], [ -102.030717, 44.503945 ], [ -102.029088, 44.504243 ], [ -102.028156, 44.504418 ], [ -102.027446, 44.504557 ], [ -102.025278, 44.5047 ], [ -102.02275, 44.505174 ], [ -102.018882, 44.505491 ], [ -102.017454, 44.505562 ], [ -102.017152, 44.505844 ], [ -102.016658, 44.506009 ], [ -102.01578, 44.505932 ], [ -102.014925, 44.505814 ], [ -102.013645, 44.505534 ], [ -102.01287, 44.505394 ], [ -102.011823, 44.50529 ], [ -102.011081, 44.505516 ], [ -102.005922, 44.507847 ], [ -102.003257, 44.508662 ], [ -102.001696, 44.510794 ], [ -102.001068, 44.510926 ], [ -102.000955, 44.510149 ], [ -102.001119, 44.502866 ], [ -102.001144, 44.501414 ], [ -102.00119, 44.50006 ], [ -102.00119, 44.498845 ], [ -102.001208, 44.496201 ], [ -102.001158, 44.48875 ], [ -102.001139, 44.485326 ], [ -102.001134, 44.484215 ], [ -102.000858, 44.441398 ], [ -102.000848, 44.439866 ], [ -102.000817, 44.43504 ], [ -102.000776, 44.428607 ], [ -102.000873, 44.428623 ], [ -102.000945, 44.422883 ], [ -102.000946, 44.422803 ], [ -102.001063, 44.415441 ], [ -102.001041, 44.415246 ], [ -102.001102, 44.410579 ], [ -102.00127, 44.403976 ], [ -102.001061, 44.394755 ], [ -102.001071, 44.394297 ], [ -102.0012, 44.387017 ], [ -102.00125, 44.385027 ], [ -102.001154, 44.377956 ], [ -102.001066, 44.374985 ], [ -102.001058, 44.373138 ], [ -102.001008, 44.359947 ], [ -102.001008, 44.359429 ], [ -102.001009, 44.358102 ], [ -102.001012, 44.353402 ], [ -102.000943, 44.345607 ], [ -102.000964, 44.343832 ], [ -102.00723, 44.343785 ], [ -102.00722, 44.341337 ], [ -102.007236, 44.339017 ], [ -102.007202, 44.337139 ], [ -102.007282, 44.330712 ], [ -102.007421, 44.319671 ], [ -102.007475, 44.315358 ], [ -102.007524, 44.311497 ], [ -102.007518, 44.309911 ], [ -102.00752, 44.306082 ], [ -102.007445, 44.295581 ], [ -102.007491, 44.259489 ], [ -102.007482, 44.25474 ], [ -102.007514, 44.250054 ], [ -102.007509, 44.249928 ], [ -102.007514, 44.248649 ], [ -102.007457, 44.24055 ], [ -102.007473, 44.232532 ], [ -102.007486, 44.226028 ], [ -102.007525, 44.206482 ], [ -102.007525, 44.206396 ], [ -102.007535, 44.20174 ], [ -102.007559, 44.190034 ], [ -102.007559, 44.189967 ], [ -102.00756, 44.189252 ], [ -102.00769, 44.184159 ], [ -102.007711, 44.18336 ], [ -102.007718, 44.183065 ], [ -102.007663, 44.182809 ], [ -102.007584, 44.182442 ], [ -102.007561, 44.180936 ], [ -102.007551, 44.179056 ], [ -102.007557, 44.172931 ], [ -102.007557, 44.172914 ], [ -102.007486, 44.16992 ], [ -102.007509, 44.168171 ], [ -102.007601, 44.161147 ], [ -102.007602, 44.160862 ], [ -102.007654, 44.147155 ], [ -102.007654, 44.147137 ], [ -102.007684, 44.1393 ], [ -102.007739, 44.124987 ], [ -102.007459, 44.124028 ], [ -102.007427, 44.123922 ], [ -102.00744, 44.123186 ], [ -102.007346, 44.121605 ], [ -102.007414, 44.118553 ], [ -102.00744, 44.117447 ], [ -102.007409, 44.1169 ], [ -102.007423, 44.116358 ], [ -102.007391, 44.112238 ], [ -102.007453, 44.110355 ], [ -102.007451, 44.109587 ], [ -102.007452, 44.109577 ], [ -102.007482, 44.098964 ], [ -102.007483, 44.098605 ], [ -102.007514, 44.089122 ], [ -102.007472, 44.087525 ], [ -102.007543, 44.085616 ], [ -102.007523, 44.082135 ], [ -102.007523, 44.082095 ], [ -102.007522, 44.082001 ], [ -102.007518, 44.081276 ], [ -102.00746, 44.073505 ], [ -102.00746, 44.07329 ], [ -102.007462, 44.070786 ], [ -102.007514, 44.068198 ], [ -102.007421, 44.067027 ], [ -102.007523, 44.066655 ], [ -102.007566, 44.066305 ], [ -102.007353, 44.065943 ], [ -102.007341, 44.065803 ], [ -102.007282, 44.065101 ], [ -102.007311, 44.063816 ], [ -102.007268, 44.057192 ], [ -102.007475, 44.03884 ], [ -102.007484, 44.038078 ], [ -102.007483, 44.038036 ], [ -102.00749, 44.037697 ], [ -102.007413, 44.032031 ], [ -102.007399, 44.031604 ], [ -102.007375, 44.030907 ], [ -102.007381, 44.030018 ], [ -102.007385, 44.029395 ], [ -102.007461, 44.01906 ], [ -102.007461, 44.019011 ], [ -102.00748, 44.016424 ], [ -102.007478, 44.016263 ], [ -102.007262, 43.999989 ], [ -102.007336, 43.99453 ], [ -102.012858, 43.994543 ], [ -102.019147, 43.994492 ], [ -102.019121, 43.990667 ], [ -102.019121, 43.990607 ], [ -102.019121, 43.990546 ], [ -102.019118, 43.990288 ], [ -102.019124, 43.989955 ], [ -102.019213, 43.984762 ], [ -102.019454, 43.973913 ], [ -102.019521, 43.972905 ], [ -102.019523, 43.972878 ], [ -102.01953, 43.972784 ], [ -102.019627, 43.972243 ], [ -102.01964, 43.972164 ], [ -102.019707, 43.971639 ], [ -102.019681, 43.97158 ], [ -102.019423, 43.970883 ], [ -102.019301, 43.965725 ], [ -102.019297, 43.96556 ], [ -102.019368, 43.958548 ], [ -102.019435, 43.951847 ], [ -102.019353, 43.940839 ], [ -102.01943, 43.916877 ], [ -102.019431, 43.916748 ], [ -102.019432, 43.916678 ], [ -102.019435, 43.916519 ], [ -102.019436, 43.916362 ], [ -102.019439, 43.916194 ], [ -102.01944, 43.916042 ], [ -102.019543, 43.907757 ], [ -102.019545, 43.907593 ], [ -102.019556, 43.90679 ], [ -102.019668, 43.898597 ], [ -102.019672, 43.898227 ], [ -102.019623, 43.894631 ], [ -102.019622, 43.894535 ], [ -102.019616, 43.89408 ], [ -102.019607, 43.893222 ], [ -102.019498, 43.883926 ], [ -102.01949, 43.883146 ], [ -102.0194, 43.87511 ], [ -102.01922, 43.865918 ], [ -102.019155, 43.862591 ], [ -102.019151, 43.862385 ], [ -102.01918, 43.856862 ], [ -102.019309, 43.849863 ], [ -102.019318, 43.849621 ], [ -102.019357, 43.846636 ], [ -102.019103, 43.843191 ], [ -102.019041, 43.842688 ], [ -102.019261, 43.835325 ], [ -102.019213, 43.821054 ], [ -102.019213, 43.820914 ], [ -102.019213, 43.820852 ], [ -102.019199, 43.818716 ], [ -102.019121, 43.806596 ], [ -102.019108, 43.799048 ], [ -102.019099, 43.796488 ], [ -102.019096, 43.795587 ], [ -102.01909, 43.793812 ], [ -102.01909, 43.793578 ], [ -102.019088, 43.793206 ], [ -102.019084, 43.791881 ], [ -102.019136, 43.788213 ], [ -102.019144, 43.787074 ], [ -102.019148, 43.786873 ], [ -102.019154, 43.78638 ], [ -102.01927, 43.777534 ], [ -102.019319, 43.768645 ], [ -102.01932, 43.768636 ], [ -102.019358, 43.76261 ], [ -102.019355, 43.762304 ], [ -102.019174, 43.749954 ], [ -102.019729, 43.748043 ], [ -102.019364, 43.733536 ], [ -102.01934, 43.732583 ], [ -102.019283, 43.730414 ], [ -102.019281, 43.730381 ], [ -102.019079, 43.71926 ], [ -102.019068, 43.716376 ], [ -102.018887, 43.708618 ], [ -102.019036, 43.707878 ], [ -102.019358, 43.708206 ], [ -102.020726, 43.709068 ], [ -102.0209, 43.709177 ], [ -102.021928, 43.709992 ], [ -102.021996, 43.710046 ], [ -102.022065, 43.7101 ], [ -102.022136, 43.710156 ], [ -102.022207, 43.710212 ], [ -102.022487, 43.710431 ], [ -102.022697, 43.711112 ], [ -102.02269, 43.711176 ], [ -102.022634, 43.711676 ], [ -102.022566, 43.712368 ], [ -102.022683, 43.712853 ], [ -102.023258, 43.713235 ], [ -102.023897, 43.713319 ], [ -102.024368, 43.713394 ], [ -102.024416, 43.713401 ], [ -102.024455, 43.713408 ], [ -102.024812, 43.713244 ], [ -102.025193, 43.713012 ], [ -102.0255, 43.712445 ], [ -102.025636, 43.712012 ], [ -102.025471, 43.711639 ], [ -102.025162, 43.710939 ], [ -102.025074, 43.710607 ], [ -102.025163, 43.710254 ], [ -102.025446, 43.709743 ], [ -102.026186, 43.709104 ], [ -102.026727, 43.708541 ], [ -102.027035, 43.707926 ], [ -102.027117, 43.707584 ], [ -102.027141, 43.707479 ], [ -102.027167, 43.707376 ], [ -102.027202, 43.707243 ], [ -102.027562, 43.706742 ], [ -102.029175, 43.70598 ], [ -102.029239, 43.70595 ], [ -102.030222, 43.705379 ], [ -102.030896, 43.704746 ], [ -102.031735, 43.704189 ], [ -102.031911, 43.704101 ], [ -102.032433, 43.703841 ], [ -102.032493, 43.703876 ], [ -102.033049, 43.703456 ], [ -102.033606, 43.703035 ], [ -102.034241, 43.702629 ], [ -102.034581, 43.702256 ], [ -102.034801, 43.701823 ], [ -102.03505, 43.701571 ], [ -102.035451, 43.701291 ], [ -102.035746, 43.70099 ], [ -102.035966, 43.700617 ], [ -102.035996, 43.700532 ], [ -102.036116, 43.700194 ], [ -102.036154, 43.700139 ], [ -102.036336, 43.699832 ], [ -102.036956, 43.699097 ], [ -102.037122, 43.698785 ], [ -102.037033, 43.69852 ], [ -102.036986, 43.698379 ], [ -102.036586, 43.697759 ], [ -102.036405, 43.697359 ], [ -102.036322, 43.697052 ], [ -102.036309, 43.696762 ], [ -102.036258, 43.696674 ], [ -102.036208, 43.696585 ], [ -102.035987, 43.696196 ], [ -102.035969, 43.695413 ], [ -102.035652, 43.693924 ], [ -102.03552, 43.69318 ], [ -102.035506, 43.693102 ], [ -102.035493, 43.693025 ], [ -102.035145, 43.692766 ], [ -102.035067, 43.692705 ], [ -102.034655, 43.692383 ], [ -102.034497, 43.69227 ], [ -102.034424, 43.692183 ], [ -102.034354, 43.692098 ], [ -102.033915, 43.691471 ], [ -102.033418, 43.690732 ], [ -102.033283, 43.689881 ], [ -102.033477, 43.689342 ], [ -102.033589, 43.68913 ], [ -102.033637, 43.689042 ], [ -102.034102, 43.68888 ], [ -102.034233, 43.688835 ], [ -102.034278, 43.688824 ], [ -102.034316, 43.688807 ], [ -102.034959, 43.688621 ], [ -102.035649, 43.688606 ], [ -102.035708, 43.688548 ], [ -102.035767, 43.688491 ], [ -102.035913, 43.688349 ], [ -102.036403, 43.68827 ], [ -102.036472, 43.688287 ], [ -102.036942, 43.688409 ], [ -102.037246, 43.688759 ], [ -102.037374, 43.688896 ], [ -102.037377, 43.688913 ], [ -102.037406, 43.688986 ], [ -102.037583, 43.689443 ], [ -102.038965, 43.690524 ], [ -102.039696, 43.691024 ], [ -102.04004, 43.69126 ], [ -102.040104, 43.691304 ], [ -102.040167, 43.691347 ], [ -102.040309, 43.691725 ], [ -102.040369, 43.691886 ], [ -102.040702, 43.692368 ], [ -102.040966, 43.692626 ], [ -102.041185, 43.692983 ], [ -102.041359, 43.693668 ], [ -102.041676, 43.694354 ], [ -102.042167, 43.694881 ], [ -102.042817, 43.695243 ], [ -102.043649, 43.695676 ], [ -102.043974, 43.69577 ], [ -102.043991, 43.69577 ], [ -102.044025, 43.69577 ], [ -102.044571, 43.695775 ], [ -102.045183, 43.695715 ], [ -102.045834, 43.695715 ], [ -102.046022, 43.695693 ], [ -102.046536, 43.695573 ], [ -102.046688, 43.695525 ], [ -102.047149, 43.695381 ], [ -102.048049, 43.694761 ], [ -102.048419, 43.694449 ], [ -102.048744, 43.693917 ], [ -102.049039, 43.69345 ], [ -102.049221, 43.693237 ], [ -102.049864, 43.692875 ], [ -102.050136, 43.692639 ], [ -102.050385, 43.692096 ], [ -102.050639, 43.691777 ], [ -102.050718, 43.691679 ], [ -102.05124, 43.690972 ], [ -102.051671, 43.690632 ], [ -102.052026, 43.690204 ], [ -102.052129, 43.690008 ], [ -102.052134, 43.689999 ], [ -102.052291, 43.6897 ], [ -102.05232, 43.689605 ], [ -102.052435, 43.689234 ], [ -102.052805, 43.689047 ], [ -102.053432, 43.688921 ], [ -102.054634, 43.688827 ], [ -102.055572, 43.688795 ], [ -102.056668, 43.688833 ], [ -102.057499, 43.688943 ], [ -102.05756, 43.688959 ], [ -102.058315, 43.689162 ], [ -102.058671, 43.689338 ], [ -102.058958, 43.689519 ], [ -102.059145, 43.689553 ], [ -102.059321, 43.689585 ], [ -102.059948, 43.689711 ], [ -102.060485, 43.6897 ], [ -102.061301, 43.689623 ], [ -102.061671, 43.689722 ], [ -102.06211, 43.689853 ], [ -102.062389, 43.689881 ], [ -102.062579, 43.689897 ], [ -102.063266, 43.689908 ], [ -102.063886, 43.689985 ], [ -102.064287, 43.690078 ], [ -102.064688, 43.690078 ], [ -102.064808, 43.690073 ], [ -102.065428, 43.690035 ], [ -102.065867, 43.690002 ], [ -102.066396, 43.689881 ], [ -102.066717, 43.689739 ], [ -102.066781, 43.689711 ], [ -102.067333, 43.689607 ], [ -102.068036, 43.689645 ], [ -102.068391, 43.689815 ], [ -102.06866, 43.689858 ], [ -102.068936, 43.689903 ], [ -102.069752, 43.689914 ], [ -102.06982, 43.689901 ], [ -102.070342, 43.689804 ], [ -102.070946, 43.689881 ], [ -102.071339, 43.689952 ], [ -102.071619, 43.690007 ], [ -102.071944, 43.690078 ], [ -102.072647, 43.690265 ], [ -102.073517, 43.69072 ], [ -102.074, 43.69084 ], [ -102.074613, 43.690939 ], [ -102.075149, 43.690999 ], [ -102.076026, 43.690912 ], [ -102.076548, 43.690923 ], [ -102.077455, 43.691197 ], [ -102.07806, 43.691328 ], [ -102.078725, 43.691487 ], [ -102.078937, 43.691657 ], [ -102.079836, 43.692085 ], [ -102.079987, 43.69214 ], [ -102.08131, 43.692518 ], [ -102.081484, 43.692655 ], [ -102.08193, 43.692803 ], [ -102.0828, 43.693001 ], [ -102.08351, 43.693192 ], [ -102.084183, 43.693341 ], [ -102.08472, 43.693456 ], [ -102.086618, 43.693719 ], [ -102.08751, 43.69385 ], [ -102.089244, 43.69394 ], [ -102.089505, 43.693954 ], [ -102.090647, 43.694102 ], [ -102.090977, 43.694171 ], [ -102.091093, 43.694195 ], [ -102.091554, 43.694244 ], [ -102.092318, 43.694397 ], [ -102.09322, 43.694704 ], [ -102.093512, 43.694803 ], [ -102.093802, 43.694924 ], [ -102.094246, 43.69511 ], [ -102.094692, 43.695264 ], [ -102.095214, 43.695302 ], [ -102.095811, 43.695313 ], [ -102.096181, 43.695104 ], [ -102.096453, 43.69461 ], [ -102.096664, 43.69387 ], [ -102.09643, 43.693349 ], [ -102.096142, 43.692817 ], [ -102.096107, 43.692597 ], [ -102.096092, 43.692494 ], [ -102.096059, 43.692279 ], [ -102.095832, 43.691797 ], [ -102.095703, 43.691424 ], [ -102.09575, 43.691066 ], [ -102.095763, 43.690963 ], [ -102.095661, 43.690786 ], [ -102.095634, 43.690737 ], [ -102.095309, 43.690168 ], [ -102.095067, 43.689658 ], [ -102.095067, 43.689257 ], [ -102.095112, 43.688775 ], [ -102.095203, 43.688275 ], [ -102.095527, 43.687853 ], [ -102.09583, 43.687551 ], [ -102.096241, 43.687133 ], [ -102.096547, 43.686822 ], [ -102.097266, 43.686141 ], [ -102.097734, 43.685697 ], [ -102.098241, 43.685333 ], [ -102.09889, 43.685181 ], [ -102.100243, 43.685197 ], [ -102.101558, 43.685284 ], [ -102.102557, 43.68518 ], [ -102.103137, 43.685119 ], [ -102.10409, 43.685234 ], [ -102.104545, 43.68533 ], [ -102.10471, 43.685365 ], [ -102.105178, 43.685371 ], [ -102.106176, 43.685332 ], [ -102.106524, 43.685442 ], [ -102.107522, 43.685693 ], [ -102.10785, 43.685742 ], [ -102.108474, 43.685836 ], [ -102.108581, 43.68596 ], [ -102.108822, 43.686236 ], [ -102.10889, 43.686313 ], [ -102.109564, 43.686932 ], [ -102.109753, 43.687942 ], [ -102.11026, 43.688846 ], [ -102.110253, 43.688977 ], [ -102.110251, 43.689155 ], [ -102.110245, 43.689495 ], [ -102.110729, 43.689987 ], [ -102.111204, 43.69039 ], [ -102.111369, 43.690772 ], [ -102.111885, 43.691542 ], [ -102.111982, 43.691686 ], [ -102.112294, 43.69232 ], [ -102.112332, 43.692869 ], [ -102.112112, 43.693281 ], [ -102.111991, 43.693507 ], [ -102.111965, 43.693562 ], [ -102.111962, 43.693605 ], [ -102.111947, 43.693766 ], [ -102.111867, 43.694251 ], [ -102.111871, 43.694266 ], [ -102.111717, 43.694601 ], [ -102.111717, 43.694638 ], [ -102.111683, 43.694687 ], [ -102.111656, 43.694726 ], [ -102.111595, 43.694779 ], [ -102.111119, 43.695198 ], [ -102.110448, 43.695593 ], [ -102.109871, 43.696027 ], [ -102.109578, 43.696252 ], [ -102.10915, 43.696704 ], [ -102.109079, 43.696778 ], [ -102.108739, 43.697119 ], [ -102.108173, 43.697492 ], [ -102.107772, 43.69787 ], [ -102.10775, 43.698041 ], [ -102.107811, 43.69871 ], [ -102.107637, 43.699176 ], [ -102.107509, 43.700032 ], [ -102.107593, 43.700646 ], [ -102.107435, 43.701853 ], [ -102.107579, 43.702281 ], [ -102.10804, 43.702851 ], [ -102.108186, 43.702987 ], [ -102.10854, 43.703317 ], [ -102.10859, 43.703342 ], [ -102.108878, 43.703485 ], [ -102.10919, 43.703641 ], [ -102.109915, 43.704187 ], [ -102.110853, 43.704926 ], [ -102.11108, 43.705124 ], [ -102.111098, 43.705128 ], [ -102.111275, 43.705153 ], [ -102.11135, 43.705196 ], [ -102.111646, 43.70537 ], [ -102.11173, 43.70557 ], [ -102.111862, 43.705889 ], [ -102.112091, 43.706332 ], [ -102.112131, 43.706418 ], [ -102.112147, 43.706428 ], [ -102.112438, 43.706633 ], [ -102.112725, 43.707033 ], [ -102.113158, 43.707702 ], [ -102.113297, 43.708152 ], [ -102.113308, 43.708188 ], [ -102.11306, 43.708683 ], [ -102.113366, 43.709502 ], [ -102.113399, 43.709617 ], [ -102.113476, 43.709865 ], [ -102.113509, 43.709986 ], [ -102.113538, 43.710092 ], [ -102.113567, 43.710198 ], [ -102.113601, 43.710249 ], [ -102.11382, 43.710573 ], [ -102.11398, 43.710728 ], [ -102.115075, 43.712142 ], [ -102.115475, 43.712152 ], [ -102.115526, 43.712229 ], [ -102.115578, 43.712306 ], [ -102.115772, 43.712599 ], [ -102.116297, 43.712826 ], [ -102.117009, 43.712759 ], [ -102.11715, 43.712561 ], [ -102.117253, 43.712416 ], [ -102.11717, 43.712229 ], [ -102.11724, 43.711812 ], [ -102.11725, 43.711744 ], [ -102.117262, 43.711674 ], [ -102.11728, 43.711569 ], [ -102.117297, 43.711465 ], [ -102.117375, 43.710998 ], [ -102.117544, 43.710219 ], [ -102.117559, 43.709381 ], [ -102.118031, 43.708849 ], [ -102.118105, 43.708811 ], [ -102.118749, 43.708485 ], [ -102.118846, 43.708437 ], [ -102.118943, 43.708361 ], [ -102.119017, 43.708301 ], [ -102.119092, 43.708243 ], [ -102.119442, 43.70797 ], [ -102.119786, 43.706953 ], [ -102.120029, 43.706267 ], [ -102.120285, 43.705544 ], [ -102.121502, 43.704898 ], [ -102.122213, 43.704529 ], [ -102.122267, 43.7045 ], [ -102.122475, 43.704406 ], [ -102.122997, 43.704342 ], [ -102.123723, 43.704358 ], [ -102.124298, 43.704445 ], [ -102.124385, 43.704496 ], [ -102.124408, 43.704509 ], [ -102.124826, 43.704752 ], [ -102.125436, 43.705182 ], [ -102.125534, 43.705297 ], [ -102.125987, 43.70544 ], [ -102.126494, 43.705588 ], [ -102.126706, 43.705594 ], [ -102.127099, 43.705583 ], [ -102.127764, 43.705529 ], [ -102.128399, 43.705403 ], [ -102.129428, 43.705239 ], [ -102.129867, 43.70508 ], [ -102.131137, 43.704653 ], [ -102.131281, 43.704532 ], [ -102.13138, 43.704401 ], [ -102.131607, 43.704264 ], [ -102.132688, 43.703875 ], [ -102.133172, 43.703732 ], [ -102.13346, 43.703557 ], [ -102.13377, 43.703266 ], [ -102.134315, 43.702894 ], [ -102.134648, 43.702713 ], [ -102.135056, 43.702455 ], [ -102.135442, 43.702126 ], [ -102.135775, 43.702039 ], [ -102.136364, 43.701973 ], [ -102.136788, 43.701836 ], [ -102.136994, 43.701654 ], [ -102.13706, 43.701595 ], [ -102.137401, 43.701315 ], [ -102.137485, 43.701299 ], [ -102.137559, 43.701285 ], [ -102.137598, 43.701277 ], [ -102.138097, 43.701223 ], [ -102.138271, 43.701047 ], [ -102.138687, 43.700932 ], [ -102.138951, 43.700965 ], [ -102.139158, 43.700948 ], [ -102.139276, 43.700938 ], [ -102.139465, 43.700872 ], [ -102.139715, 43.700757 ], [ -102.139987, 43.700664 ], [ -102.140199, 43.700637 ], [ -102.14072, 43.700837 ], [ -102.141189, 43.701018 ], [ -102.141481, 43.701192 ], [ -102.141718, 43.701334 ], [ -102.142235, 43.701644 ], [ -102.143239, 43.702245 ], [ -102.143643, 43.702399 ], [ -102.144393, 43.702685 ], [ -102.145215, 43.702908 ], [ -102.145618, 43.703017 ], [ -102.145641, 43.703024 ], [ -102.146299, 43.702986 ], [ -102.146585, 43.70297 ], [ -102.146712, 43.702962 ], [ -102.14684, 43.702956 ], [ -102.147002, 43.702982 ], [ -102.147319, 43.703075 ], [ -102.147622, 43.703218 ], [ -102.14772, 43.703525 ], [ -102.147798, 43.703681 ], [ -102.147871, 43.703827 ], [ -102.148279, 43.704408 ], [ -102.14846, 43.704529 ], [ -102.148898, 43.704705 ], [ -102.149677, 43.70516 ], [ -102.150025, 43.705298 ], [ -102.150327, 43.705495 ], [ -102.150584, 43.705704 ], [ -102.150962, 43.705879 ], [ -102.150992, 43.705894 ], [ -102.15137, 43.706077 ], [ -102.15174, 43.706165 ], [ -102.152262, 43.706088 ], [ -102.152345, 43.706072 ], [ -102.152655, 43.70611 ], [ -102.152912, 43.70616 ], [ -102.153253, 43.706182 ], [ -102.153673, 43.706082 ], [ -102.153737, 43.706067 ], [ -102.1541, 43.70588 ], [ -102.154425, 43.70576 ], [ -102.155075, 43.70553 ], [ -102.155416, 43.705387 ], [ -102.155771, 43.705091 ], [ -102.156248, 43.704778 ], [ -102.156369, 43.704296 ], [ -102.156619, 43.703824 ], [ -102.156807, 43.703522 ], [ -102.156876, 43.703413 ], [ -102.156943, 43.703277 ], [ -102.15705, 43.703062 ], [ -102.15699, 43.702656 ], [ -102.156854, 43.70236 ], [ -102.156794, 43.702195 ], [ -102.15678, 43.702086 ], [ -102.156705, 43.70184 ], [ -102.156542, 43.701308 ], [ -102.156249, 43.700348 ], [ -102.155963, 43.69883 ], [ -102.155933, 43.698671 ], [ -102.155943, 43.698612 ], [ -102.156091, 43.697763 ], [ -102.156101, 43.697703 ], [ -102.156113, 43.697693 ], [ -102.156152, 43.697664 ], [ -102.156165, 43.697655 ], [ -102.156328, 43.697532 ], [ -102.156494, 43.697397 ], [ -102.156736, 43.697203 ], [ -102.15725, 43.696995 ], [ -102.157625, 43.696883 ], [ -102.157787, 43.696836 ], [ -102.158011, 43.696724 ], [ -102.15815, 43.696655 ], [ -102.158244, 43.696639 ], [ -102.158551, 43.69659 ], [ -102.15877, 43.696491 ], [ -102.158876, 43.696354 ], [ -102.158902, 43.696345 ], [ -102.159141, 43.696266 ], [ -102.159645, 43.696305 ], [ -102.160072, 43.696409 ], [ -102.160298, 43.696464 ], [ -102.160339, 43.696474 ], [ -102.160573, 43.696552 ], [ -102.160846, 43.696643 ], [ -102.161118, 43.696734 ], [ -102.161192, 43.696758 ], [ -102.161267, 43.696783 ], [ -102.161863, 43.696982 ], [ -102.16251, 43.697085 ], [ -102.163528, 43.697088 ], [ -102.163593, 43.697101 ], [ -102.163708, 43.697124 ], [ -102.163822, 43.697148 ], [ -102.163936, 43.697171 ], [ -102.164327, 43.697249 ], [ -102.164803, 43.697207 ], [ -102.164961, 43.697193 ], [ -102.166034, 43.697197 ], [ -102.166303, 43.697198 ], [ -102.166571, 43.697191 ], [ -102.166752, 43.697186 ], [ -102.166932, 43.697182 ], [ -102.167039, 43.69718 ], [ -102.167146, 43.697177 ], [ -102.167552, 43.697168 ], [ -102.167857, 43.697059 ], [ -102.168058, 43.696988 ], [ -102.168258, 43.696916 ], [ -102.168386, 43.69687 ], [ -102.168432, 43.696738 ], [ -102.168527, 43.696468 ], [ -102.168574, 43.696334 ], [ -102.168534, 43.696187 ], [ -102.168517, 43.696124 ], [ -102.1685, 43.696061 ], [ -102.168437, 43.695831 ], [ -102.168114, 43.695562 ], [ -102.167454, 43.695106 ], [ -102.167238, 43.694956 ], [ -102.166548, 43.694283 ], [ -102.166418, 43.693999 ], [ -102.166373, 43.6939 ], [ -102.166328, 43.693801 ], [ -102.16627, 43.693672 ], [ -102.166211, 43.693543 ], [ -102.166181, 43.693478 ], [ -102.166182, 43.693437 ], [ -102.166185, 43.693304 ], [ -102.166188, 43.693171 ], [ -102.16619, 43.693063 ], [ -102.166193, 43.692955 ], [ -102.166203, 43.692565 ], [ -102.166204, 43.692508 ], [ -102.166204, 43.69245 ], [ -102.166219, 43.692406 ], [ -102.166324, 43.692148 ], [ -102.166499, 43.691776 ], [ -102.166937, 43.69166 ], [ -102.167262, 43.691562 ], [ -102.167474, 43.691425 ], [ -102.168018, 43.691008 ], [ -102.168328, 43.690849 ], [ -102.16854, 43.690778 ], [ -102.168782, 43.690498 ], [ -102.168891, 43.690426 ], [ -102.169689, 43.689911 ], [ -102.170151, 43.689637 ], [ -102.170544, 43.689483 ], [ -102.170899, 43.689363 ], [ -102.171322, 43.689209 ], [ -102.171655, 43.689094 ], [ -102.172041, 43.689061 ], [ -102.172532, 43.688836 ], [ -102.173643, 43.688365 ], [ -102.174226, 43.688156 ], [ -102.174762, 43.687932 ], [ -102.175231, 43.687756 ], [ -102.17638, 43.687564 ], [ -102.177098, 43.687455 ], [ -102.177191, 43.687455 ], [ -102.177446, 43.687455 ], [ -102.178723, 43.687296 ], [ -102.179064, 43.687345 ], [ -102.17923, 43.687449 ], [ -102.179585, 43.687482 ], [ -102.180159, 43.687526 ], [ -102.181324, 43.687537 ], [ -102.181944, 43.687614 ], [ -102.182299, 43.687691 ], [ -102.182669, 43.687762 ], [ -102.183191, 43.68785 ], [ -102.18347, 43.687845 ], [ -102.183871, 43.687801 ], [ -102.184566, 43.687598 ], [ -102.184824, 43.68751 ], [ -102.185201, 43.687488 ], [ -102.185303, 43.687482 ], [ -102.187017, 43.687485 ], [ -102.188441, 43.687486 ], [ -102.188805, 43.687486 ], [ -102.193178, 43.687486 ], [ -102.193427, 43.687486 ], [ -102.193793, 43.687486 ], [ -102.194552, 43.687487 ], [ -102.196914, 43.687486 ], [ -102.198413, 43.687487 ], [ -102.198783, 43.687487 ], [ -102.203139, 43.687485 ], [ -102.203404, 43.687485 ], [ -102.203772, 43.687484 ], [ -102.204702, 43.687484 ], [ -102.206686, 43.687482 ], [ -102.208394, 43.687481 ], [ -102.208765, 43.687481 ], [ -102.213082, 43.687479 ], [ -102.213384, 43.687478 ], [ -102.213759, 43.687478 ], [ -102.218374, 43.687475 ], [ -102.218747, 43.687475 ], [ -102.220789, 43.687477 ], [ -102.223037, 43.68748 ], [ -102.223373, 43.687481 ], [ -102.223733, 43.687481 ], [ -102.226302, 43.687485 ], [ -102.227999, 43.687487 ], [ -102.228372, 43.687488 ], [ -102.228716, 43.687488 ], [ -102.232034, 43.687492 ], [ -102.23301, 43.687493 ], [ -102.233371, 43.687493 ], [ -102.233699, 43.687494 ], [ -102.23825, 43.687501 ], [ -102.23837, 43.687501 ], [ -102.238682, 43.687501 ], [ -102.241086, 43.687498 ], [ -102.242994, 43.687496 ], [ -102.243371, 43.687495 ], [ -102.243683, 43.687495 ], [ -102.24763, 43.687489 ], [ -102.248372, 43.687488 ], [ -102.248684, 43.687488 ], [ -102.252672, 43.687482 ], [ -102.252996, 43.687483 ], [ -102.253371, 43.687483 ], [ -102.253682, 43.687483 ], [ -102.256322, 43.687477 ], [ -102.256998, 43.68748 ], [ -102.258587, 43.687477 ], [ -102.25921, 43.687476 ], [ -102.259835, 43.687477 ], [ -102.261988, 43.687479 ], [ -102.262525, 43.687479 ], [ -102.263001, 43.687479 ], [ -102.263484, 43.687479 ], [ -102.265804, 43.68748 ], [ -102.266278, 43.687481 ], [ -102.266978, 43.687481 ], [ -102.268494, 43.687481 ], [ -102.271518, 43.687482 ], [ -102.271963, 43.687483 ], [ -102.272999, 43.687483 ], [ -102.273486, 43.687483 ], [ -102.276948, 43.687485 ], [ -102.278487, 43.687485 ], [ -102.281928, 43.687483 ], [ -102.282991, 43.687483 ], [ -102.283493, 43.687483 ], [ -102.286907, 43.687482 ], [ -102.2885, 43.687482 ], [ -102.292983, 43.68748 ], [ -102.293502, 43.68748 ], [ -102.296867, 43.687479 ], [ -102.298505, 43.687479 ], [ -102.301864, 43.687478 ], [ -102.302077, 43.687475 ], [ -102.302959, 43.687477 ], [ -102.303503, 43.687477 ], [ -102.306407, 43.687476 ], [ -102.306861, 43.687475 ], [ -102.308501, 43.687475 ], [ -102.311862, 43.687473 ], [ -102.312936, 43.687473 ], [ -102.316862, 43.687471 ], [ -102.318495, 43.687471 ], [ -102.319558, 43.687468 ], [ -102.321853, 43.687469 ], [ -102.322911, 43.687468 ], [ -102.323487, 43.687468 ], [ -102.326244, 43.687467 ], [ -102.326845, 43.687466 ], [ -102.32833, 43.687465 ], [ -102.328479, 43.687466 ], [ -102.331838, 43.687464 ], [ -102.33289, 43.687463 ], [ -102.333469, 43.687463 ], [ -102.336831, 43.687461 ], [ -102.33846, 43.68746 ], [ -102.34182, 43.687457 ], [ -102.342872, 43.687457 ], [ -102.343449, 43.687456 ], [ -102.345853, 43.687454 ], [ -102.346809, 43.687454 ], [ -102.348438, 43.687453 ], [ -102.349329, 43.687453 ], [ -102.350041, 43.687452 ], [ -102.3518, 43.687451 ], [ -102.352637, 43.687449 ], [ -102.353426, 43.68745 ], [ -102.356791, 43.687447 ], [ -102.358094, 43.687443 ], [ -102.359717, 43.687444 ], [ -102.361783, 43.687449 ], [ -102.362851, 43.687451 ], [ -102.363407, 43.687451 ], [ -102.366775, 43.687455 ], [ -102.3684, 43.687455 ], [ -102.36942, 43.687456 ], [ -102.371767, 43.687458 ], [ -102.372835, 43.687459 ], [ -102.373392, 43.687459 ], [ -102.376504, 43.687461 ], [ -102.377691, 43.687462 ], [ -102.379826, 43.687464 ], [ -102.381512, 43.687465 ], [ -102.382656, 43.687466 ], [ -102.382799, 43.687466 ], [ -102.386521, 43.687468 ], [ -102.38762, 43.687468 ], [ -102.388328, 43.687468 ], [ -102.388425, 43.687469 ], [ -102.391531, 43.687472 ], [ -102.396541, 43.687475 ], [ -102.397548, 43.687475 ], [ -102.401535, 43.687475 ], [ -102.402531, 43.687475 ], [ -102.402718, 43.687475 ], [ -102.40282, 43.687474 ], [ -102.406528, 43.687475 ], [ -102.407514, 43.687475 ], [ -102.408004, 43.687475 ], [ -102.411522, 43.687475 ], [ -102.412499, 43.687475 ], [ -102.412672, 43.687475 ], [ -102.416516, 43.687475 ], [ -102.417483, 43.687475 ], [ -102.421501, 43.687477 ], [ -102.422487, 43.687477 ], [ -102.422644, 43.687477 ], [ -102.426486, 43.687478 ], [ -102.42749, 43.687478 ], [ -102.43147, 43.68748 ], [ -102.432493, 43.68748 ], [ -102.432622, 43.68748 ], [ -102.436454, 43.687482 ], [ -102.437497, 43.687482 ], [ -102.441433, 43.687486 ], [ -102.442487, 43.687487 ], [ -102.442593, 43.687487 ], [ -102.446412, 43.68749 ], [ -102.447477, 43.68749 ], [ -102.451391, 43.687494 ], [ -102.452466, 43.687495 ], [ -102.452558, 43.687496 ], [ -102.45637, 43.687498 ], [ -102.457455, 43.687498 ], [ -102.461343, 43.687497 ], [ -102.462446, 43.687497 ], [ -102.462532, 43.687497 ], [ -102.466316, 43.687496 ], [ -102.467437, 43.687496 ], [ -102.47129, 43.687495 ], [ -102.472427, 43.687495 ], [ -102.472516, 43.687495 ], [ -102.476265, 43.687494 ], [ -102.478582, 43.687492 ], [ -102.481249, 43.687491 ], [ -102.482403, 43.687491 ], [ -102.482489, 43.687491 ], [ -102.486234, 43.687489 ], [ -102.487388, 43.687489 ], [ -102.49122, 43.687488 ], [ -102.492375, 43.687488 ], [ -102.492462, 43.687488 ], [ -102.492594, 43.687488 ], [ -102.493007, 43.687487 ], [ -102.494248, 43.687487 ], [ -102.494662, 43.687487 ], [ -102.49481, 43.687486 ], [ -102.495253, 43.687484 ], [ -102.495402, 43.687484 ], [ -102.495684, 43.687484 ], [ -102.49653, 43.687487 ], [ -102.496813, 43.687488 ], [ -102.49684, 43.687487 ], [ -102.496922, 43.687487 ], [ -102.49695, 43.687487 ], [ -102.497333, 43.687486 ], [ -102.498482, 43.687486 ], [ -102.498722, 43.687486 ], [ -102.498864, 43.687485 ], [ -102.500537, 43.687485 ], [ -102.501036, 43.687485 ], [ -102.502121, 43.687485 ], [ -102.502405, 43.687485 ], [ -102.505521, 43.687485 ], [ -102.507061, 43.687485 ], [ -102.510513, 43.687484 ], [ -102.511902, 43.687484 ], [ -102.515505, 43.687484 ], [ -102.51694, 43.687484 ], [ -102.517318, 43.687484 ], [ -102.520294, 43.687442 ], [ -102.521502, 43.687454 ], [ -102.522065, 43.68746 ], [ -102.524303, 43.687483 ], [ -102.525517, 43.687483 ], [ -102.526333, 43.687482 ], [ -102.526902, 43.687482 ], [ -102.530525, 43.687482 ], [ -102.531884, 43.687482 ], [ -102.532273, 43.687481 ], [ -102.533878, 43.68748 ], [ -102.534433, 43.68748 ], [ -102.534905, 43.687479 ], [ -102.535533, 43.68748 ], [ -102.536475, 43.687479 ], [ -102.536731, 43.68748 ], [ -102.536867, 43.687479 ], [ -102.540521, 43.687477 ], [ -102.541866, 43.687476 ], [ -102.542243, 43.687476 ], [ -102.545508, 43.687474 ], [ -102.546866, 43.687473 ], [ -102.550496, 43.687471 ], [ -102.551865, 43.68747 ], [ -102.552215, 43.68747 ], [ -102.555483, 43.687461 ], [ -102.556865, 43.687457 ], [ -102.560464, 43.687446 ], [ -102.561842, 43.687442 ], [ -102.562065, 43.687441 ], [ -102.564325, 43.687443 ], [ -102.565445, 43.687444 ], [ -102.566819, 43.687445 ], [ -102.570426, 43.687447 ], [ -102.571796, 43.687448 ], [ -102.571998, 43.687448 ], [ -102.57382, 43.687448 ], [ -102.57493, 43.687447 ], [ -102.575406, 43.687447 ], [ -102.576773, 43.687447 ], [ -102.578323, 43.687446 ], [ -102.580414, 43.687445 ], [ -102.581729, 43.687444 ], [ -102.58196, 43.687444 ], [ -102.585421, 43.687443 ], [ -102.586685, 43.687443 ], [ -102.590429, 43.687441 ], [ -102.59164, 43.68744 ], [ -102.591921, 43.68744 ], [ -102.593246, 43.687439 ], [ -102.595436, 43.687439 ], [ -102.596596, 43.687438 ], [ -102.600421, 43.687437 ], [ -102.601583, 43.687436 ], [ -102.601891, 43.687436 ], [ -102.602857, 43.687435 ], [ -102.605406, 43.687435 ], [ -102.606571, 43.687435 ], [ -102.606643, 43.687435 ], [ -102.608226, 43.687435 ], [ -102.609539, 43.687431 ], [ -102.610394, 43.687435 ], [ -102.61156, 43.687435 ], [ -102.611866, 43.687435 ], [ -102.615033, 43.687435 ], [ -102.616577, 43.687435 ], [ -102.620004, 43.687445 ], [ -102.621421, 43.687445 ], [ -102.621572, 43.68745 ], [ -102.621878, 43.687451 ], [ -102.624066, 43.687454 ], [ -102.624974, 43.687456 ], [ -102.626567, 43.687458 ], [ -102.629946, 43.687468 ], [ -102.630843, 43.68747 ], [ -102.631561, 43.687473 ], [ -102.631887, 43.687474 ], [ -102.634917, 43.687482 ], [ -102.636556, 43.687483 ], [ -102.639367, 43.687486 ], [ -102.639911, 43.687486 ], [ -102.641551, 43.687488 ], [ -102.641887, 43.687488 ], [ -102.644906, 43.687491 ], [ -102.646546, 43.687492 ], [ -102.648315, 43.687494 ], [ -102.649039, 43.687495 ], [ -102.6499, 43.687495 ], [ -102.651542, 43.687497 ], [ -102.651867, 43.687497 ], [ -102.653454, 43.687496 ], [ -102.654895, 43.687494 ], [ -102.655435, 43.687494 ], [ -102.656537, 43.687494 ], [ -102.657267, 43.687494 ], [ -102.659886, 43.687497 ], [ -102.660822, 43.687498 ], [ -102.661536, 43.687499 ], [ -102.662074, 43.687499 ], [ -102.662218, 43.687499 ], [ -102.664877, 43.687499 ], [ -102.666534, 43.687499 ], [ -102.669868, 43.687502 ], [ -102.671533, 43.687503 ], [ -102.671714, 43.687504 ], [ -102.67218, 43.687504 ], [ -102.674858, 43.687505 ], [ -102.676531, 43.687505 ], [ -102.679839, 43.687506 ], [ -102.681474, 43.687506 ], [ -102.681526, 43.687506 ], [ -102.68482, 43.687506 ], [ -102.685758, 43.687506 ], [ -102.686522, 43.687506 ], [ -102.689801, 43.687506 ], [ -102.69075, 43.687506 ], [ -102.691308, 43.687506 ], [ -102.691516, 43.687507 ], [ -102.694781, 43.687508 ], [ -102.69651, 43.687509 ], [ -102.699764, 43.687514 ], [ -102.700761, 43.687516 ], [ -102.701501, 43.687517 ], [ -102.704746, 43.687522 ], [ -102.705744, 43.687522 ], [ -102.706492, 43.687523 ], [ -102.708713, 43.687527 ], [ -102.709729, 43.687528 ], [ -102.710741, 43.68753 ], [ -102.71148, 43.687531 ], [ -102.714712, 43.687538 ], [ -102.716469, 43.687538 ], [ -102.719686, 43.687541 ], [ -102.720864, 43.687542 ], [ -102.721444, 43.687543 ], [ -102.72466, 43.687546 ], [ -102.726419, 43.687547 ], [ -102.729639, 43.68755 ], [ -102.730717, 43.687551 ], [ -102.731398, 43.687551 ], [ -102.731789, 43.687551 ], [ -102.733836, 43.687553 ], [ -102.734319, 43.687553 ], [ -102.736247, 43.687553 ], [ -102.739298, 43.687553 ], [ -102.741224, 43.687553 ], [ -102.744284, 43.687553 ], [ -102.746201, 43.687553 ], [ -102.749266, 43.687553 ], [ -102.751187, 43.687553 ], [ -102.751666, 43.687553 ], [ -102.754256, 43.687553 ], [ -102.756162, 43.687553 ], [ -102.757862, 43.687554 ], [ -102.759242, 43.687554 ], [ -102.76108, 43.687559 ], [ -102.764228, 43.687555 ], [ -102.764536, 43.687555 ], [ -102.765961, 43.687555 ], [ -102.766786, 43.687555 ], [ -102.768153, 43.687555 ], [ -102.768536, 43.687555 ], [ -102.77088, 43.687568 ], [ -102.770898, 43.687566 ], [ -102.771568, 43.687556 ], [ -102.774214, 43.687556 ], [ -102.77581, 43.687567 ], [ -102.77919, 43.687559 ], [ -102.780814, 43.687569 ], [ -102.78145, 43.68756 ], [ -102.781913, 43.68756 ], [ -102.784166, 43.687561 ], [ -102.785817, 43.68757 ], [ -102.786788, 43.687568 ], [ -102.787992, 43.687565 ], [ -102.789142, 43.687563 ], [ -102.790821, 43.687571 ], [ -102.791336, 43.687564 ], [ -102.791919, 43.687563 ], [ -102.793537, 43.687563 ], [ -102.793682, 43.687561 ], [ -102.794118, 43.687562 ], [ -102.795788, 43.687561 ], [ -102.796685, 43.687561 ], [ -102.797165, 43.687561 ], [ -102.797558, 43.687561 ], [ -102.797904, 43.68756 ], [ -102.798853, 43.687559 ], [ -102.799082, 43.68756 ], [ -102.800812, 43.687565 ], [ -102.801258, 43.687559 ], [ -102.801333, 43.687565 ], [ -102.804046, 43.687559 ], [ -102.804125, 43.687565 ], [ -102.804497, 43.687565 ], [ -102.805799, 43.687565 ], [ -102.807699, 43.687565 ], [ -102.808741, 43.687562 ], [ -102.809398, 43.68756 ], [ -102.809425, 43.687578 ], [ -102.809975, 43.687932 ], [ -102.810104, 43.688015 ], [ -102.810419, 43.688132 ], [ -102.811677, 43.688453 ], [ -102.814446, 43.688633 ], [ -102.815955, 43.688873 ], [ -102.816647, 43.689221 ], [ -102.817114, 43.689658 ], [ -102.817265, 43.690298 ], [ -102.81688, 43.691207 ], [ -102.815486, 43.692244 ], [ -102.814347, 43.693493 ], [ -102.814255, 43.69361 ], [ -102.814032, 43.694182 ], [ -102.814068, 43.69432 ], [ -102.814063, 43.694635 ], [ -102.813507, 43.695372 ], [ -102.813085, 43.69603 ], [ -102.812618, 43.696106 ], [ -102.811976, 43.69673 ], [ -102.81127, 43.697119 ], [ -102.8105, 43.69741 ], [ -102.809511, 43.697538 ], [ -102.80926, 43.697493 ], [ -102.809035, 43.697453 ], [ -102.808037, 43.697492 ], [ -102.806572, 43.697648 ], [ -102.805697, 43.697583 ], [ -102.805226, 43.697534 ], [ -102.804863, 43.697496 ], [ -102.804052, 43.697469 ], [ -102.802843, 43.697701 ], [ -102.801669, 43.698044 ], [ -102.801148, 43.698571 ], [ -102.800957, 43.698766 ], [ -102.800882, 43.699121 ], [ -102.800896, 43.699555 ], [ -102.801083, 43.699834 ], [ -102.801091, 43.699996 ], [ -102.801076, 43.700235 ], [ -102.801241, 43.700823 ], [ -102.801322, 43.701068 ], [ -102.801859, 43.702066 ], [ -102.801849, 43.702615 ], [ -102.80233, 43.703676 ], [ -102.802973, 43.704255 ], [ -102.803299, 43.704654 ], [ -102.803289, 43.705211 ], [ -102.803481, 43.705681 ], [ -102.803757, 43.705978 ], [ -102.803808, 43.706185 ], [ -102.803883, 43.706481 ], [ -102.803914, 43.706938 ], [ -102.803536, 43.708104 ], [ -102.803567, 43.709361 ], [ -102.803567, 43.709773 ], [ -102.803315, 43.71023 ], [ -102.802212, 43.710961 ], [ -102.801109, 43.711259 ], [ -102.800163, 43.711396 ], [ -102.798272, 43.711692 ], [ -102.796696, 43.712355 ], [ -102.79575, 43.712881 ], [ -102.795183, 43.713292 ], [ -102.794741, 43.713909 ], [ -102.794237, 43.714572 ], [ -102.792818, 43.716538 ], [ -102.792892, 43.717462 ], [ -102.792914, 43.717874 ], [ -102.79266, 43.718298 ], [ -102.792532, 43.718449 ], [ -102.792906, 43.71887 ], [ -102.792987, 43.719274 ], [ -102.792957, 43.719686 ], [ -102.792759, 43.72016 ], [ -102.792372, 43.720625 ], [ -102.792078, 43.720913 ], [ -102.791933, 43.721339 ], [ -102.791914, 43.72142 ], [ -102.791407, 43.721843 ], [ -102.79061, 43.721779 ], [ -102.789295, 43.722021 ], [ -102.788363, 43.722143 ], [ -102.78712, 43.722227 ], [ -102.786088, 43.722273 ], [ -102.784913, 43.722268 ], [ -102.783848, 43.721773 ], [ -102.783566, 43.721472 ], [ -102.783328, 43.721167 ], [ -102.782734, 43.72073 ], [ -102.780879, 43.720121 ], [ -102.780237, 43.720104 ], [ -102.778782, 43.720363 ], [ -102.77866, 43.720442 ], [ -102.778474, 43.72051 ], [ -102.778074, 43.720911 ], [ -102.777811, 43.721381 ], [ -102.778056, 43.722387 ], [ -102.778545, 43.722905 ], [ -102.778843, 43.723449 ], [ -102.778794, 43.724072 ], [ -102.778487, 43.724516 ], [ -102.777781, 43.725545 ], [ -102.77724, 43.726846 ], [ -102.776926, 43.726946 ], [ -102.774167, 43.727035 ], [ -102.773028, 43.727154 ], [ -102.771843, 43.72801 ], [ -102.771314, 43.728356 ], [ -102.771185, 43.728418 ], [ -102.770654, 43.729185 ], [ -102.770303, 43.729951 ], [ -102.770417, 43.730037 ], [ -102.770498, 43.730892 ], [ -102.770558, 43.731013 ], [ -102.771247, 43.731871 ], [ -102.771814, 43.732032 ], [ -102.772129, 43.732443 ], [ -102.773169, 43.733701 ], [ -102.773168, 43.734501 ], [ -102.772821, 43.735187 ], [ -102.771653, 43.737061 ], [ -102.771053, 43.737724 ], [ -102.770391, 43.738341 ], [ -102.769854, 43.738935 ], [ -102.769223, 43.739301 ], [ -102.768097, 43.739527 ], [ -102.766904, 43.739527 ], [ -102.765771, 43.739391 ], [ -102.765234, 43.739242 ], [ -102.764633, 43.739026 ], [ -102.762884, 43.739493 ], [ -102.762163, 43.73953 ], [ -102.760944, 43.739826 ], [ -102.760564, 43.739943 ], [ -102.76024, 43.74005 ], [ -102.759884, 43.740243 ], [ -102.758593, 43.741137 ], [ -102.758109, 43.741842 ], [ -102.757815, 43.742316 ], [ -102.757636, 43.742321 ], [ -102.757398, 43.74241 ], [ -102.755752, 43.744142 ], [ -102.754668, 43.745188 ], [ -102.754147, 43.745968 ], [ -102.753956, 43.746175 ], [ -102.753671, 43.746678 ], [ -102.753544, 43.747524 ], [ -102.753826, 43.749216 ], [ -102.753655, 43.749985 ], [ -102.753072, 43.750972 ], [ -102.75257, 43.751743 ], [ -102.751993, 43.752273 ], [ -102.751781, 43.752466 ], [ -102.75152, 43.752573 ], [ -102.751365, 43.752643 ], [ -102.751155, 43.75272 ], [ -102.751091, 43.752697 ], [ -102.750921, 43.752769 ], [ -102.750659, 43.752831 ], [ -102.750722, 43.752882 ], [ -102.750769, 43.752893 ], [ -102.750339, 43.753314 ], [ -102.750137, 43.753558 ], [ -102.749203, 43.754482 ], [ -102.748393, 43.755311 ], [ -102.748385, 43.755318 ], [ -102.747542, 43.756413 ], [ -102.745287, 43.757904 ], [ -102.744189, 43.758455 ], [ -102.74306, 43.758847 ], [ -102.740863, 43.75922 ], [ -102.739481, 43.759613 ], [ -102.737883, 43.76044 ], [ -102.736913, 43.761355 ], [ -102.736414, 43.762267 ], [ -102.735883, 43.762885 ], [ -102.73444, 43.763642 ], [ -102.733594, 43.764192 ], [ -102.733282, 43.764717 ], [ -102.733177, 43.765303 ], [ -102.73316, 43.765377 ], [ -102.733156, 43.765395 ], [ -102.733465, 43.765907 ], [ -102.734086, 43.766398 ], [ -102.734105, 43.766412 ], [ -102.735217, 43.766754 ], [ -102.737435, 43.767786 ], [ -102.73772, 43.768053 ], [ -102.737737, 43.768068 ], [ -102.738305, 43.768565 ], [ -102.738904, 43.769746 ], [ -102.73881, 43.770707 ], [ -102.738328, 43.771078 ], [ -102.738305, 43.771096 ], [ -102.737833, 43.771736 ], [ -102.737076, 43.772331 ], [ -102.735342, 43.773474 ], [ -102.734553, 43.773636 ], [ -102.733607, 43.773842 ], [ -102.732755, 43.774276 ], [ -102.732156, 43.774688 ], [ -102.731047, 43.774775 ], [ -102.731008, 43.774778 ], [ -102.730107, 43.774852 ], [ -102.729667, 43.775059 ], [ -102.728472, 43.775498 ], [ -102.726456, 43.775597 ], [ -102.725701, 43.775806 ], [ -102.724038, 43.776887 ], [ -102.724005, 43.776908 ], [ -102.723088, 43.77775 ], [ -102.723037, 43.777752 ], [ -102.723013, 43.777781 ], [ -102.72269, 43.778225 ], [ -102.722215, 43.778683 ], [ -102.721361, 43.77913 ], [ -102.721324, 43.779149 ], [ -102.720808, 43.779691 ], [ -102.719881, 43.780454 ], [ -102.719279, 43.781079 ], [ -102.718884, 43.781492 ], [ -102.718158, 43.781916 ], [ -102.718119, 43.781938 ], [ -102.716674, 43.782712 ], [ -102.716633, 43.782734 ], [ -102.714933, 43.783878 ], [ -102.713697, 43.78472 ], [ -102.711179, 43.787287 ], [ -102.7104, 43.787856 ], [ -102.71036, 43.787885 ], [ -102.709761, 43.788456 ], [ -102.708941, 43.789028 ], [ -102.707732, 43.789467 ], [ -102.707667, 43.789495 ], [ -102.706126, 43.791023 ], [ -102.705329, 43.792557 ], [ -102.705433, 43.792588 ], [ -102.705451, 43.792587 ], [ -102.705666, 43.793602 ], [ -102.7057, 43.793714 ], [ -102.70571, 43.793758 ], [ -102.706466, 43.794722 ], [ -102.706661, 43.795645 ], [ -102.706512, 43.796526 ], [ -102.706018, 43.797094 ], [ -102.705026, 43.797621 ], [ -102.703656, 43.797723 ], [ -102.702317, 43.79739 ], [ -102.702251, 43.797372 ], [ -102.701148, 43.797048 ], [ -102.701105, 43.797052 ], [ -102.701041, 43.797033 ], [ -102.699574, 43.796746 ], [ -102.699506, 43.796733 ], [ -102.698654, 43.796665 ], [ -102.697715, 43.79675 ], [ -102.697643, 43.796755 ], [ -102.696443, 43.797144 ], [ -102.695874, 43.797624 ], [ -102.695526, 43.79815 ], [ -102.695484, 43.798397 ], [ -102.695377, 43.799035 ], [ -102.695365, 43.799088 ], [ -102.695466, 43.799723 ], [ -102.695969, 43.800751 ], [ -102.696726, 43.801301 ], [ -102.696989, 43.801456 ], [ -102.697048, 43.80149 ], [ -102.697343, 43.801683 ], [ -102.697761, 43.801776 ], [ -102.699036, 43.802435 ], [ -102.699101, 43.802469 ], [ -102.699671, 43.803864 ], [ -102.699513, 43.804195 ], [ -102.699533, 43.804241 ], [ -102.700342, 43.80623 ], [ -102.700356, 43.806288 ], [ -102.700542, 43.808312 ], [ -102.700555, 43.808393 ], [ -102.700564, 43.808453 ], [ -102.700389, 43.809478 ], [ -102.700865, 43.811976 ], [ -102.700657, 43.812844 ], [ -102.700357, 43.813872 ], [ -102.700236, 43.814283 ], [ -102.700056, 43.814854 ], [ -102.699871, 43.815108 ], [ -102.699291, 43.816104 ], [ -102.699255, 43.816164 ], [ -102.699283, 43.816427 ], [ -102.699413, 43.817672 ], [ -102.699477, 43.819867 ], [ -102.699224, 43.821719 ], [ -102.698813, 43.823113 ], [ -102.697691, 43.824673 ], [ -102.697646, 43.824736 ], [ -102.697552, 43.825514 ], [ -102.697328, 43.826039 ], [ -102.697298, 43.826107 ], [ -102.696976, 43.826675 ], [ -102.696528, 43.827242 ], [ -102.695712, 43.82832 ], [ -102.695618, 43.828448 ], [ -102.69557, 43.828513 ], [ -102.69532, 43.829041 ], [ -102.695261, 43.829842 ], [ -102.694669, 43.831607 ], [ -102.693508, 43.833719 ], [ -102.693162, 43.834069 ], [ -102.6931, 43.834132 ], [ -102.690889, 43.836692 ], [ -102.690542, 43.837447 ], [ -102.689942, 43.838567 ], [ -102.689121, 43.839093 ], [ -102.688647, 43.83955 ], [ -102.688262, 43.840704 ], [ -102.688235, 43.840784 ], [ -102.688141, 43.841356 ], [ -102.688141, 43.842682 ], [ -102.688456, 43.84339 ], [ -102.689656, 43.844008 ], [ -102.690446, 43.84419 ], [ -102.692131, 43.844447 ], [ -102.692248, 43.844463 ], [ -102.692797, 43.844661 ], [ -102.692994, 43.844842 ], [ -102.693759, 43.846268 ], [ -102.693836, 43.847201 ], [ -102.693846, 43.847287 ], [ -102.693841, 43.84731 ], [ -102.693703, 43.847918 ], [ -102.693031, 43.848896 ], [ -102.692634, 43.849181 ], [ -102.692493, 43.849309 ], [ -102.692419, 43.849381 ], [ -102.692002, 43.849706 ], [ -102.691439, 43.849977 ], [ -102.69133, 43.85002 ], [ -102.689309, 43.851094 ], [ -102.688187, 43.851552 ], [ -102.688077, 43.851597 ], [ -102.687445, 43.851826 ], [ -102.687161, 43.852077 ], [ -102.686782, 43.852603 ], [ -102.686655, 43.85354 ], [ -102.686918, 43.853958 ], [ -102.686971, 43.854043 ], [ -102.687192, 43.855415 ], [ -102.687191, 43.855599 ], [ -102.687633, 43.855597 ], [ -102.689581, 43.855586 ], [ -102.693582, 43.855565 ], [ -102.696024, 43.855553 ], [ -102.696145, 43.855552 ], [ -102.698096, 43.855552 ], [ -102.698215, 43.855552 ], [ -102.705904, 43.855551 ], [ -102.706015, 43.855551 ], [ -102.706039, 43.855551 ], [ -102.707178, 43.855551 ], [ -102.707259, 43.855551 ], [ -102.707368, 43.855551 ], [ -102.708714, 43.855551 ], [ -102.708822, 43.855551 ], [ -102.708947, 43.855551 ], [ -102.709232, 43.855551 ], [ -102.709363, 43.855551 ], [ -102.70947, 43.855551 ], [ -102.710396, 43.855551 ], [ -102.710464, 43.855551 ], [ -102.71057, 43.85555 ], [ -102.71114, 43.855586 ], [ -102.711245, 43.855592 ], [ -102.711715, 43.855593 ], [ -102.71192, 43.855594 ], [ -102.712024, 43.855593 ], [ -102.735459, 43.855632 ], [ -102.73554, 43.855632 ], [ -102.735675, 43.855632 ], [ -102.750453, 43.855676 ], [ -102.78958, 43.855868 ], [ -102.789605, 43.855868 ], [ -102.791987, 43.855879 ], [ -102.79201, 43.855878 ], [ -102.805705, 43.855946 ], [ -102.805843, 43.855946 ], [ -102.815637, 43.855996 ], [ -102.815701, 43.855996 ], [ -102.81754, 43.856006 ], [ -102.8383, 43.856128 ], [ -102.838324, 43.856128 ], [ -102.838463, 43.856129 ], [ -102.853992, 43.85622 ], [ -102.854041, 43.85622 ], [ -102.859066, 43.856269 ], [ -102.859111, 43.85627 ], [ -102.861745, 43.856282 ], [ -102.861786, 43.856282 ], [ -102.86835, 43.856313 ], [ -102.868508, 43.856313 ], [ -102.868539, 43.856313 ], [ -102.875456, 43.856249 ], [ -102.886487, 43.856294 ], [ -102.886704, 43.856295 ], [ -102.891454, 43.856314 ], [ -102.89375, 43.856323 ], [ -102.894761, 43.856327 ], [ -102.894886, 43.856327 ], [ -102.898851, 43.856344 ], [ -102.898864, 43.856344 ], [ -102.898977, 43.856344 ], [ -102.906565, 43.856376 ], [ -102.906583, 43.856376 ], [ -102.913418, 43.856405 ], [ -102.913453, 43.856405 ], [ -102.913547, 43.856406 ], [ -102.918998, 43.856429 ], [ -102.919041, 43.856428 ], [ -102.924995, 43.856455 ], [ -102.925047, 43.856455 ], [ -102.925067, 43.856455 ], [ -102.933362, 43.856494 ], [ -102.933469, 43.856494 ], [ -102.933533, 43.856494 ], [ -102.939131, 43.856519 ], [ -102.940267, 43.856525 ], [ -102.940341, 43.856525 ], [ -102.940632, 43.856524 ], [ -102.943816, 43.856516 ], [ -102.943895, 43.856516 ], [ -102.944023, 43.856517 ], [ -102.952476, 43.856568 ], [ -102.952568, 43.856569 ], [ -102.952685, 43.85657 ], [ -102.958906, 43.856609 ], [ -102.959007, 43.85661 ], [ -102.960108, 43.85661 ], [ -102.960211, 43.85661 ], [ -102.960605, 43.85661 ], [ -102.962445, 43.856611 ], [ -102.962553, 43.85661 ], [ -102.962941, 43.856611 ], [ -102.973314, 43.856617 ], [ -102.973437, 43.856617 ], [ -102.973751, 43.856617 ], [ -102.975868, 43.856618 ], [ -102.975994, 43.856618 ], [ -102.976387, 43.856619 ], [ -102.979044, 43.856622 ], [ -102.979175, 43.856622 ], [ -102.979324, 43.856623 ], [ -102.983832, 43.856624 ], [ -102.988457, 43.856626 ], [ -102.988602, 43.856626 ], [ -102.995111, 43.856629 ], [ -102.995265, 43.856629 ], [ -102.995606, 43.856624 ], [ -103.000458, 43.856541 ], [ -103.002936, 43.856555 ], [ -103.003039, 43.856556 ], [ -103.003102, 43.856556 ], [ -103.004208, 43.856561 ], [ -103.005446, 43.856567 ], [ -103.005494, 43.856567 ], [ -103.005663, 43.856568 ], [ -103.006756, 43.856574 ], [ -103.006911, 43.856575 ], [ -103.00693, 43.856575 ], [ -103.016733, 43.856629 ], [ -103.01675, 43.856624 ], [ -103.016935, 43.85663 ], [ -103.027759, 43.856689 ], [ -103.041269, 43.856689 ], [ -103.043653, 43.856698 ], [ -103.051673, 43.856692 ], [ -103.05176, 43.856692 ], [ -103.051998, 43.856692 ], [ -103.05626, 43.856689 ], [ -103.078523, 43.856744 ], [ -103.079348, 43.856746 ], [ -103.07963, 43.856747 ], [ -103.096561, 43.856789 ], [ -103.099009, 43.856784 ], [ -103.125462, 43.856739 ], [ -103.135593, 43.85673 ], [ -103.135954, 43.85673 ], [ -103.136512, 43.856729 ], [ -103.136531, 43.856729 ], [ -103.136875, 43.856729 ], [ -103.158714, 43.856709 ], [ -103.159109, 43.856709 ], [ -103.165566, 43.856703 ], [ -103.165971, 43.856703 ], [ -103.166797, 43.856702 ], [ -103.174431, 43.856696 ], [ -103.182263, 43.856689 ], [ -103.183246, 43.856686 ], [ -103.183677, 43.856685 ], [ -103.183823, 43.856684 ], [ -103.184178, 43.856683 ], [ -103.184255, 43.856683 ], [ -103.190617, 43.856666 ], [ -103.191059, 43.856665 ], [ -103.191268, 43.856664 ], [ -103.199046, 43.856643 ], [ -103.199469, 43.856642 ], [ -103.199501, 43.856642 ], [ -103.205393, 43.856626 ], [ -103.20912, 43.856616 ], [ -103.214911, 43.856602 ], [ -103.215184, 43.856601 ], [ -103.216214, 43.856598 ], [ -103.217532, 43.856594 ], [ -103.218381, 43.856592 ], [ -103.218395, 43.856592 ], [ -103.218585, 43.856591 ], [ -103.219064, 43.85659 ], [ -103.219217, 43.85659 ], [ -103.219363, 43.85659 ], [ -103.219379, 43.85659 ], [ -103.221426, 43.85659 ], [ -103.221447, 43.85659 ], [ -103.221744, 43.85659 ], [ -103.237304, 43.85659 ], [ -103.237791, 43.85659 ], [ -103.237852, 43.85659 ], [ -103.250465, 43.85659 ], [ -103.26889, 43.856476 ], [ -103.268953, 43.856476 ], [ -103.269091, 43.856475 ], [ -103.271782, 43.856459 ], [ -103.271926, 43.856458 ], [ -103.272867, 43.856452 ], [ -103.273014, 43.856451 ], [ -103.279055, 43.856414 ], [ -103.279216, 43.856413 ], [ -103.283571, 43.856386 ], [ -103.288764, 43.856365 ], [ -103.288957, 43.856364 ], [ -103.289195, 43.856362 ], [ -103.289237, 43.856362 ], [ -103.289393, 43.856361 ], [ -103.291644, 43.856345 ], [ -103.297976, 43.856299 ], [ -103.29819, 43.856297 ], [ -103.299366, 43.856289 ], [ -103.300508, 43.856292 ], [ -103.300547, 43.856292 ], [ -103.300948, 43.856293 ], [ -103.30117, 43.856294 ], [ -103.301793, 43.856295 ], [ -103.302015, 43.856296 ], [ -103.302606, 43.856297 ], [ -103.304307, 43.856301 ], [ -103.308789, 43.856313 ], [ -103.308902, 43.856313 ], [ -103.309129, 43.856314 ], [ -103.312121, 43.856321 ], [ -103.31235, 43.856321 ], [ -103.32513, 43.856337 ], [ -103.325157, 43.856337 ], [ -103.325369, 43.856338 ], [ -103.338047, 43.856387 ], [ -103.33827, 43.856388 ], [ -103.338408, 43.856389 ], [ -103.338467, 43.856389 ], [ -103.338523, 43.856389 ], [ -103.347886, 43.856452 ], [ -103.370312, 43.856603 ], [ -103.370582, 43.856605 ], [ -103.371055, 43.856608 ], [ -103.375467, 43.856638 ], [ -103.379689, 43.856627 ], [ -103.379915, 43.856626 ], [ -103.380192, 43.856625 ], [ -103.391518, 43.856579 ], [ -103.391539, 43.856579 ], [ -103.391803, 43.856578 ], [ -103.406074, 43.85654 ], [ -103.406369, 43.856539 ], [ -103.408279, 43.856534 ], [ -103.412919, 43.856521 ], [ -103.417424, 43.856509 ], [ -103.41748, 43.856509 ], [ -103.418192, 43.856507 ], [ -103.418495, 43.856506 ], [ -103.42243, 43.856495 ], [ -103.422977, 43.856494 ], [ -103.423413, 43.856493 ], [ -103.423448, 43.856493 ], [ -103.428415, 43.856479 ], [ -103.428663, 43.856478 ], [ -103.428912, 43.856477 ], [ -103.428966, 43.856477 ], [ -103.433174, 43.856466 ], [ -103.433304, 43.856465 ], [ -103.433374, 43.856465 ], [ -103.436342, 43.856457 ], [ -103.436538, 43.856457 ], [ -103.436857, 43.856456 ], [ -103.437087, 43.856456 ], [ -103.437282, 43.856455 ], [ -103.437497, 43.856454 ], [ -103.442834, 43.85644 ], [ -103.443022, 43.856439 ], [ -103.475895, 43.856352 ], [ -103.476043, 43.856352 ], [ -103.476235, 43.856351 ], [ -103.485845, 43.856325 ], [ -103.486331, 43.856324 ], [ -103.486467, 43.856324 ], [ -103.486808, 43.856323 ], [ -103.486943, 43.856322 ], [ -103.487216, 43.85632 ], [ -103.487931, 43.856318 ], [ -103.488064, 43.856318 ], [ -103.489769, 43.856315 ], [ -103.4899, 43.856314 ], [ -103.500469, 43.856285 ], [ -103.517827, 43.856181 ], [ -103.518309, 43.856178 ], [ -103.520395, 43.856166 ], [ -103.520489, 43.856165 ], [ -103.526093, 43.856124 ], [ -103.52766, 43.856115 ], [ -103.532689, 43.856085 ], [ -103.532769, 43.856085 ], [ -103.533259, 43.856083 ], [ -103.533856, 43.85608 ], [ -103.552715, 43.855967 ], [ -103.55277, 43.855967 ], [ -103.552807, 43.855967 ], [ -103.554217, 43.855958 ], [ -103.55427, 43.855958 ], [ -103.575954, 43.855829 ], [ -103.576243, 43.855827 ], [ -103.57627, 43.855827 ], [ -103.578112, 43.855816 ], [ -103.578168, 43.855816 ], [ -103.597593, 43.855699 ], [ -103.597873, 43.855698 ], [ -103.603977, 43.855662 ], [ -103.607051, 43.855644 ], [ -103.609497, 43.855625 ], [ -103.609514, 43.855629 ], [ -103.625329, 43.855534 ], [ -103.625362, 43.855534 ], [ -103.625472, 43.855533 ], [ -103.630425, 43.855518 ], [ -103.631183, 43.855503 ], [ -103.631221, 43.855503 ], [ -103.631862, 43.855499 ], [ -103.631903, 43.855499 ], [ -103.631995, 43.855498 ], [ -103.676025, 43.855268 ], [ -103.676065, 43.855268 ], [ -103.686069, 43.855216 ], [ -103.686115, 43.855216 ], [ -103.686155, 43.855216 ], [ -103.6941, 43.855175 ], [ -103.694225, 43.855174 ], [ -103.694265, 43.855174 ], [ -103.738445, 43.854942 ], [ -103.738485, 43.854942 ], [ -103.740082, 43.854933 ], [ -103.74011, 43.854933 ], [ -103.74015, 43.854933 ], [ -103.745348, 43.854906 ], [ -103.745388, 43.854906 ], [ -103.750474, 43.85488 ], [ -103.756126, 43.854878 ], [ -103.756166, 43.854878 ], [ -103.75995, 43.854872 ], [ -103.75999, 43.854872 ], [ -103.760027, 43.854872 ], [ -103.760081, 43.854872 ], [ -103.760121, 43.854872 ], [ -103.767655, 43.854859 ], [ -103.767732, 43.854859 ], [ -103.767763, 43.854859 ], [ -103.778982, 43.85484 ], [ -103.779012, 43.85484 ], [ -103.780017, 43.854842 ], [ -103.780046, 43.854842 ], [ -103.780754, 43.854841 ], [ -103.781545, 43.854839 ], [ -103.781572, 43.854839 ], [ -103.783842, 43.854835 ], [ -103.785759, 43.854832 ], [ -103.79704, 43.854813 ], [ -103.797053, 43.854813 ], [ -103.797251, 43.854812 ], [ -103.797392, 43.854812 ], [ -103.81535, 43.854782 ], [ -103.815714, 43.854781 ], [ -103.816743, 43.854779 ], [ -103.816964, 43.854779 ], [ -103.834555, 43.854748 ], [ -103.834578, 43.854748 ], [ -103.841556, 43.854736 ], [ -103.841585, 43.854736 ], [ -103.862507, 43.854701 ], [ -103.862556, 43.854701 ], [ -103.863207, 43.854699 ], [ -103.863393, 43.854699 ], [ -103.863443, 43.854699 ], [ -103.87548, 43.854679 ], [ -103.906739, 43.854442 ], [ -103.906829, 43.854441 ], [ -103.906891, 43.854441 ], [ -103.916797, 43.854365 ], [ -103.916897, 43.854364 ], [ -103.917186, 43.854362 ], [ -103.917397, 43.854361 ], [ -103.917424, 43.854361 ], [ -103.919773, 43.854341 ], [ -103.919875, 43.85434 ], [ -103.920175, 43.854342 ], [ -103.920444, 43.854343 ], [ -103.920467, 43.854343 ], [ -103.92057, 43.854343 ], [ -103.943602, 43.854166 ], [ -103.943727, 43.854165 ], [ -103.943985, 43.854162 ], [ -103.953906, 43.854086 ], [ -103.954041, 43.854085 ], [ -103.954315, 43.854082 ], [ -103.981495, 43.853874 ], [ -103.981655, 43.853873 ], [ -103.981812, 43.853872 ], [ -103.99828, 43.853744 ], [ -104.000215, 43.853729 ], [ -104.000485, 43.853728 ], [ -104.001258, 43.853724 ], [ -104.022087, 43.853628 ], [ -104.022285, 43.853627 ], [ -104.023798, 43.85362 ], [ -104.02401, 43.853619 ], [ -104.02421, 43.853618 ], [ -104.039244, 43.85355 ], [ -104.039462, 43.853549 ], [ -104.041235, 43.853541 ], [ -104.051853, 43.853492 ], [ -104.051929, 43.853491 ], [ -104.055487, 43.853476 ], [ -104.055485, 43.853697 ], [ -104.055483, 43.854361 ], [ -104.055483, 43.854385 ], [ -104.055482, 43.854583 ], [ -104.055474, 43.855977 ], [ -104.055462, 43.858049 ], [ -104.055451, 43.860161 ], [ -104.055444, 43.861556 ], [ -104.055425, 43.864822 ], [ -104.055419, 43.865817 ], [ -104.055372, 43.87462 ], [ -104.055371, 43.874978 ], [ -104.055346, 43.877806 ], [ -104.055345, 43.877886 ], [ -104.055343, 43.878021 ], [ -104.05534, 43.878429 ], [ -104.05534, 43.878565 ], [ -104.055338, 43.878747 ], [ -104.055335, 43.879415 ], [ -104.055326, 43.881965 ], [ -104.055323, 43.882816 ], [ -104.055322, 43.883199 ], [ -104.055321, 43.883319 ], [ -104.055316, 43.884831 ], [ -104.055315, 43.885335 ], [ -104.055303, 43.887438 ], [ -104.05529, 43.889872 ], [ -104.055269, 43.89375 ], [ -104.05526, 43.895517 ], [ -104.055258, 43.895854 ], [ -104.05525, 43.897351 ], [ -104.05524, 43.899164 ], [ -104.055227, 43.901671 ], [ -104.055215, 43.903906 ], [ -104.055186, 43.909093 ], [ -104.055173, 43.911583 ], [ -104.055169, 43.912404 ], [ -104.055157, 43.914417 ], [ -104.055125, 43.920457 ], [ -104.055115, 43.922471 ], [ -104.055112, 43.92293 ], [ -104.055105, 43.924233 ], [ -104.055103, 43.924527 ], [ -104.055088, 43.927352 ], [ -104.055046, 43.935163 ], [ -104.055026, 43.935492 ], [ -104.055077, 43.936535 ], [ -104.055102, 43.937054 ], [ -104.055002, 43.937658 ], [ -104.054934, 43.938067 ], [ -104.054867, 43.938102 ], [ -104.054745, 43.938167 ], [ -104.054978, 43.942909 ], [ -104.054981, 43.943487 ], [ -104.054981, 43.943521 ], [ -104.054968, 43.946855 ], [ -104.054946, 43.952762 ], [ -104.054912, 43.958955 ], [ -104.054876, 43.965627 ], [ -104.054876, 43.965701 ], [ -104.054871, 43.966453 ], [ -104.054859, 43.968709 ], [ -104.054855, 43.969462 ], [ -104.054851, 43.970046 ], [ -104.054842, 43.971802 ], [ -104.054839, 43.972387 ], [ -104.054832, 43.973625 ], [ -104.05483, 43.973874 ], [ -104.054806, 43.978335 ], [ -104.054799, 43.979735 ], [ -104.054799, 43.979823 ], [ -104.054794, 43.980639 ], [ -104.05478, 43.98309 ], [ -104.054776, 43.983907 ], [ -104.05477, 43.98494 ], [ -104.054753, 43.988039 ], [ -104.054749, 43.988805 ], [ -104.054747, 43.989072 ], [ -104.05474, 43.990249 ], [ -104.054721, 43.993783 ], [ -104.054717, 43.994696 ], [ -104.054716, 43.994961 ], [ -104.054699, 43.997839 ], [ -104.054692, 43.99922 ], [ -104.054688, 43.999929 ], [ -104.054688, 43.999979 ], [ -104.054683, 44.002879 ], [ -104.054678, 44.005916 ], [ -104.054677, 44.006476 ], [ -104.054673, 44.009205 ], [ -104.054673, 44.009356 ], [ -104.054671, 44.010187 ], [ -104.054667, 44.012682 ], [ -104.054666, 44.013414 ], [ -104.054666, 44.013514 ], [ -104.054663, 44.014875 ], [ -104.054657, 44.018959 ], [ -104.054655, 44.020321 ], [ -104.054657, 44.021951 ], [ -104.054665, 44.026843 ], [ -104.054668, 44.028474 ], [ -104.054668, 44.02873 ], [ -104.054666, 44.03111 ], [ -104.054665, 44.031167 ], [ -104.054661, 44.037635 ], [ -104.054659, 44.039249 ], [ -104.054658, 44.041943 ], [ -104.054658, 44.042249 ], [ -104.054656, 44.043596 ], [ -104.054654, 44.046912 ], [ -104.054652, 44.048557 ], [ -104.054652, 44.050131 ], [ -104.054652, 44.050211 ], [ -104.054652, 44.050368 ], [ -104.054651, 44.051608 ], [ -104.054648, 44.055799 ], [ -104.054647, 44.057197 ], [ -104.054645, 44.058822 ], [ -104.054642, 44.063697 ], [ -104.054641, 44.065323 ], [ -104.054639, 44.067931 ], [ -104.054637, 44.070803 ], [ -104.05463, 44.081065 ], [ -104.05463, 44.081267 ], [ -104.05463, 44.081558 ], [ -104.054627, 44.084888 ], [ -104.054626, 44.086745 ], [ -104.054623, 44.091329 ], [ -104.05462, 44.094878 ], [ -104.054618, 44.098025 ], [ -104.054618, 44.098209 ], [ -104.054614, 44.100754 ], [ -104.054613, 44.103239 ], [ -104.054609, 44.108393 ], [ -104.054608, 44.110529 ], [ -104.054609, 44.110941 ], [ -104.054606, 44.111383 ], [ -104.054606, 44.112718 ], [ -104.054607, 44.113165 ], [ -104.054607, 44.113355 ], [ -104.054607, 44.113498 ], [ -104.054606, 44.113927 ], [ -104.054606, 44.114118 ], [ -104.054606, 44.114289 ], [ -104.054605, 44.114974 ], [ -104.054603, 44.117544 ], [ -104.054603, 44.118401 ], [ -104.054603, 44.118892 ], [ -104.054603, 44.119019 ], [ -104.054602, 44.119251 ], [ -104.054602, 44.120179 ], [ -104.054601, 44.121801 ], [ -104.054601, 44.12196 ], [ -104.054601, 44.122652 ], [ -104.0546, 44.123716 ], [ -104.054599, 44.124981 ], [ -104.054597, 44.126911 ], [ -104.054597, 44.127977 ], [ -104.054595, 44.13032 ], [ -104.05459, 44.137352 ], [ -104.054589, 44.139581 ], [ -104.054589, 44.139697 ], [ -104.054588, 44.139882 ], [ -104.054588, 44.140441 ], [ -104.054588, 44.140627 ], [ -104.054588, 44.140717 ], [ -104.054588, 44.14099 ], [ -104.054588, 44.141081 ], [ -104.053668, 44.14108 ], [ -104.048891, 44.14108 ], [ -104.04773, 44.141075 ], [ -104.036206, 44.141064 ], [ -104.025653, 44.141054 ], [ -104.022736, 44.141051 ], [ -104.012242, 44.141042 ], [ -104.011754, 44.141042 ], [ -104.000486, 44.141031 ], [ -103.980154, 44.14114 ], [ -103.979583, 44.141139 ], [ -103.962129, 44.141116 ], [ -103.961538, 44.141113 ], [ -103.935541, 44.14108 ], [ -103.934648, 44.141078 ], [ -103.928948, 44.14107 ], [ -103.924458, 44.141064 ], [ -103.923979, 44.141063 ], [ -103.923325, 44.141062 ], [ -103.904386, 44.141038 ], [ -103.904267, 44.141037 ], [ -103.903906, 44.141036 ], [ -103.903628, 44.141036 ], [ -103.896219, 44.141026 ], [ -103.881112, 44.141043 ], [ -103.87548, 44.141002 ], [ -103.862348, 44.140968 ], [ -103.853421, 44.140966 ], [ -103.851359, 44.140964 ], [ -103.849951, 44.14094 ], [ -103.849846, 44.140938 ], [ -103.801713, 44.140941 ], [ -103.801504, 44.140941 ], [ -103.798713, 44.140964 ], [ -103.778116, 44.140942 ], [ -103.77798, 44.140941 ], [ -103.777161, 44.140985 ], [ -103.76642, 44.140987 ], [ -103.766118, 44.140991 ], [ -103.755071, 44.140959 ], [ -103.750475, 44.140945 ], [ -103.742808, 44.140967 ], [ -103.742581, 44.140967 ], [ -103.742316, 44.140966 ], [ -103.727962, 44.140932 ], [ -103.727668, 44.140931 ], [ -103.726205, 44.140913 ], [ -103.72585, 44.140918 ], [ -103.725375, 44.140923 ], [ -103.725312, 44.140924 ], [ -103.717005, 44.140904 ], [ -103.70185, 44.140869 ], [ -103.701736, 44.140869 ], [ -103.701438, 44.140868 ], [ -103.701167, 44.140867 ], [ -103.680902, 44.140818 ], [ -103.680861, 44.140818 ], [ -103.677844, 44.140812 ], [ -103.663907, 44.140785 ], [ -103.663811, 44.140785 ], [ -103.654288, 44.140759 ], [ -103.654189, 44.14076 ], [ -103.631644, 44.140703 ], [ -103.631611, 44.140703 ], [ -103.62705, 44.140691 ], [ -103.62547, 44.140688 ], [ -103.611141, 44.140665 ], [ -103.610765, 44.140664 ], [ -103.605942, 44.140665 ], [ -103.602343, 44.140666 ], [ -103.600642, 44.140667 ], [ -103.595512, 44.14067 ], [ -103.594741, 44.140671 ], [ -103.592954, 44.140668 ], [ -103.592865, 44.140668 ], [ -103.591928, 44.14067 ], [ -103.591739, 44.14067 ], [ -103.590453, 44.14067 ], [ -103.59038, 44.14067 ], [ -103.589517, 44.14067 ], [ -103.589462, 44.14067 ], [ -103.583101, 44.140672 ], [ -103.579673, 44.140673 ], [ -103.579228, 44.140673 ], [ -103.573765, 44.140675 ], [ -103.56961, 44.140677 ], [ -103.569572, 44.140676 ], [ -103.568551, 44.140676 ], [ -103.568469, 44.140676 ], [ -103.568451, 44.140676 ], [ -103.565097, 44.140628 ], [ -103.565014, 44.140629 ], [ -103.547815, 44.140648 ], [ -103.524108, 44.140676 ], [ -103.523901, 44.140676 ], [ -103.500467, 44.140703 ], [ -103.499588, 44.140698 ], [ -103.497167, 44.140686 ], [ -103.495928, 44.140681 ], [ -103.495728, 44.14068 ], [ -103.49342, 44.140667 ], [ -103.4928, 44.140665 ], [ -103.47426, 44.140575 ], [ -103.470441, 44.14061 ], [ -103.469209, 44.140621 ], [ -103.46343, 44.140673 ], [ -103.461763, 44.140688 ], [ -103.452453, 44.140772 ], [ -103.45237, 44.140773 ], [ -103.450295, 44.140791 ], [ -103.450254, 44.140791 ], [ -103.449007, 44.140747 ], [ -103.448984, 44.140746 ], [ -103.440879, 44.140767 ], [ -103.440729, 44.140768 ], [ -103.440484, 44.140768 ], [ -103.440299, 44.140767 ], [ -103.434643, 44.140742 ], [ -103.434454, 44.140742 ], [ -103.432773, 44.140735 ], [ -103.415647, 44.140743 ], [ -103.415474, 44.140743 ], [ -103.412497, 44.140738 ], [ -103.398576, 44.140709 ], [ -103.396778, 44.140696 ], [ -103.392575, 44.140686 ], [ -103.381385, 44.140645 ], [ -103.381326, 44.140646 ], [ -103.375553, 44.140758 ], [ -103.375463, 44.14076 ], [ -103.373166, 44.140876 ], [ -103.372702, 44.140876 ], [ -103.370565, 44.140878 ], [ -103.368493, 44.140879 ], [ -103.359908, 44.140883 ], [ -103.350998, 44.140889 ], [ -103.332064, 44.140866 ], [ -103.311677, 44.140843 ], [ -103.309246, 44.14078 ], [ -103.308987, 44.140789 ], [ -103.308762, 44.140788 ], [ -103.30798, 44.14079 ], [ -103.303681, 44.140848 ], [ -103.303639, 44.140848 ], [ -103.303593, 44.140847 ], [ -103.303116, 44.14084 ], [ -103.303082, 44.140836 ], [ -103.302462, 44.140788 ], [ -103.301597, 44.140808 ], [ -103.301531, 44.140809 ], [ -103.300979, 44.140809 ], [ -103.300088, 44.140828 ], [ -103.29967, 44.14083 ], [ -103.299082, 44.140841 ], [ -103.299026, 44.140837 ], [ -103.298472, 44.140845 ], [ -103.298149, 44.14085 ], [ -103.297841, 44.140854 ], [ -103.296439, 44.14087 ], [ -103.295767, 44.140879 ], [ -103.295384, 44.140879 ], [ -103.276161, 44.140888 ], [ -103.274561, 44.140979 ], [ -103.274506, 44.140989 ], [ -103.274275, 44.140992 ], [ -103.271971, 44.141015 ], [ -103.25046, 44.141026 ], [ -103.25046, 44.140936 ], [ -103.235401, 44.140924 ], [ -103.235201, 44.140924 ], [ -103.231748, 44.140874 ], [ -103.229756, 44.140868 ], [ -103.21832, 44.140873 ], [ -103.211635, 44.140869 ], [ -103.211513, 44.140868 ], [ -103.206079, 44.140846 ], [ -103.206057, 44.140846 ], [ -103.201938, 44.140841 ], [ -103.191736, 44.140795 ], [ -103.191629, 44.140795 ], [ -103.175429, 44.140803 ], [ -103.175212, 44.140804 ], [ -103.171441, 44.140807 ], [ -103.171294, 44.140807 ], [ -103.167713, 44.140811 ], [ -103.167663, 44.140811 ], [ -103.166178, 44.140813 ], [ -103.152858, 44.14079 ], [ -103.152765, 44.14079 ], [ -103.151254, 44.140796 ], [ -103.145978, 44.140782 ], [ -103.143099, 44.140779 ], [ -103.143056, 44.140779 ], [ -103.142677, 44.140779 ], [ -103.14167, 44.140779 ], [ -103.141393, 44.140779 ], [ -103.141375, 44.140779 ], [ -103.132546, 44.140779 ], [ -103.132526, 44.140779 ], [ -103.131081, 44.140786 ], [ -103.125545, 44.140783 ], [ -103.121318, 44.140792 ], [ -103.116923, 44.140805 ], [ -103.11577, 44.140809 ], [ -103.115687, 44.140809 ], [ -103.114162, 44.140809 ], [ -103.110768, 44.14081 ], [ -103.110644, 44.14081 ], [ -103.103909, 44.140812 ], [ -103.099115, 44.140814 ], [ -103.09822, 44.140814 ], [ -103.097278, 44.140814 ], [ -103.090921, 44.140817 ], [ -103.087605, 44.140811 ], [ -103.087012, 44.14081 ], [ -103.085838, 44.140808 ], [ -103.084806, 44.140806 ], [ -103.084722, 44.140806 ], [ -103.083807, 44.140803 ], [ -103.083743, 44.140802 ], [ -103.081926, 44.140755 ], [ -103.081749, 44.14075 ], [ -103.080434, 44.14075 ], [ -103.08034, 44.140751 ], [ -103.078286, 44.140753 ], [ -103.078193, 44.140753 ], [ -103.077051, 44.140754 ], [ -103.075012, 44.140756 ], [ -103.074972, 44.140756 ], [ -103.070978, 44.140759 ], [ -103.070776, 44.14076 ], [ -103.070658, 44.14076 ], [ -103.068563, 44.140762 ], [ -103.067003, 44.14077 ], [ -103.066987, 44.140769 ], [ -103.066929, 44.140763 ], [ -103.06659, 44.140763 ], [ -103.066068, 44.140762 ], [ -103.064236, 44.140765 ], [ -103.063764, 44.140766 ], [ -103.063555, 44.140766 ], [ -103.062886, 44.140768 ], [ -103.060683, 44.140761 ], [ -103.060353, 44.14076 ], [ -103.060056, 44.140759 ], [ -103.059501, 44.140757 ], [ -103.058967, 44.140755 ], [ -103.058465, 44.140752 ], [ -103.057477, 44.140748 ], [ -103.05681, 44.140745 ], [ -103.056496, 44.140744 ], [ -103.056354, 44.140743 ], [ -103.055617, 44.14074 ], [ -103.055159, 44.140737 ], [ -103.052982, 44.140728 ], [ -103.052567, 44.140727 ], [ -103.051853, 44.140724 ], [ -103.050701, 44.140715 ], [ -103.050557, 44.140714 ], [ -103.050183, 44.140713 ], [ -103.049163, 44.140714 ], [ -103.044094, 44.140719 ], [ -103.043978, 44.140719 ], [ -103.037954, 44.140726 ], [ -103.030373, 44.140735 ] ] ] } },
{ "type": "Feature", "properties": { "STATEFP": "46", "COUNTYFP": "019", "COUNTYNS": "01265793", "GEOID": "46019", "GEOIDFQ": "0500000US46019", "NAME": "Butte", "NAMELSAD": "Butte County", "LSAD": "06", "CLASSFP": "H1", "MTFCC": "G4020", "CSAFP": null, "CBSAFP": null, "METDIVFP": null, "FUNCSTAT": "A", "ALAND": 5827498564, "AWATER": 42750488, "INTPTLAT": "+44.8962264", "INTPTLON": "-103.5014361" }, "geometry": { "type": "Polygon", "coordinates": [ [ [ -102.958714, 44.777269 ], [ -102.958714, 44.777244 ], [ -102.958713, 44.777179 ], [ -102.958713, 44.776912 ], [ -102.958713, 44.776824 ], [ -102.958713, 44.776687 ], [ -102.958716, 44.77116 ], [ -102.958728, 44.754171 ], [ -102.958732, 44.749987 ], [ -102.958752, 44.748509 ], [ -102.958754, 44.748365 ], [ -102.958748, 44.745198 ], [ -102.95873, 44.735265 ], [ -102.958724, 44.731955 ], [ -102.958724, 44.731936 ], [ -102.958724, 44.731881 ], [ -102.958724, 44.731863 ], [ -102.958722, 44.731017 ], [ -102.958716, 44.728479 ], [ -102.958715, 44.727634 ], [ -102.958715, 44.727577 ], [ -102.958715, 44.727409 ], [ -102.958715, 44.727353 ], [ -102.958696, 44.723596 ], [ -102.958642, 44.712326 ], [ -102.958626, 44.708837 ], [ -102.958626, 44.708657 ], [ -102.958627, 44.70857 ], [ -102.958629, 44.708552 ], [ -102.958627, 44.708508 ], [ -102.958627, 44.708493 ], [ -102.958627, 44.708221 ], [ -102.95863, 44.707405 ], [ -102.958632, 44.707134 ], [ -102.958632, 44.707081 ], [ -102.958632, 44.706924 ], [ -102.958632, 44.706872 ], [ -102.958636, 44.70593 ], [ -102.95865, 44.703103 ], [ -102.958655, 44.702162 ], [ -102.958655, 44.702142 ], [ -102.958655, 44.702084 ], [ -102.958656, 44.702065 ], [ -102.958655, 44.700964 ], [ -102.958655, 44.697661 ], [ -102.958655, 44.696561 ], [ -102.958655, 44.6965 ], [ -102.958656, 44.696375 ], [ -102.958655, 44.696319 ], [ -102.958655, 44.696259 ], [ -102.958651, 44.692854 ], [ -102.95865, 44.690617 ], [ -102.963646, 44.690613 ], [ -102.963661, 44.687631 ], [ -102.963679, 44.684227 ], [ -102.963679, 44.684207 ], [ -102.963679, 44.68415 ], [ -102.963679, 44.684131 ], [ -102.963704, 44.680784 ], [ -102.963731, 44.67739 ], [ -102.963744, 44.675712 ], [ -102.963782, 44.670743 ], [ -102.963808, 44.667396 ], [ -102.963808, 44.667312 ], [ -102.96381, 44.667062 ], [ -102.963812, 44.666979 ], [ -102.963831, 44.662486 ], [ -102.96389, 44.64901 ], [ -102.963911, 44.644518 ], [ -102.963911, 44.644432 ], [ -102.963911, 44.644282 ], [ -102.963911, 44.644176 ], [ -102.963912, 44.644091 ], [ -102.963918, 44.640976 ], [ -102.963921, 44.639935 ], [ -102.963938, 44.631632 ], [ -102.963945, 44.628518 ], [ -102.963945, 44.628478 ], [ -102.963945, 44.628358 ], [ -102.963946, 44.628319 ], [ -102.963985, 44.625773 ], [ -102.963998, 44.624987 ], [ -102.964053, 44.618137 ], [ -102.964074, 44.615592 ], [ -102.964074, 44.615582 ], [ -102.964074, 44.615552 ], [ -102.964075, 44.615543 ], [ -102.964097, 44.613551 ], [ -102.964165, 44.607578 ], [ -102.964176, 44.606634 ], [ -102.964188, 44.605587 ], [ -102.964188, 44.605569 ], [ -102.964188, 44.605517 ], [ -102.964189, 44.6055 ], [ -102.964125, 44.604287 ], [ -102.964849, 44.604277 ], [ -102.970666, 44.604199 ], [ -102.972605, 44.604174 ], [ -102.972624, 44.604173 ], [ -102.97268, 44.604173 ], [ -102.9727, 44.604173 ], [ -102.973448, 44.604195 ], [ -102.975692, 44.604264 ], [ -102.976379, 44.604286 ], [ -102.976441, 44.604286 ], [ -102.976483, 44.604286 ], [ -102.97661, 44.604286 ], [ -102.976653, 44.604287 ], [ -102.97885, 44.604298 ], [ -102.98134, 44.60431 ], [ -102.98615, 44.604335 ], [ -102.995404, 44.604381 ], [ -103.000093, 44.604405 ], [ -103.000165, 44.604405 ], [ -103.00038, 44.604406 ], [ -103.000453, 44.604407 ], [ -103.001615, 44.60441 ], [ -103.005104, 44.604419 ], [ -103.00611, 44.604422 ], [ -103.006267, 44.604422 ], [ -103.006303, 44.604422 ], [ -103.006381, 44.604422 ], [ -103.006413, 44.604422 ], [ -103.00645, 44.604423 ], [ -103.013543, 44.604441 ], [ -103.02445, 44.604471 ], [ -103.034822, 44.604498 ], [ -103.037579, 44.604506 ], [ -103.041915, 44.604518 ], [ -103.041969, 44.604518 ], [ -103.042131, 44.604518 ], [ -103.042186, 44.604519 ], [ -103.043124, 44.604529 ], [ -103.04594, 44.604562 ], [ -103.046879, 44.604573 ], [ -103.04692, 44.604573 ], [ -103.047043, 44.604575 ], [ -103.047084, 44.604576 ], [ -103.049692, 44.604579 ], [ -103.057516, 44.604591 ], [ -103.060125, 44.604595 ], [ -103.060258, 44.604595 ], [ -103.060298, 44.604596 ], [ -103.061595, 44.604597 ], [ -103.066005, 44.604604 ], [ -103.067476, 44.604607 ], [ -103.067524, 44.604607 ], [ -103.067669, 44.604607 ], [ -103.067718, 44.604608 ], [ -103.068255, 44.604608 ], [ -103.069867, 44.604611 ], [ -103.070201, 44.604612 ], [ -103.070405, 44.604612 ], [ -103.070418, 44.604612 ], [ -103.070439, 44.604612 ], [ -103.070459, 44.604612 ], [ -103.070473, 44.604613 ], [ -103.07395, 44.604616 ], [ -103.084384, 44.604626 ], [ -103.087567, 44.60463 ], [ -103.087862, 44.604631 ], [ -103.087896, 44.604631 ], [ -103.087998, 44.604631 ], [ -103.088032, 44.604631 ], [ -103.099087, 44.604643 ], [ -103.101405, 44.604645 ], [ -103.103372, 44.604647 ], [ -103.110084, 44.604654 ], [ -103.125456, 44.60467 ], [ -103.132233, 44.604658 ], [ -103.143284, 44.60464 ], [ -103.143355, 44.60464 ], [ -103.143571, 44.60464 ], [ -103.143643, 44.60464 ], [ -103.147368, 44.604633 ], [ -103.158546, 44.604616 ], [ -103.161855, 44.604611 ], [ -103.162272, 44.604611 ], [ -103.162383, 44.60461 ], [ -103.162719, 44.60461 ], [ -103.162831, 44.60461 ], [ -103.16543, 44.604605 ], [ -103.173228, 44.604594 ], [ -103.175828, 44.60459 ], [ -103.175879, 44.604589 ], [ -103.176033, 44.604589 ], [ -103.176085, 44.604589 ], [ -103.17621, 44.604592 ], [ -103.176588, 44.604603 ], [ -103.176714, 44.604607 ], [ -103.176894, 44.604612 ], [ -103.177434, 44.604627 ], [ -103.177614, 44.604633 ], [ -103.178972, 44.604631 ], [ -103.183049, 44.604629 ], [ -103.184408, 44.604628 ], [ -103.18458, 44.604628 ], [ -103.185096, 44.604628 ], [ -103.185269, 44.604628 ], [ -103.185298, 44.604627 ], [ -103.188328, 44.604625 ], [ -103.197507, 44.604619 ], [ -103.200567, 44.604617 ], [ -103.200627, 44.604617 ], [ -103.20081, 44.604617 ], [ -103.200871, 44.604617 ], [ -103.205574, 44.604613 ], [ -103.219687, 44.604604 ], [ -103.221687, 44.604602 ], [ -103.224391, 44.604601 ], [ -103.224425, 44.604601 ], [ -103.224527, 44.604601 ], [ -103.224561, 44.604601 ], [ -103.224611, 44.6046 ], [ -103.225872, 44.604599 ], [ -103.227504, 44.604598 ], [ -103.236333, 44.604592 ], [ -103.239277, 44.604591 ], [ -103.239393, 44.604591 ], [ -103.239743, 44.604591 ], [ -103.23986, 44.604591 ], [ -103.239917, 44.60459 ], [ -103.240201, 44.60459 ], [ -103.241225, 44.60459 ], [ -103.241431, 44.60459 ], [ -103.241567, 44.60459 ], [ -103.241613, 44.60459 ], [ -103.241707, 44.60459 ], [ -103.241751, 44.60459 ], [ -103.241798, 44.60459 ], [ -103.242623, 44.604589 ], [ -103.2451, 44.604587 ], [ -103.245926, 44.604587 ], [ -103.246036, 44.604587 ], [ -103.246366, 44.604587 ], [ -103.246476, 44.604587 ], [ -103.246929, 44.604586 ], [ -103.248288, 44.604586 ], [ -103.248742, 44.604586 ], [ -103.248809, 44.604586 ], [ -103.24901, 44.604586 ], [ -103.249077, 44.604586 ], [ -103.249138, 44.604594 ], [ -103.249582, 44.604656 ], [ -103.250461, 44.604779 ], [ -103.251101, 44.604702 ], [ -103.251609, 44.604642 ], [ -103.251807, 44.604619 ], [ -103.251832, 44.604615 ], [ -103.2525, 44.604524 ], [ -103.252723, 44.604494 ], [ -103.252941, 44.604464 ], [ -103.253595, 44.604375 ], [ -103.253814, 44.604346 ], [ -103.253849, 44.604341 ], [ -103.253954, 44.604326 ], [ -103.25399, 44.604322 ], [ -103.25408, 44.60431 ], [ -103.254267, 44.604286 ], [ -103.254351, 44.604287 ], [ -103.254442, 44.60429 ], [ -103.254545, 44.604292 ], [ -103.254853, 44.604299 ], [ -103.256086, 44.604327 ], [ -103.256497, 44.604337 ], [ -103.256586, 44.604339 ], [ -103.256855, 44.604345 ], [ -103.256945, 44.604347 ], [ -103.257006, 44.604343 ], [ -103.25719, 44.604331 ], [ -103.257252, 44.604328 ], [ -103.25727, 44.604327 ], [ -103.257326, 44.604323 ], [ -103.257345, 44.604323 ], [ -103.257362, 44.604322 ], [ -103.257415, 44.604318 ], [ -103.257433, 44.604318 ], [ -103.258079, 44.60428 ], [ -103.258887, 44.604288 ], [ -103.263252, 44.604336 ], [ -103.264671, 44.604352 ], [ -103.264707, 44.60436 ], [ -103.264738, 44.604368 ], [ -103.264828, 44.604391 ], [ -103.264866, 44.604394 ], [ -103.264954, 44.604401 ], [ -103.265119, 44.604414 ], [ -103.265266, 44.604425 ], [ -103.265367, 44.604434 ], [ -103.265559, 44.604449 ], [ -103.26598, 44.604484 ], [ -103.266034, 44.604489 ], [ -103.266136, 44.604489 ], [ -103.26633, 44.604489 ], [ -103.268147, 44.604506 ], [ -103.268864, 44.604509 ], [ -103.282756, 44.604458 ], [ -103.282784, 44.604458 ], [ -103.282871, 44.604458 ], [ -103.2829, 44.604458 ], [ -103.283339, 44.604456 ], [ -103.28367, 44.604454 ], [ -103.285981, 44.604447 ], [ -103.286315, 44.604446 ], [ -103.286752, 44.604451 ], [ -103.286783, 44.604499 ], [ -103.286876, 44.604645 ], [ -103.286907, 44.604694 ], [ -103.287037, 44.604698 ], [ -103.287319, 44.604698 ], [ -103.287883, 44.604702 ], [ -103.287905, 44.604701 ], [ -103.288024, 44.604699 ], [ -103.288165, 44.604702 ], [ -103.288308, 44.604699 ], [ -103.288731, 44.604706 ], [ -103.288871, 44.604703 ], [ -103.289438, 44.604707 ], [ -103.28972, 44.604707 ], [ -103.290145, 44.604713 ], [ -103.290428, 44.604708 ], [ -103.290848, 44.604706 ], [ -103.290902, 44.604706 ], [ -103.291125, 44.60471 ], [ -103.291265, 44.604707 ], [ -103.291409, 44.604692 ], [ -103.291518, 44.60463 ], [ -103.29155, 44.604532 ], [ -103.291561, 44.604433 ], [ -103.291563, 44.604269 ], [ -103.294611, 44.604301 ], [ -103.303757, 44.604397 ], [ -103.306806, 44.604429 ], [ -103.307362, 44.604428 ], [ -103.309033, 44.604427 ], [ -103.30959, 44.604427 ], [ -103.309796, 44.604427 ], [ -103.312913, 44.604447 ], [ -103.322884, 44.604511 ], [ -103.326208, 44.604533 ], [ -103.326908, 44.604533 ], [ -103.327004, 44.604532 ], [ -103.327964, 44.604532 ], [ -103.32806, 44.604531 ], [ -103.328086, 44.604531 ], [ -103.328924, 44.604531 ], [ -103.329019, 44.60453 ], [ -103.329883, 44.60453 ], [ -103.329979, 44.604529 ], [ -103.330843, 44.604529 ], [ -103.330939, 44.604528 ], [ -103.331899, 44.604528 ], [ -103.331995, 44.604527 ], [ -103.332763, 44.604527 ], [ -103.332859, 44.604526 ], [ -103.333723, 44.604526 ], [ -103.333819, 44.604525 ], [ -103.334683, 44.604525 ], [ -103.334779, 44.604524 ], [ -103.335603, 44.604524 ], [ -103.335643, 44.604524 ], [ -103.335738, 44.604523 ], [ -103.336506, 44.604523 ], [ -103.336603, 44.604522 ], [ -103.337467, 44.604522 ], [ -103.337562, 44.604521 ], [ -103.33778, 44.604521 ], [ -103.338426, 44.604521 ], [ -103.338522, 44.60452 ], [ -103.33929, 44.60452 ], [ -103.339386, 44.604519 ], [ -103.340154, 44.604519 ], [ -103.34025, 44.604518 ], [ -103.341114, 44.604518 ], [ -103.34121, 44.604517 ], [ -103.341978, 44.604517 ], [ -103.342074, 44.604516 ], [ -103.342842, 44.604516 ], [ -103.342938, 44.604515 ], [ -103.343706, 44.604515 ], [ -103.343802, 44.604514 ], [ -103.344311, 44.604514 ], [ -103.344666, 44.604514 ], [ -103.344762, 44.604513 ], [ -103.345433, 44.604513 ], [ -103.345529, 44.604512 ], [ -103.346297, 44.604512 ], [ -103.346393, 44.604511 ], [ -103.346489, 44.604511 ], [ -103.349002, 44.604512 ], [ -103.356544, 44.604516 ], [ -103.358971, 44.604518 ], [ -103.359058, 44.604518 ], [ -103.359173, 44.604519 ], [ -103.360608, 44.604521 ], [ -103.365261, 44.60453 ], [ -103.366813, 44.604533 ], [ -103.366914, 44.604534 ], [ -103.367659, 44.604534 ], [ -103.370199, 44.604535 ], [ -103.371046, 44.604536 ], [ -103.371139, 44.604537 ], [ -103.373405, 44.604539 ], [ -103.375464, 44.604541 ], [ -103.380482, 44.604557 ], [ -103.382841, 44.604565 ], [ -103.382923, 44.604565 ], [ -103.382995, 44.604566 ], [ -103.383689, 44.604568 ], [ -103.384523, 44.604571 ], [ -103.386234, 44.604577 ], [ -103.386674, 44.604579 ], [ -103.387005, 44.604819 ], [ -103.387111, 44.604801 ], [ -103.387526, 44.604798 ], [ -103.38784, 44.604802 ], [ -103.388652, 44.604814 ], [ -103.388793, 44.604811 ], [ -103.388934, 44.604813 ], [ -103.389075, 44.60481 ], [ -103.389639, 44.604814 ], [ -103.38978, 44.604811 ], [ -103.390205, 44.604813 ], [ -103.390347, 44.60481 ], [ -103.390489, 44.604812 ], [ -103.390768, 44.604807 ], [ -103.390907, 44.604809 ], [ -103.391189, 44.604804 ], [ -103.391262, 44.604805 ], [ -103.391327, 44.604806 ], [ -103.391481, 44.604808 ], [ -103.391554, 44.60481 ], [ -103.391612, 44.604809 ], [ -103.391785, 44.604809 ], [ -103.391844, 44.604809 ], [ -103.392174, 44.604808 ], [ -103.393164, 44.604806 ], [ -103.39322, 44.604806 ], [ -103.393495, 44.604805 ], [ -103.39429, 44.604803 ], [ -103.396675, 44.604798 ], [ -103.397126, 44.604798 ], [ -103.397362, 44.604794 ], [ -103.39747, 44.604792 ], [ -103.397767, 44.604787 ], [ -103.397812, 44.604787 ], [ -103.398838, 44.604787 ], [ -103.398893, 44.604787 ], [ -103.399181, 44.604792 ], [ -103.399464, 44.604795 ], [ -103.399642, 44.604797 ], [ -103.400056, 44.604807 ], [ -103.400314, 44.604819 ], [ -103.400328, 44.60482 ], [ -103.400597, 44.604843 ], [ -103.40061, 44.604844 ], [ -103.40065, 44.604847 ], [ -103.400664, 44.604849 ], [ -103.400692, 44.604851 ], [ -103.400757, 44.604862 ], [ -103.400781, 44.604866 ], [ -103.400975, 44.604904 ], [ -103.401094, 44.604934 ], [ -103.401116, 44.60494 ], [ -103.401299, 44.604988 ], [ -103.401417, 44.605004 ], [ -103.401568, 44.605002 ], [ -103.401672, 44.604983 ], [ -103.40203, 44.604865 ], [ -103.402044, 44.604861 ], [ -103.402158, 44.604835 ], [ -103.402346, 44.604807 ], [ -103.402453, 44.604789 ], [ -103.402495, 44.604783 ], [ -103.402777, 44.604773 ], [ -103.402886, 44.604775 ], [ -103.403625, 44.604785 ], [ -103.403667, 44.604785 ], [ -103.403908, 44.604785 ], [ -103.40419, 44.604789 ], [ -103.404333, 44.604786 ], [ -103.404755, 44.604788 ], [ -103.404894, 44.604785 ], [ -103.405035, 44.604787 ], [ -103.405174, 44.604784 ], [ -103.405596, 44.604786 ], [ -103.405735, 44.604783 ], [ -103.405877, 44.604785 ], [ -103.40601, 44.604782 ], [ -103.406159, 44.60478 ], [ -103.406298, 44.604782 ], [ -103.406579, 44.604777 ], [ -103.406792, 44.604783 ], [ -103.406907, 44.604782 ], [ -103.407142, 44.604782 ], [ -103.407254, 44.604782 ], [ -103.40737, 44.604782 ], [ -103.408043, 44.604779 ], [ -103.408119, 44.604779 ], [ -103.408392, 44.604779 ], [ -103.408815, 44.604776 ], [ -103.409094, 44.60478 ], [ -103.409235, 44.604777 ], [ -103.409657, 44.604783 ], [ -103.409795, 44.60478 ], [ -103.410356, 44.604788 ], [ -103.410918, 44.604792 ], [ -103.411116, 44.604791 ], [ -103.411199, 44.604791 ], [ -103.411463, 44.604794 ], [ -103.41155, 44.604796 ], [ -103.411624, 44.604797 ], [ -103.411758, 44.604799 ], [ -103.411848, 44.604801 ], [ -103.411923, 44.604804 ], [ -103.411972, 44.604805 ], [ -103.412036, 44.604807 ], [ -103.41212, 44.604816 ], [ -103.41217, 44.604822 ], [ -103.412359, 44.604823 ], [ -103.412736, 44.604827 ], [ -103.412929, 44.604828 ], [ -103.41312, 44.60483 ], [ -103.41417, 44.604822 ], [ -103.417323, 44.604801 ], [ -103.418194, 44.604796 ], [ -103.418374, 44.60479 ], [ -103.418398, 44.60479 ], [ -103.418434, 44.604789 ], [ -103.41851, 44.60479 ], [ -103.418716, 44.604793 ], [ -103.41874, 44.604793 ], [ -103.418817, 44.604795 ], [ -103.419084, 44.6048 ], [ -103.419134, 44.604802 ], [ -103.419415, 44.604815 ], [ -103.419835, 44.60482 ], [ -103.419888, 44.604818 ], [ -103.420116, 44.60481 ], [ -103.420156, 44.604809 ], [ -103.420227, 44.604804 ], [ -103.420275, 44.604801 ], [ -103.420339, 44.604801 ], [ -103.420442, 44.604801 ], [ -103.420514, 44.604802 ], [ -103.421353, 44.604807 ], [ -103.421899, 44.604809 ], [ -103.422505, 44.604813 ], [ -103.42329, 44.60482 ], [ -103.424424, 44.604805 ], [ -103.425127, 44.604804 ], [ -103.426054, 44.604808 ], [ -103.426248, 44.60481 ], [ -103.426287, 44.604809 ], [ -103.427439, 44.604797 ], [ -103.428255, 44.604798 ], [ -103.42853, 44.604793 ], [ -103.42873, 44.604795 ], [ -103.428936, 44.604799 ], [ -103.429545, 44.604794 ], [ -103.429656, 44.604794 ], [ -103.430808, 44.604797 ], [ -103.431448, 44.604792 ], [ -103.4326, 44.604782 ], [ -103.43337, 44.604774 ], [ -103.433592, 44.604774 ], [ -103.433653, 44.604775 ], [ -103.433765, 44.604778 ], [ -103.433894, 44.604784 ], [ -103.434375, 44.604611 ], [ -103.434726, 44.604608 ], [ -103.437312, 44.604593 ], [ -103.43754, 44.604592 ], [ -103.438175, 44.604588 ], [ -103.438379, 44.604587 ], [ -103.438884, 44.604584 ], [ -103.439401, 44.604581 ], [ -103.439514, 44.60458 ], [ -103.441495, 44.604569 ], [ -103.441549, 44.604569 ], [ -103.443534, 44.604569 ], [ -103.44371, 44.604569 ], [ -103.443966, 44.604569 ], [ -103.444874, 44.604569 ], [ -103.444958, 44.604569 ], [ -103.444986, 44.604569 ], [ -103.445024, 44.604569 ], [ -103.446975, 44.60462 ], [ -103.446992, 44.604653 ], [ -103.447043, 44.604755 ], [ -103.447061, 44.604789 ], [ -103.447193, 44.604788 ], [ -103.44754, 44.604787 ], [ -103.449843, 44.604775 ], [ -103.449926, 44.604774 ], [ -103.450996, 44.604768 ], [ -103.452147, 44.604762 ], [ -103.452634, 44.60476 ], [ -103.453299, 44.604756 ], [ -103.458523, 44.604728 ], [ -103.46021, 44.60472 ], [ -103.461362, 44.604713 ], [ -103.461396, 44.604713 ], [ -103.461427, 44.604713 ], [ -103.46145, 44.604712 ], [ -103.461523, 44.604712 ], [ -103.461547, 44.604712 ], [ -103.461644, 44.604704 ], [ -103.461939, 44.604682 ], [ -103.462037, 44.604675 ], [ -103.462514, 44.604673 ], [ -103.463053, 44.60467 ], [ -103.465969, 44.604655 ], [ -103.466104, 44.604658 ], [ -103.467121, 44.604682 ], [ -103.467139, 44.60464 ], [ -103.467165, 44.604583 ], [ -103.467195, 44.604516 ], [ -103.467214, 44.604475 ], [ -103.46898, 44.604481 ], [ -103.474281, 44.6045 ], [ -103.475551, 44.604505 ], [ -103.476048, 44.604507 ], [ -103.476098, 44.604507 ], [ -103.476252, 44.604507 ], [ -103.476303, 44.604508 ], [ -103.478512, 44.604516 ], [ -103.485142, 44.60454 ], [ -103.487352, 44.604549 ], [ -103.487507, 44.60455 ], [ -103.492749, 44.604621 ], [ -103.500468, 44.604728 ], [ -103.50894, 44.604629 ], [ -103.514338, 44.604566 ], [ -103.516022, 44.60455 ], [ -103.521076, 44.604504 ], [ -103.522761, 44.604489 ], [ -103.526577, 44.60447 ], [ -103.526851, 44.604472 ], [ -103.527384, 44.604477 ], [ -103.528959, 44.604469 ], [ -103.529913, 44.60447 ], [ -103.531241, 44.604465 ], [ -103.532062, 44.60445 ], [ -103.536508, 44.60444 ], [ -103.537621, 44.604422 ], [ -103.539122, 44.604415 ], [ -103.539894, 44.604412 ], [ -103.540188, 44.604416 ], [ -103.542337, 44.604427 ], [ -103.542964, 44.604419 ], [ -103.543213, 44.604419 ], [ -103.543515, 44.6044 ], [ -103.543658, 44.604402 ], [ -103.543796, 44.604399 ], [ -103.543939, 44.604401 ], [ -103.54418, 44.604396 ], [ -103.544223, 44.604396 ], [ -103.544366, 44.604398 ], [ -103.544505, 44.604395 ], [ -103.544646, 44.604397 ], [ -103.544929, 44.604391 ], [ -103.545072, 44.604393 ], [ -103.545215, 44.60439 ], [ -103.545355, 44.604392 ], [ -103.545638, 44.604387 ], [ -103.545781, 44.604389 ], [ -103.545923, 44.604386 ], [ -103.546064, 44.604388 ], [ -103.54706, 44.604369 ], [ -103.547084, 44.604369 ], [ -103.547345, 44.604372 ], [ -103.547629, 44.604372 ], [ -103.547912, 44.604371 ], [ -103.548052, 44.604368 ], [ -103.548092, 44.604366 ], [ -103.548214, 44.604364 ], [ -103.548255, 44.604364 ], [ -103.54833, 44.604362 ], [ -103.54847, 44.604355 ], [ -103.548566, 44.604356 ], [ -103.548727, 44.604359 ], [ -103.54889, 44.604361 ], [ -103.548956, 44.60436 ], [ -103.549177, 44.604355 ], [ -103.549311, 44.604352 ], [ -103.5495, 44.604353 ], [ -103.549812, 44.604355 ], [ -103.549835, 44.604355 ], [ -103.549872, 44.604355 ], [ -103.549907, 44.604354 ], [ -103.549931, 44.604354 ], [ -103.549958, 44.604353 ], [ -103.550013, 44.604352 ], [ -103.550042, 44.604352 ], [ -103.550071, 44.604353 ], [ -103.550151, 44.604354 ], [ -103.550573, 44.604346 ], [ -103.550713, 44.604348 ], [ -103.550855, 44.604345 ], [ -103.550993, 44.604347 ], [ -103.551134, 44.604344 ], [ -103.551415, 44.604348 ], [ -103.551556, 44.604345 ], [ -103.551694, 44.604347 ], [ -103.551759, 44.604345 ], [ -103.551976, 44.604341 ], [ -103.552117, 44.604343 ], [ -103.552258, 44.60434 ], [ -103.552399, 44.604342 ], [ -103.552541, 44.604339 ], [ -103.552965, 44.60434 ], [ -103.553386, 44.604332 ], [ -103.553528, 44.604334 ], [ -103.553668, 44.604331 ], [ -103.553808, 44.604333 ], [ -103.55423, 44.604325 ], [ -103.55437, 44.604327 ], [ -103.554512, 44.604324 ], [ -103.554654, 44.604326 ], [ -103.554794, 44.604323 ], [ -103.554935, 44.604325 ], [ -103.555216, 44.604319 ], [ -103.555357, 44.604321 ], [ -103.555498, 44.604318 ], [ -103.555638, 44.60432 ], [ -103.555782, 44.604317 ], [ -103.555924, 44.604319 ], [ -103.556064, 44.604316 ], [ -103.556626, 44.604319 ], [ -103.556769, 44.604316 ], [ -103.556826, 44.604316 ], [ -103.556908, 44.604318 ], [ -103.557051, 44.604315 ], [ -103.557333, 44.604319 ], [ -103.557474, 44.604316 ], [ -103.557617, 44.604318 ], [ -103.557758, 44.604315 ], [ -103.557897, 44.604317 ], [ -103.558182, 44.604312 ], [ -103.558323, 44.604314 ], [ -103.558514, 44.604333 ], [ -103.558632, 44.60433 ], [ -103.558762, 44.604328 ], [ -103.559942, 44.604282 ], [ -103.560289, 44.604272 ], [ -103.562033, 44.604227 ], [ -103.562318, 44.604221 ], [ -103.5635, 44.604195 ], [ -103.563669, 44.604193 ], [ -103.564851, 44.604176 ], [ -103.565622, 44.604151 ], [ -103.566294, 44.604141 ], [ -103.566662, 44.604128 ], [ -103.567396, 44.604103 ], [ -103.567447, 44.604101 ], [ -103.567601, 44.604099 ], [ -103.567653, 44.604098 ], [ -103.567691, 44.604099 ], [ -103.572205, 44.604201 ], [ -103.572345, 44.604203 ], [ -103.573113, 44.604205 ], [ -103.576409, 44.604216 ], [ -103.57644, 44.604216 ], [ -103.57649, 44.604217 ], [ -103.58769, 44.604294 ], [ -103.5878, 44.604295 ], [ -103.587878, 44.604296 ], [ -103.603284, 44.60432 ], [ -103.603356, 44.60432 ], [ -103.607132, 44.604219 ], [ -103.608235, 44.604269 ], [ -103.608356, 44.604275 ], [ -103.608604, 44.604287 ], [ -103.615946, 44.604283 ], [ -103.616078, 44.604277 ], [ -103.616137, 44.604275 ], [ -103.625472, 44.604355 ], [ -103.638658, 44.604403 ], [ -103.645634, 44.604429 ], [ -103.645906, 44.60443 ], [ -103.646111, 44.60443 ], [ -103.646192, 44.60443 ], [ -103.650524, 44.604448 ], [ -103.650915, 44.60445 ], [ -103.650947, 44.60445 ], [ -103.657025, 44.604473 ], [ -103.65728, 44.604475 ], [ -103.657377, 44.604475 ], [ -103.661681, 44.604478 ], [ -103.687834, 44.604501 ], [ -103.687861, 44.604502 ], [ -103.68789, 44.604502 ], [ -103.688335, 44.604502 ], [ -103.68837, 44.604502 ], [ -103.688414, 44.604502 ], [ -103.688453, 44.604502 ], [ -103.696768, 44.604458 ], [ -103.697222, 44.604456 ], [ -103.69909, 44.604418 ], [ -103.699525, 44.60441 ], [ -103.699708, 44.604454 ], [ -103.699736, 44.604454 ], [ -103.699997, 44.604428 ], [ -103.700162, 44.604411 ], [ -103.700422, 44.604386 ], [ -103.701929, 44.604506 ], [ -103.702522, 44.604555 ], [ -103.702928, 44.604589 ], [ -103.726282, 44.604663 ], [ -103.726406, 44.604663 ], [ -103.726505, 44.604663 ], [ -103.726705, 44.604664 ], [ -103.726924, 44.604666 ], [ -103.728671, 44.604663 ], [ -103.728873, 44.604663 ], [ -103.732604, 44.604658 ], [ -103.736799, 44.604653 ], [ -103.736937, 44.604652 ], [ -103.74459, 44.604653 ], [ -103.744669, 44.604654 ], [ -103.746307, 44.604646 ], [ -103.746372, 44.604646 ], [ -103.750476, 44.60464 ], [ -103.764443, 44.604672 ], [ -103.764522, 44.604672 ], [ -103.769355, 44.604684 ], [ -103.769472, 44.604684 ], [ -103.774836, 44.604697 ], [ -103.774996, 44.604697 ], [ -103.77534, 44.604698 ], [ -103.776716, 44.604702 ], [ -103.776796, 44.604702 ], [ -103.776891, 44.604702 ], [ -103.779543, 44.604707 ], [ -103.77974, 44.604707 ], [ -103.781696, 44.604713 ], [ -103.781911, 44.604713 ], [ -103.809214, 44.604778 ], [ -103.809322, 44.604778 ], [ -103.80939, 44.604777 ], [ -103.809501, 44.604778 ], [ -103.81257, 44.604786 ], [ -103.812665, 44.604786 ], [ -103.818291, 44.6048 ], [ -103.818363, 44.604797 ], [ -103.818605, 44.604789 ], [ -103.819087, 44.604773 ], [ -103.819155, 44.604773 ], [ -103.819381, 44.604774 ], [ -103.820517, 44.604777 ], [ -103.820639, 44.604777 ], [ -103.821224, 44.604239 ], [ -103.822722, 44.603453 ], [ -103.826237, 44.602238 ], [ -103.827964, 44.601452 ], [ -103.828364, 44.601126 ], [ -103.828404, 44.600369 ], [ -103.82834, 44.600322 ], [ -103.828242, 44.600013 ], [ -103.828015, 44.599727 ], [ -103.82782, 44.599633 ], [ -103.827537, 44.599708 ], [ -103.82744, 44.599664 ], [ -103.827089, 44.599435 ], [ -103.827026, 44.599299 ], [ -103.826961, 44.599002 ], [ -103.827088, 44.59882 ], [ -103.828204, 44.598546 ], [ -103.828684, 44.598341 ], [ -103.828939, 44.598066 ], [ -103.829002, 44.597701 ], [ -103.828843, 44.597315 ], [ -103.828682, 44.597199 ], [ -103.82782, 44.597064 ], [ -103.826991, 44.596039 ], [ -103.826416, 44.595491 ], [ -103.826066, 44.595103 ], [ -103.826065, 44.594934 ], [ -103.82626, 44.594193 ], [ -103.826295, 44.593349 ], [ -103.826425, 44.593167 ], [ -103.827001, 44.592828 ], [ -103.827865, 44.592581 ], [ -103.828568, 44.592538 ], [ -103.828728, 44.592562 ], [ -103.828789, 44.592814 ], [ -103.828533, 44.593223 ], [ -103.828498, 44.59368 ], [ -103.828912, 44.593842 ], [ -103.829457, 44.593889 ], [ -103.829504, 44.593892 ], [ -103.829744, 44.593909 ], [ -103.830712, 44.593913 ], [ -103.831043, 44.593915 ], [ -103.831089, 44.593916 ], [ -103.831233, 44.593914 ], [ -103.831287, 44.593913 ], [ -103.832753, 44.593893 ], [ -103.835026, 44.594098 ], [ -103.836209, 44.594121 ], [ -103.837298, 44.593983 ], [ -103.837874, 44.593823 ], [ -103.838034, 44.593709 ], [ -103.838034, 44.59348 ], [ -103.837776, 44.593273 ], [ -103.837456, 44.593114 ], [ -103.835889, 44.592795 ], [ -103.835057, 44.59236 ], [ -103.834289, 44.592178 ], [ -103.833937, 44.592018 ], [ -103.833936, 44.591629 ], [ -103.834352, 44.591194 ], [ -103.834353, 44.59092 ], [ -103.833905, 44.590257 ], [ -103.833905, 44.589983 ], [ -103.834415, 44.589594 ], [ -103.834895, 44.589114 ], [ -103.835247, 44.589045 ], [ -103.835535, 44.589182 ], [ -103.836047, 44.589891 ], [ -103.837232, 44.590554 ], [ -103.837743, 44.590599 ], [ -103.837999, 44.590485 ], [ -103.838192, 44.590233 ], [ -103.838447, 44.58941 ], [ -103.839119, 44.589113 ], [ -103.839663, 44.588815 ], [ -103.840143, 44.588426 ], [ -103.841038, 44.587832 ], [ -103.842029, 44.58742 ], [ -103.842445, 44.587351 ], [ -103.842925, 44.587534 ], [ -103.844526, 44.58886 ], [ -103.844654, 44.588905 ], [ -103.845103, 44.589409 ], [ -103.845093, 44.589491 ], [ -103.845071, 44.589683 ], [ -103.844949, 44.589835 ], [ -103.844654, 44.590209 ], [ -103.844655, 44.590621 ], [ -103.844912, 44.590712 ], [ -103.846062, 44.59062 ], [ -103.846255, 44.590529 ], [ -103.84651, 44.590277 ], [ -103.846533, 44.590072 ], [ -103.846543, 44.590003 ], [ -103.846705, 44.589919 ], [ -103.846999, 44.589784 ], [ -103.847387, 44.5898 ], [ -103.848178, 44.590228 ], [ -103.848459, 44.590496 ], [ -103.848485, 44.591354 ], [ -103.848574, 44.591566 ], [ -103.849264, 44.592082 ], [ -103.849772, 44.592313 ], [ -103.850095, 44.592327 ], [ -103.850619, 44.592233 ], [ -103.851147, 44.59198 ], [ -103.852171, 44.592303 ], [ -103.852295, 44.592095 ], [ -103.852937, 44.591986 ], [ -103.853349, 44.591799 ], [ -103.85384, 44.591306 ], [ -103.854168, 44.590799 ], [ -103.854076, 44.590339 ], [ -103.853867, 44.59012 ], [ -103.852789, 44.590045 ], [ -103.852617, 44.589893 ], [ -103.85247, 44.589577 ], [ -103.852468, 44.58902 ], [ -103.852579, 44.588689 ], [ -103.852923, 44.588481 ], [ -103.853251, 44.588509 ], [ -103.853917, 44.588794 ], [ -103.854338, 44.588746 ], [ -103.854484, 44.588505 ], [ -103.854502, 44.588249 ], [ -103.854696, 44.587703 ], [ -103.855006, 44.587453 ], [ -103.855205, 44.587488 ], [ -103.855405, 44.587568 ], [ -103.855444, 44.588239 ], [ -103.855065, 44.588981 ], [ -103.854674, 44.589491 ], [ -103.854699, 44.589884 ], [ -103.854846, 44.590201 ], [ -103.854985, 44.590332 ], [ -103.855176, 44.590297 ], [ -103.855464, 44.590188 ], [ -103.855645, 44.589968 ], [ -103.855808, 44.589918 ], [ -103.856133, 44.589861 ], [ -103.856962, 44.589836 ], [ -103.857029, 44.589771 ], [ -103.857132, 44.589021 ], [ -103.857268, 44.588891 ], [ -103.857729, 44.588664 ], [ -103.858146, 44.588641 ], [ -103.858395, 44.588766 ], [ -103.858653, 44.589353 ], [ -103.859053, 44.589672 ], [ -103.859684, 44.589843 ], [ -103.860477, 44.589977 ], [ -103.861049, 44.589993 ], [ -103.861405, 44.590003 ], [ -103.863062, 44.589847 ], [ -103.86365, 44.589711 ], [ -103.863772, 44.589537 ], [ -103.863627, 44.589332 ], [ -103.862774, 44.589032 ], [ -103.862668, 44.588944 ], [ -103.862701, 44.588672 ], [ -103.86299, 44.588378 ], [ -103.862959, 44.588196 ], [ -103.86277, 44.587944 ], [ -103.862613, 44.587577 ], [ -103.862647, 44.587169 ], [ -103.862937, 44.586784 ], [ -103.863257, 44.586581 ], [ -103.863384, 44.586513 ], [ -103.864181, 44.586542 ], [ -103.865198, 44.586891 ], [ -103.867516, 44.587908 ], [ -103.867484, 44.588249 ], [ -103.867098, 44.588611 ], [ -103.866681, 44.588949 ], [ -103.86668, 44.589314 ], [ -103.866805, 44.589519 ], [ -103.867154, 44.589704 ], [ -103.868364, 44.589984 ], [ -103.868744, 44.590192 ], [ -103.868934, 44.590467 ], [ -103.868933, 44.590512 ], [ -103.869156, 44.590696 ], [ -103.869154, 44.590901 ], [ -103.86947, 44.591291 ], [ -103.869438, 44.591381 ], [ -103.86966, 44.59161 ], [ -103.869916, 44.591836 ], [ -103.869959, 44.591875 ], [ -103.870075, 44.591976 ], [ -103.870626, 44.592404 ], [ -103.870597, 44.592659 ], [ -103.870282, 44.593008 ], [ -103.870157, 44.593308 ], [ -103.870223, 44.593584 ], [ -103.871007, 44.594447 ], [ -103.871172, 44.594743 ], [ -103.871466, 44.595062 ], [ -103.87185, 44.595011 ], [ -103.872073, 44.594733 ], [ -103.872515, 44.594128 ], [ -103.872801, 44.593918 ], [ -103.872875, 44.593904 ], [ -103.873509, 44.593795 ], [ -103.873928, 44.593926 ], [ -103.874383, 44.59429 ], [ -103.874398, 44.594315 ], [ -103.874577, 44.594633 ], [ -103.874576, 44.595045 ], [ -103.873905, 44.595868 ], [ -103.873907, 44.596257 ], [ -103.874099, 44.59644 ], [ -103.875482, 44.596804 ], [ -103.8755, 44.596814 ], [ -103.876829, 44.597536 ], [ -103.877276, 44.59749 ], [ -103.877821, 44.597262 ], [ -103.87815, 44.597298 ], [ -103.878237, 44.597308 ], [ -103.879068, 44.597559 ], [ -103.879613, 44.597537 ], [ -103.879836, 44.5974 ], [ -103.879965, 44.59708 ], [ -103.880222, 44.59692 ], [ -103.881405, 44.597126 ], [ -103.881373, 44.597378 ], [ -103.881468, 44.597698 ], [ -103.883069, 44.597859 ], [ -103.884796, 44.598249 ], [ -103.88614, 44.598226 ], [ -103.886459, 44.598272 ], [ -103.887675, 44.598822 ], [ -103.888412, 44.598959 ], [ -103.888891, 44.598868 ], [ -103.888988, 44.598731 ], [ -103.889051, 44.598594 ], [ -103.888956, 44.598548 ], [ -103.888188, 44.598364 ], [ -103.887933, 44.598159 ], [ -103.887805, 44.59761 ], [ -103.887965, 44.597381 ], [ -103.888093, 44.59729 ], [ -103.889469, 44.59729 ], [ -103.889788, 44.597153 ], [ -103.890013, 44.596948 ], [ -103.890045, 44.596261 ], [ -103.890206, 44.595599 ], [ -103.890494, 44.595347 ], [ -103.890648, 44.595341 ], [ -103.890717, 44.595337 ], [ -103.890973, 44.595326 ], [ -103.891133, 44.595352 ], [ -103.891548, 44.595629 ], [ -103.891802, 44.595699 ], [ -103.892282, 44.595751 ], [ -103.892476, 44.59566 ], [ -103.89251, 44.595432 ], [ -103.892319, 44.595248 ], [ -103.892259, 44.594811 ], [ -103.892356, 44.594674 ], [ -103.892487, 44.594492 ], [ -103.893739, 44.594069 ], [ -103.894221, 44.59396 ], [ -103.894539, 44.5941 ], [ -103.894761, 44.594353 ], [ -103.894787, 44.59488 ], [ -103.89469, 44.594948 ], [ -103.894691, 44.595016 ], [ -103.89427, 44.595585 ], [ -103.893493, 44.596402 ], [ -103.893362, 44.596721 ], [ -103.893424, 44.596996 ], [ -103.893902, 44.597137 ], [ -103.895408, 44.597082 ], [ -103.896334, 44.597319 ], [ -103.896845, 44.597369 ], [ -103.897844, 44.596898 ], [ -103.898425, 44.596468 ], [ -103.898459, 44.596194 ], [ -103.898427, 44.596056 ], [ -103.898173, 44.595985 ], [ -103.897115, 44.595976 ], [ -103.896701, 44.595744 ], [ -103.896448, 44.595444 ], [ -103.896452, 44.595054 ], [ -103.896708, 44.594897 ], [ -103.897124, 44.594901 ], [ -103.89773, 44.595272 ], [ -103.898051, 44.595298 ], [ -103.898181, 44.595185 ], [ -103.898214, 44.594865 ], [ -103.897835, 44.594426 ], [ -103.897806, 44.594152 ], [ -103.898223, 44.594063 ], [ -103.89902, 44.594414 ], [ -103.899852, 44.594421 ], [ -103.900264, 44.594791 ], [ -103.901288, 44.594938 ], [ -103.903114, 44.594816 ], [ -103.903532, 44.594659 ], [ -103.904498, 44.593981 ], [ -103.905206, 44.59369 ], [ -103.906358, 44.593654 ], [ -103.90671, 44.59368 ], [ -103.907193, 44.593455 ], [ -103.907516, 44.593161 ], [ -103.907519, 44.592818 ], [ -103.907392, 44.592772 ], [ -103.906109, 44.592989 ], [ -103.905564, 44.592938 ], [ -103.904797, 44.592726 ], [ -103.90467, 44.592588 ], [ -103.90464, 44.592335 ], [ -103.904935, 44.591787 ], [ -103.904841, 44.591513 ], [ -103.904335, 44.590823 ], [ -103.904339, 44.590434 ], [ -103.904437, 44.590297 ], [ -103.904789, 44.590232 ], [ -103.90533, 44.590534 ], [ -103.90565, 44.590582 ], [ -103.905905, 44.590584 ], [ -103.906581, 44.590247 ], [ -103.907001, 44.589817 ], [ -103.907068, 44.589543 ], [ -103.906943, 44.589359 ], [ -103.906466, 44.588988 ], [ -103.906499, 44.588851 ], [ -103.906725, 44.588669 ], [ -103.907719, 44.588336 ], [ -103.907912, 44.588223 ], [ -103.907883, 44.587971 ], [ -103.907693, 44.587832 ], [ -103.906571, 44.587913 ], [ -103.906541, 44.587707 ], [ -103.906831, 44.587436 ], [ -103.907539, 44.587075 ], [ -103.908149, 44.586989 ], [ -103.908787, 44.587201 ], [ -103.909299, 44.587274 ], [ -103.909366, 44.586863 ], [ -103.909494, 44.586773 ], [ -103.909879, 44.586799 ], [ -103.910134, 44.586939 ], [ -103.91016, 44.587533 ], [ -103.909933, 44.587806 ], [ -103.90993, 44.588172 ], [ -103.91009, 44.588241 ], [ -103.910451, 44.588246 ], [ -103.910529, 44.588082 ], [ -103.910603, 44.588065 ], [ -103.911106, 44.587946 ], [ -103.911746, 44.587924 ], [ -103.912066, 44.588152 ], [ -103.912098, 44.588472 ], [ -103.911618, 44.588747 ], [ -103.911617, 44.589044 ], [ -103.911841, 44.589204 ], [ -103.912289, 44.589204 ], [ -103.913313, 44.588906 ], [ -103.914049, 44.588496 ], [ -103.914562, 44.588381 ], [ -103.914753, 44.588542 ], [ -103.914977, 44.589205 ], [ -103.915681, 44.589639 ], [ -103.915776, 44.589914 ], [ -103.916033, 44.590005 ], [ -103.916353, 44.589914 ], [ -103.91648, 44.589777 ], [ -103.916482, 44.589319 ], [ -103.916322, 44.589114 ], [ -103.91629, 44.588885 ], [ -103.916193, 44.588838 ], [ -103.916193, 44.588473 ], [ -103.916513, 44.588313 ], [ -103.917218, 44.588131 ], [ -103.917473, 44.588336 ], [ -103.917825, 44.588839 ], [ -103.918272, 44.589228 ], [ -103.918721, 44.589388 ], [ -103.919329, 44.589389 ], [ -103.919456, 44.589206 ], [ -103.918465, 44.588519 ], [ -103.918433, 44.588291 ], [ -103.918914, 44.587948 ], [ -103.918946, 44.587696 ], [ -103.918817, 44.587536 ], [ -103.918434, 44.587353 ], [ -103.918016, 44.587079 ], [ -103.918017, 44.586689 ], [ -103.918528, 44.58621 ], [ -103.918976, 44.585844 ], [ -103.919713, 44.585753 ], [ -103.919936, 44.585662 ], [ -103.919969, 44.585432 ], [ -103.919904, 44.585272 ], [ -103.919426, 44.584907 ], [ -103.919425, 44.584494 ], [ -103.919873, 44.584221 ], [ -103.920515, 44.584107 ], [ -103.920675, 44.584153 ], [ -103.920929, 44.584359 ], [ -103.921442, 44.585205 ], [ -103.922369, 44.586188 ], [ -103.922946, 44.586622 ], [ -103.923553, 44.586874 ], [ -103.92381, 44.58692 ], [ -103.924002, 44.586828 ], [ -103.924642, 44.58621 ], [ -103.925408, 44.585823 ], [ -103.925472, 44.585662 ], [ -103.925185, 44.585502 ], [ -103.924801, 44.585365 ], [ -103.924544, 44.585205 ], [ -103.924578, 44.585044 ], [ -103.92496, 44.584862 ], [ -103.926048, 44.584771 ], [ -103.926592, 44.584657 ], [ -103.927169, 44.584405 ], [ -103.927296, 44.584199 ], [ -103.927328, 44.583994 ], [ -103.927104, 44.583719 ], [ -103.927104, 44.583422 ], [ -103.927521, 44.583193 ], [ -103.928193, 44.583148 ], [ -103.928897, 44.583696 ], [ -103.929569, 44.583971 ], [ -103.929793, 44.584199 ], [ -103.930271, 44.584543 ], [ -103.930591, 44.585 ], [ -103.930879, 44.585206 ], [ -103.930999, 44.585197 ], [ -103.931166, 44.585286 ], [ -103.931166, 44.585182 ], [ -103.931423, 44.58507 ], [ -103.931554, 44.584749 ], [ -103.931589, 44.584291 ], [ -103.931494, 44.584108 ], [ -103.931144, 44.583854 ], [ -103.930088, 44.583503 ], [ -103.930058, 44.583297 ], [ -103.930541, 44.583002 ], [ -103.931567, 44.582825 ], [ -103.931853, 44.583011 ], [ -103.931914, 44.583561 ], [ -103.932105, 44.583722 ], [ -103.932299, 44.583701 ], [ -103.932974, 44.58343 ], [ -103.933232, 44.583157 ], [ -103.933459, 44.582745 ], [ -103.933493, 44.582288 ], [ -103.933399, 44.582127 ], [ -103.93324, 44.581989 ], [ -103.931893, 44.581956 ], [ -103.931894, 44.581637 ], [ -103.932571, 44.581091 ], [ -103.932607, 44.580702 ], [ -103.932498, 44.5804 ], [ -103.932447, 44.580262 ], [ -103.932581, 44.580029 ], [ -103.933044, 44.579682 ], [ -103.933931, 44.579386 ], [ -103.934523, 44.579369 ], [ -103.936092, 44.579759 ], [ -103.936646, 44.58014 ], [ -103.937166, 44.58066 ], [ -103.93746, 44.580758 ], [ -103.937789, 44.580573 ], [ -103.93779, 44.580456 ], [ -103.938122, 44.580178 ], [ -103.938482, 44.580181 ], [ -103.938739, 44.580676 ], [ -103.939098, 44.580891 ], [ -103.939816, 44.581179 ], [ -103.939977, 44.581343 ], [ -103.940073, 44.581743 ], [ -103.939971, 44.58207 ], [ -103.939932, 44.582562 ], [ -103.940194, 44.582729 ], [ -103.940488, 44.582731 ], [ -103.941347, 44.582155 ], [ -103.941973, 44.581901 ], [ -103.942829, 44.581466 ], [ -103.943858, 44.58055 ], [ -103.943968, 44.580447 ], [ -103.944137, 44.580289 ], [ -103.945236, 44.579671 ], [ -103.945487, 44.579466 ], [ -103.945484, 44.579217 ], [ -103.945452, 44.579105 ], [ -103.945418, 44.578791 ], [ -103.946421, 44.578217 ], [ -103.947268, 44.577647 ], [ -103.94777, 44.577484 ], [ -103.94831, 44.57766 ], [ -103.948437, 44.577817 ], [ -103.948438, 44.578042 ], [ -103.948065, 44.578496 ], [ -103.947971, 44.578722 ], [ -103.947944, 44.579286 ], [ -103.947852, 44.579467 ], [ -103.946687, 44.579748 ], [ -103.946278, 44.579865 ], [ -103.94625, 44.580067 ], [ -103.946408, 44.580134 ], [ -103.947542, 44.580101 ], [ -103.948958, 44.579773 ], [ -103.949744, 44.579519 ], [ -103.949964, 44.579314 ], [ -103.95015, 44.579086 ], [ -103.950433, 44.578859 ], [ -103.951088, 44.578659 ], [ -103.952038, 44.578371 ], [ -103.953828, 44.577589 ], [ -103.954835, 44.577422 ], [ -103.95512, 44.57751 ], [ -103.955436, 44.577754 ], [ -103.955408, 44.57807 ], [ -103.955096, 44.578298 ], [ -103.9539, 44.578692 ], [ -103.953492, 44.578899 ], [ -103.953495, 44.579146 ], [ -103.953716, 44.579213 ], [ -103.954316, 44.57923 ], [ -103.95564, 44.579105 ], [ -103.956677, 44.578916 ], [ -103.956864, 44.578667 ], [ -103.957141, 44.577897 ], [ -103.957424, 44.577603 ], [ -103.957801, 44.577553 ], [ -103.95815, 44.577753 ], [ -103.959007, 44.578488 ], [ -103.959419, 44.578666 ], [ -103.959672, 44.578664 ], [ -103.959797, 44.578617 ], [ -103.959761, 44.577942 ], [ -103.959666, 44.577898 ], [ -103.959664, 44.577808 ], [ -103.959536, 44.577561 ], [ -103.959532, 44.577267 ], [ -103.959657, 44.577176 ], [ -103.959973, 44.577174 ], [ -103.960229, 44.577396 ], [ -103.960765, 44.577662 ], [ -103.96123, 44.577695 ], [ -103.961624, 44.577726 ], [ -103.962456, 44.577773 ], [ -103.963289, 44.577567 ], [ -103.963513, 44.577704 ], [ -103.963673, 44.578161 ], [ -103.9638, 44.57823 ], [ -103.9638, 44.578367 ], [ -103.964153, 44.57871 ], [ -103.965411, 44.57917 ], [ -103.965745, 44.579291 ], [ -103.966192, 44.579457 ], [ -103.966244, 44.579476 ], [ -103.966518, 44.57957 ], [ -103.967095, 44.579964 ], [ -103.967548, 44.580562 ], [ -103.967461, 44.580879 ], [ -103.967091, 44.581315 ], [ -103.967161, 44.581674 ], [ -103.96745, 44.581871 ], [ -103.967954, 44.581837 ], [ -103.96834, 44.581657 ], [ -103.968368, 44.58165 ], [ -103.968487, 44.581671 ], [ -103.969097, 44.581107 ], [ -103.96913, 44.580834 ], [ -103.968812, 44.580649 ], [ -103.968433, 44.580281 ], [ -103.968404, 44.579755 ], [ -103.968564, 44.579644 ], [ -103.968948, 44.579442 ], [ -103.969684, 44.579378 ], [ -103.970351, 44.579497 ], [ -103.970734, 44.579523 ], [ -103.970958, 44.579434 ], [ -103.97096, 44.57916 ], [ -103.970769, 44.579044 ], [ -103.970808, 44.578223 ], [ -103.970682, 44.578087 ], [ -103.969599, 44.577737 ], [ -103.969409, 44.577576 ], [ -103.96941, 44.57737 ], [ -103.969699, 44.577144 ], [ -103.970082, 44.577102 ], [ -103.97094, 44.577449 ], [ -103.972151, 44.577595 ], [ -103.972852, 44.57776 ], [ -103.973043, 44.577944 ], [ -103.972914, 44.578125 ], [ -103.972912, 44.578216 ], [ -103.97256, 44.578511 ], [ -103.97259, 44.578715 ], [ -103.972812, 44.578922 ], [ -103.97281, 44.579082 ], [ -103.972074, 44.579624 ], [ -103.972073, 44.579691 ], [ -103.971976, 44.579759 ], [ -103.972038, 44.580101 ], [ -103.972324, 44.580309 ], [ -103.972642, 44.580312 ], [ -103.973634, 44.580068 ], [ -103.975166, 44.579828 ], [ -103.976314, 44.579837 ], [ -103.976663, 44.579953 ], [ -103.97663, 44.580136 ], [ -103.975989, 44.580519 ], [ -103.975924, 44.580768 ], [ -103.976115, 44.580861 ], [ -103.976434, 44.580864 ], [ -103.977073, 44.580708 ], [ -103.977617, 44.580416 ], [ -103.977907, 44.579985 ], [ -103.97791, 44.57972 ], [ -103.97791, 44.579621 ], [ -103.97807, 44.579574 ], [ -103.978069, 44.579483 ], [ -103.978325, 44.579232 ], [ -103.979029, 44.579049 ], [ -103.979284, 44.579093 ], [ -103.979541, 44.579208 ], [ -103.979509, 44.579414 ], [ -103.979093, 44.579871 ], [ -103.979125, 44.580191 ], [ -103.97935, 44.580397 ], [ -103.979287, 44.580672 ], [ -103.978583, 44.580992 ], [ -103.978518, 44.581129 ], [ -103.978487, 44.581312 ], [ -103.978934, 44.581495 ], [ -103.97973, 44.581632 ], [ -103.979863, 44.581652 ], [ -103.980154, 44.581602 ], [ -103.98083, 44.581431 ], [ -103.980987, 44.58122 ], [ -103.981045, 44.580665 ], [ -103.981462, 44.580451 ], [ -103.982527, 44.580343 ], [ -103.983072, 44.580012 ], [ -103.984131, 44.579558 ], [ -103.984226, 44.579442 ], [ -103.984019, 44.57852 ], [ -103.98376, 44.578502 ], [ -103.983342, 44.578693 ], [ -103.982763, 44.578815 ], [ -103.982631, 44.578771 ], [ -103.98269, 44.57824 ], [ -103.982333, 44.578198 ], [ -103.982299, 44.577944 ], [ -103.98265, 44.577732 ], [ -103.984225, 44.577178 ], [ -103.985382, 44.576654 ], [ -103.986083, 44.576111 ], [ -103.986632, 44.575988 ], [ -103.986795, 44.576148 ], [ -103.986767, 44.576379 ], [ -103.986672, 44.576542 ], [ -103.986609, 44.576636 ], [ -103.986609, 44.576682 ], [ -103.986421, 44.576984 ], [ -103.986421, 44.577054 ], [ -103.986295, 44.577216 ], [ -103.986328, 44.577285 ], [ -103.986231, 44.577357 ], [ -103.986203, 44.577658 ], [ -103.98666, 44.577905 ], [ -103.987208, 44.577897 ], [ -103.987305, 44.57785 ], [ -103.987335, 44.577734 ], [ -103.987267, 44.577387 ], [ -103.987359, 44.577109 ], [ -103.987519, 44.57706 ], [ -103.987974, 44.577124 ], [ -103.988396, 44.577326 ], [ -103.988437, 44.577741 ], [ -103.988308, 44.577882 ], [ -103.988247, 44.578183 ], [ -103.988412, 44.578295 ], [ -103.989043, 44.578052 ], [ -103.989152, 44.578013 ], [ -103.989351, 44.577944 ], [ -103.989481, 44.578064 ], [ -103.989729, 44.578749 ], [ -103.989891, 44.578799 ], [ -103.990152, 44.578828 ], [ -103.990422, 44.578576 ], [ -103.991186, 44.57812 ], [ -103.991287, 44.577959 ], [ -103.991294, 44.577701 ], [ -103.991164, 44.577581 ], [ -103.990382, 44.577307 ], [ -103.98983, 44.576969 ], [ -103.98961, 44.57647 ], [ -103.98919, 44.576134 ], [ -103.989225, 44.57604 ], [ -103.989292, 44.575948 ], [ -103.989719, 44.57591 ], [ -103.990437, 44.576184 ], [ -103.992497, 44.576482 ], [ -103.992886, 44.576678 ], [ -103.993368, 44.577273 ], [ -103.993819, 44.577681 ], [ -103.994275, 44.577924 ], [ -103.994668, 44.57798 ], [ -103.994969, 44.577564 ], [ -103.995702, 44.577085 ], [ -103.996195, 44.576978 ], [ -103.996325, 44.577052 ], [ -103.996256, 44.577238 ], [ -103.995821, 44.577629 ], [ -103.995817, 44.577981 ], [ -103.996826, 44.578282 ], [ -103.997185, 44.578312 ], [ -103.997517, 44.578202 ], [ -103.998698, 44.578202 ], [ -103.998995, 44.578139 ], [ -103.999231, 44.577836 ], [ -103.999605, 44.577188 ], [ -103.999676, 44.576886 ], [ -103.999883, 44.576421 ], [ -104.000055, 44.575908 ], [ -104.00007, 44.575803 ], [ -104.000058, 44.575734 ], [ -103.999935, 44.575001 ], [ -104.00008, 44.574814 ], [ -104.000392, 44.574611 ], [ -104.000487, 44.57458 ], [ -104.000487, 44.574105 ], [ -104.000488, 44.574032 ], [ -104.00095, 44.574198 ], [ -104.001562, 44.573667 ], [ -104.002103, 44.57343 ], [ -104.002671, 44.573373 ], [ -104.00333, 44.573542 ], [ -104.003674, 44.573774 ], [ -104.004204, 44.574252 ], [ -104.004265, 44.574199 ], [ -104.004326, 44.574245 ], [ -104.004451, 44.574238 ], [ -104.004544, 44.574238 ], [ -104.00467, 44.574514 ], [ -104.005242, 44.575 ], [ -104.005882, 44.574984 ], [ -104.006206, 44.574529 ], [ -104.006657, 44.574327 ], [ -104.00688, 44.574306 ], [ -104.00749, 44.574313 ], [ -104.009249, 44.574558 ], [ -104.011007, 44.574871 ], [ -104.011615, 44.575106 ], [ -104.011645, 44.575381 ], [ -104.011352, 44.5757 ], [ -104.011416, 44.575883 ], [ -104.011542, 44.575976 ], [ -104.01164, 44.575961 ], [ -104.011639, 44.575894 ], [ -104.011713, 44.575881 ], [ -104.012057, 44.57582 ], [ -104.012314, 44.575705 ], [ -104.012571, 44.575682 ], [ -104.012916, 44.575758 ], [ -104.012989, 44.575774 ], [ -104.012943, 44.57625 ], [ -104.012938, 44.576302 ], [ -104.012925, 44.576437 ], [ -104.013051, 44.576918 ], [ -104.013154, 44.577006 ], [ -104.0132, 44.577046 ], [ -104.013341, 44.577164 ], [ -104.013824, 44.5775 ], [ -104.013797, 44.57782 ], [ -104.013703, 44.577935 ], [ -104.013228, 44.578103 ], [ -104.013006, 44.578311 ], [ -104.013044, 44.578653 ], [ -104.013918, 44.579483 ], [ -104.014301, 44.579476 ], [ -104.014839, 44.579195 ], [ -104.015128, 44.57919 ], [ -104.015418, 44.57946 ], [ -104.015553, 44.579982 ], [ -104.015877, 44.580228 ], [ -104.016229, 44.580291 ], [ -104.017054, 44.580118 ], [ -104.017405, 44.579999 ], [ -104.017466, 44.579816 ], [ -104.01743, 44.579474 ], [ -104.0173, 44.579362 ], [ -104.017232, 44.579226 ], [ -104.017103, 44.579068 ], [ -104.0171, 44.578863 ], [ -104.017225, 44.578725 ], [ -104.017255, 44.578587 ], [ -104.017384, 44.578563 ], [ -104.017477, 44.578378 ], [ -104.017471, 44.578081 ], [ -104.017213, 44.577903 ], [ -104.016476, 44.577642 ], [ -104.016502, 44.577253 ], [ -104.016912, 44.577019 ], [ -104.017618, 44.577144 ], [ -104.018164, 44.577454 ], [ -104.018535, 44.577491 ], [ -104.018579, 44.577495 ], [ -104.019986, 44.577475 ], [ -104.021035, 44.577654 ], [ -104.022433, 44.578066 ], [ -104.022842, 44.578462 ], [ -104.022865, 44.578779 ], [ -104.022867, 44.578805 ], [ -104.022745, 44.579122 ], [ -104.022703, 44.579238 ], [ -104.022453, 44.579513 ], [ -104.022489, 44.579786 ], [ -104.022781, 44.580166 ], [ -104.022942, 44.580278 ], [ -104.02304, 44.580458 ], [ -104.023167, 44.580545 ], [ -104.023364, 44.580906 ], [ -104.023784, 44.581467 ], [ -104.023946, 44.581737 ], [ -104.024174, 44.582072 ], [ -104.024977, 44.582765 ], [ -104.025265, 44.582851 ], [ -104.025749, 44.582811 ], [ -104.025905, 44.5828 ], [ -104.025928, 44.582798 ], [ -104.02596, 44.582509 ], [ -104.025835, 44.58242 ], [ -104.025774, 44.581909 ], [ -104.025899, 44.581753 ], [ -104.026304, 44.581708 ], [ -104.026678, 44.581644 ], [ -104.026802, 44.581443 ], [ -104.02671, 44.581132 ], [ -104.025653, 44.580241 ], [ -104.025654, 44.580085 ], [ -104.025592, 44.579974 ], [ -104.025684, 44.579538 ], [ -104.025686, 44.579528 ], [ -104.026823, 44.578803 ], [ -104.027403, 44.578784 ], [ -104.027626, 44.579133 ], [ -104.027458, 44.579755 ], [ -104.027361, 44.579823 ], [ -104.027228, 44.580074 ], [ -104.027322, 44.580306 ], [ -104.027644, 44.580356 ], [ -104.02787, 44.580358 ], [ -104.028096, 44.580245 ], [ -104.028457, 44.579835 ], [ -104.028525, 44.579535 ], [ -104.028622, 44.579398 ], [ -104.028834, 44.577832 ], [ -104.028932, 44.57758 ], [ -104.02903, 44.577419 ], [ -104.029227, 44.577237 ], [ -104.030036, 44.576992 ], [ -104.030747, 44.576907 ], [ -104.030906, 44.577047 ], [ -104.030902, 44.577346 ], [ -104.031127, 44.577533 ], [ -104.031092, 44.577648 ], [ -104.031316, 44.577881 ], [ -104.03228, 44.57826 ], [ -104.033051, 44.578613 ], [ -104.033434, 44.578871 ], [ -104.033624, 44.579196 ], [ -104.033524, 44.579494 ], [ -104.033393, 44.579677 ], [ -104.033262, 44.579953 ], [ -104.033196, 44.579998 ], [ -104.033127, 44.580482 ], [ -104.033255, 44.580552 ], [ -104.033286, 44.58076 ], [ -104.033765, 44.581133 ], [ -104.033958, 44.581228 ], [ -104.034377, 44.58121 ], [ -104.034638, 44.580958 ], [ -104.034746, 44.579877 ], [ -104.034976, 44.579486 ], [ -104.035595, 44.579032 ], [ -104.036049, 44.578898 ], [ -104.036403, 44.578971 ], [ -104.036659, 44.579203 ], [ -104.036651, 44.579871 ], [ -104.036939, 44.580037 ], [ -104.03739, 44.580064 ], [ -104.037973, 44.579978 ], [ -104.038362, 44.579797 ], [ -104.038914, 44.579412 ], [ -104.038917, 44.579204 ], [ -104.038852, 44.579088 ], [ -104.038051, 44.578688 ], [ -104.037859, 44.578547 ], [ -104.037828, 44.578386 ], [ -104.037834, 44.577764 ], [ -104.038191, 44.577536 ], [ -104.038644, 44.577496 ], [ -104.03964, 44.577713 ], [ -104.04019, 44.577719 ], [ -104.040547, 44.577491 ], [ -104.040677, 44.577378 ], [ -104.040713, 44.576986 ], [ -104.040298, 44.57675 ], [ -104.040139, 44.576496 ], [ -104.040108, 44.576311 ], [ -104.040207, 44.576151 ], [ -104.040695, 44.575718 ], [ -104.041343, 44.575424 ], [ -104.043508, 44.574986 ], [ -104.045643, 44.574454 ], [ -104.046223, 44.574437 ], [ -104.046576, 44.574556 ], [ -104.046768, 44.574789 ], [ -104.046799, 44.574951 ], [ -104.046863, 44.574997 ], [ -104.046925, 44.57525 ], [ -104.046824, 44.575643 ], [ -104.04685, 44.576311 ], [ -104.047365, 44.576385 ], [ -104.047591, 44.576296 ], [ -104.047722, 44.576112 ], [ -104.047853, 44.57586 ], [ -104.047887, 44.575675 ], [ -104.048052, 44.575353 ], [ -104.048279, 44.575195 ], [ -104.048797, 44.575132 ], [ -104.049053, 44.575225 ], [ -104.049212, 44.575459 ], [ -104.049272, 44.576012 ], [ -104.049074, 44.576518 ], [ -104.04907, 44.576795 ], [ -104.04923, 44.576889 ], [ -104.04952, 44.576937 ], [ -104.049779, 44.576848 ], [ -104.050072, 44.576643 ], [ -104.050276, 44.576429 ], [ -104.050327, 44.576364 ], [ -104.050481, 44.57626 ], [ -104.050485, 44.576204 ], [ -104.050513, 44.575793 ], [ -104.050352, 44.575297 ], [ -104.049941, 44.57493 ], [ -104.049788, 44.574595 ], [ -104.049867, 44.574313 ], [ -104.049959, 44.574238 ], [ -104.050373, 44.574164 ], [ -104.050808, 44.574366 ], [ -104.051088, 44.574694 ], [ -104.051553, 44.574893 ], [ -104.051746, 44.574881 ], [ -104.052028, 44.57477 ], [ -104.052088, 44.574696 ], [ -104.052051, 44.574145 ], [ -104.051876, 44.573926 ], [ -104.051682, 44.573431 ], [ -104.051737, 44.573289 ], [ -104.052132, 44.573057 ], [ -104.052203, 44.573015 ], [ -104.052311, 44.572952 ], [ -104.05236, 44.572927 ], [ -104.052614, 44.572763 ], [ -104.053121, 44.572321 ], [ -104.054804, 44.571244 ], [ -104.055311, 44.571009 ], [ -104.055388, 44.570966 ], [ -104.055442, 44.570955 ], [ -104.055943, 44.571025 ], [ -104.055939, 44.57197 ], [ -104.055929, 44.574808 ], [ -104.055926, 44.575667 ], [ -104.055926, 44.575744 ], [ -104.055926, 44.575755 ], [ -104.055925, 44.57589 ], [ -104.055925, 44.576298 ], [ -104.055925, 44.576434 ], [ -104.055924, 44.576534 ], [ -104.055924, 44.576835 ], [ -104.055924, 44.576936 ], [ -104.055923, 44.577038 ], [ -104.055922, 44.577292 ], [ -104.055918, 44.578361 ], [ -104.055918, 44.578668 ], [ -104.055923, 44.578717 ], [ -104.055926, 44.578749 ], [ -104.055944, 44.578967 ], [ -104.056009, 44.579718 ], [ -104.056015, 44.579788 ], [ -104.056016, 44.579871 ], [ -104.056017, 44.579969 ], [ -104.056022, 44.580307 ], [ -104.056037, 44.581324 ], [ -104.056041, 44.581584 ], [ -104.05604, 44.581663 ], [ -104.056034, 44.58373 ], [ -104.056016, 44.589933 ], [ -104.056012, 44.591587 ], [ -104.056004, 44.592001 ], [ -104.055962, 44.594068 ], [ -104.05584, 44.600269 ], [ -104.0558, 44.602302 ], [ -104.0558, 44.602337 ], [ -104.055778, 44.6101 ], [ -104.055749, 44.620534 ], [ -104.055737, 44.624985 ], [ -104.055755, 44.633392 ], [ -104.055766, 44.638202 ], [ -104.055773, 44.641156 ], [ -104.055774, 44.64121 ], [ -104.055774, 44.642216 ], [ -104.055777, 44.645398 ], [ -104.055778, 44.646459 ], [ -104.055778, 44.646847 ], [ -104.055784, 44.65015 ], [ -104.055806, 44.661223 ], [ -104.055807, 44.661705 ], [ -104.055813, 44.664915 ], [ -104.055813, 44.665026 ], [ -104.05583, 44.66648 ], [ -104.055886, 44.671174 ], [ -104.055904, 44.672606 ], [ -104.055904, 44.67274 ], [ -104.055905, 44.673081 ], [ -104.055909, 44.674106 ], [ -104.055911, 44.674448 ], [ -104.055911, 44.674528 ], [ -104.055913, 44.675122 ], [ -104.05592, 44.677147 ], [ -104.055923, 44.677822 ], [ -104.055925, 44.678127 ], [ -104.055926, 44.678602 ], [ -104.055934, 44.680943 ], [ -104.055937, 44.681724 ], [ -104.055938, 44.681819 ], [ -104.05594, 44.682574 ], [ -104.055948, 44.685125 ], [ -104.055949, 44.685163 ], [ -104.055952, 44.685976 ], [ -104.055952, 44.686081 ], [ -104.055931, 44.686313 ], [ -104.055841, 44.687324 ], [ -104.055815, 44.687622 ], [ -104.055812, 44.687661 ], [ -104.055806, 44.687729 ], [ -104.055812, 44.688376 ], [ -104.055833, 44.690524 ], [ -104.05584, 44.69124 ], [ -104.055829, 44.691744 ], [ -104.05582, 44.69218 ], [ -104.055881, 44.693256 ], [ -104.05591, 44.69376 ], [ -104.05587, 44.694069 ], [ -104.05585, 44.69423 ], [ -104.055796, 44.695002 ], [ -104.05579, 44.6951 ], [ -104.055805, 44.695314 ], [ -104.05585, 44.69593 ], [ -104.0559, 44.69625 ], [ -104.055897, 44.696299 ], [ -104.05587, 44.69693 ], [ -104.05582, 44.69835 ], [ -104.055806, 44.69927 ], [ -104.0558, 44.69971 ], [ -104.05576, 44.70026 ], [ -104.055776, 44.700466 ], [ -104.055778, 44.700965 ], [ -104.055783, 44.702368 ], [ -104.055809, 44.708694 ], [ -104.055812, 44.709225 ], [ -104.055818, 44.710803 ], [ -104.055828, 44.713266 ], [ -104.055848, 44.718037 ], [ -104.055858, 44.720658 ], [ -104.055867, 44.722743 ], [ -104.055868, 44.723123 ], [ -104.055868, 44.723183 ], [ -104.055868, 44.723366 ], [ -104.055871, 44.723427 ], [ -104.055933, 44.72372 ], [ -104.055925, 44.72404 ], [ -104.055883, 44.725899 ], [ -104.055869, 44.726519 ], [ -104.055862, 44.726792 ], [ -104.055868, 44.728839 ], [ -104.055873, 44.730036 ], [ -104.055892, 44.735801 ], [ -104.055899, 44.737886 ], [ -104.055899, 44.738122 ], [ -104.055882, 44.740138 ], [ -104.05584, 44.745182 ], [ -104.055839, 44.745304 ], [ -104.055838, 44.745426 ], [ -104.055831, 44.746189 ], [ -104.055821, 44.747528 ], [ -104.055819, 44.747652 ], [ -104.05582, 44.748206 ], [ -104.05582, 44.748423 ], [ -104.05582, 44.749075 ], [ -104.055821, 44.749105 ], [ -104.055821, 44.749293 ], [ -104.055818, 44.749985 ], [ -104.055829, 44.751422 ], [ -104.055835, 44.75216 ], [ -104.055894, 44.759483 ], [ -104.055899, 44.760163 ], [ -104.055903, 44.760762 ], [ -104.055927, 44.76363 ], [ -104.055928, 44.763695 ], [ -104.055934, 44.764487 ], [ -104.055955, 44.767058 ], [ -104.055962, 44.767916 ], [ -104.055962, 44.76794 ], [ -104.055962, 44.767962 ], [ -104.055962, 44.768015 ], [ -104.055963, 44.76804 ], [ -104.055963, 44.76807 ], [ -104.055963, 44.768086 ], [ -104.055963, 44.76816 ], [ -104.055963, 44.768191 ], [ -104.055963, 44.768236 ], [ -104.055962, 44.768317 ], [ -104.055958, 44.769441 ], [ -104.055948, 44.773194 ], [ -104.055945, 44.774445 ], [ -104.055944, 44.774839 ], [ -104.055944, 44.774893 ], [ -104.055941, 44.775705 ], [ -104.055932, 44.779487 ], [ -104.055929, 44.780748 ], [ -104.055929, 44.780798 ], [ -104.055918, 44.781112 ], [ -104.055884, 44.782205 ], [ -104.055873, 44.78257 ], [ -104.05587, 44.782635 ], [ -104.055869, 44.782767 ], [ -104.055866, 44.783359 ], [ -104.055865, 44.783557 ], [ -104.055871, 44.783591 ], [ -104.055865, 44.783624 ], [ -104.055907, 44.784575 ], [ -104.056045, 44.78763 ], [ -104.056085, 44.788513 ], [ -104.056089, 44.788586 ], [ -104.05609, 44.788649 ], [ -104.056107, 44.790105 ], [ -104.05616, 44.794474 ], [ -104.056177, 44.795872 ], [ -104.056178, 44.795931 ], [ -104.056179, 44.796001 ], [ -104.056185, 44.796889 ], [ -104.056205, 44.799453 ], [ -104.056207, 44.799765 ], [ -104.056215, 44.800724 ], [ -104.056215, 44.800795 ], [ -104.056173, 44.806377 ], [ -104.05617, 44.806707 ], [ -104.05617, 44.806752 ], [ -104.056168, 44.806933 ], [ -104.056192, 44.811299 ], [ -104.056192, 44.811356 ], [ -104.056193, 44.811483 ], [ -104.056197, 44.811763 ], [ -104.056198, 44.811886 ], [ -104.0562, 44.812321 ], [ -104.056238, 44.819524 ], [ -104.056249, 44.821505 ], [ -104.05626, 44.823381 ], [ -104.05626, 44.823438 ], [ -104.056267, 44.824834 ], [ -104.056291, 44.829195 ], [ -104.056299, 44.830649 ], [ -104.056302, 44.831142 ], [ -104.056318, 44.834178 ], [ -104.056319, 44.834269 ], [ -104.056375, 44.844765 ], [ -104.056395, 44.848295 ], [ -104.056401, 44.849405 ], [ -104.056415, 44.852081 ], [ -104.056426, 44.854093 ], [ -104.056445, 44.857646 ], [ -104.056476, 44.863441 ], [ -104.056493, 44.866442 ], [ -104.056494, 44.866682 ], [ -104.056494, 44.866772 ], [ -104.056495, 44.867034 ], [ -104.056487, 44.867113 ], [ -104.056481, 44.867228 ], [ -104.056165, 44.87153 ], [ -104.055913, 44.874986 ], [ -104.056034, 44.882205 ], [ -104.056071, 44.884463 ], [ -104.056142, 44.888636 ], [ -104.056144, 44.888777 ], [ -104.056148, 44.88903 ], [ -104.056167, 44.890194 ], [ -104.056239, 44.894446 ], [ -104.056258, 44.895557 ], [ -104.056263, 44.895864 ], [ -104.056264, 44.895964 ], [ -104.05632, 44.89932 ], [ -104.056368, 44.902126 ], [ -104.056494, 44.909689 ], [ -104.056553, 44.913146 ], [ -104.056556, 44.913382 ], [ -104.056554, 44.91341 ], [ -104.056506, 44.914201 ], [ -104.05649, 44.914465 ], [ -104.056488, 44.91449 ], [ -104.056484, 44.914567 ], [ -104.056483, 44.914593 ], [ -104.056463, 44.914907 ], [ -104.056457, 44.915007 ], [ -104.056465, 44.915857 ], [ -104.056485, 44.918142 ], [ -104.056551, 44.925608 ], [ -104.056579, 44.928792 ], [ -104.056611, 44.932343 ], [ -104.056614, 44.932696 ], [ -104.056616, 44.932949 ], [ -104.056617, 44.933044 ], [ -104.056618, 44.93319 ], [ -104.056619, 44.933227 ], [ -104.056643, 44.933784 ], [ -104.056649, 44.933934 ], [ -104.056841, 44.938708 ], [ -104.056897, 44.940079 ], [ -104.0569, 44.9403 ], [ -104.057067, 44.951363 ], [ -104.057406, 44.973812 ], [ -104.057568, 44.984554 ], [ -104.057736, 44.995618 ], [ -104.057739, 44.995828 ], [ -104.057736, 44.9959 ], [ -104.057702, 44.996746 ], [ -104.057691, 44.997028 ], [ -104.05769, 44.997054 ], [ -104.05769, 44.997081 ], [ -104.057691, 44.997138 ], [ -104.057693, 44.997244 ], [ -104.057695, 44.997298 ], [ -104.057695, 44.997314 ], [ -104.057696, 44.997346 ], [ -104.057696, 44.997363 ], [ -104.057879, 44.997605 ], [ -104.050783, 44.997783 ], [ -104.039694, 44.99807 ], [ -104.039724, 45.001309 ], [ -104.03982, 45.01122 ], [ -104.039876, 45.01712 ], [ -104.039899, 45.019194 ], [ -104.039939, 45.023448 ], [ -104.040074, 45.038035 ], [ -104.040074, 45.038109 ], [ -104.040073, 45.039747 ], [ -104.040102, 45.039834 ], [ -104.040223, 45.051981 ], [ -104.040253, 45.055171 ], [ -104.040123, 45.079724 ], [ -104.040109, 45.087186 ], [ -104.040114, 45.090255 ], [ -104.040118, 45.091262 ], [ -104.040076, 45.111875 ], [ -104.04007, 45.115434 ], [ -104.040063, 45.120229 ], [ -104.040046, 45.124104 ], [ -104.040035, 45.137202 ], [ -104.040034, 45.14693 ], [ -104.040037, 45.154818 ], [ -104.04, 45.18149 ], [ -104.039977, 45.199629 ], [ -104.040004, 45.212891 ], [ -104.038656, 45.212896 ], [ -104.03626, 45.212907 ], [ -104.034753, 45.212913 ], [ -104.033453, 45.21292 ], [ -104.033365, 45.212918 ], [ -104.030915, 45.212916 ], [ -104.02332, 45.212912 ], [ -104.020817, 45.212911 ], [ -104.020788, 45.212912 ], [ -104.020002, 45.212911 ], [ -104.019429, 45.212913 ], [ -104.018225, 45.212911 ], [ -104.010538, 45.212905 ], [ -104.007976, 45.212903 ], [ -104.007834, 45.212903 ], [ -104.006506, 45.212902 ], [ -104.002098, 45.2129 ], [ -104.000629, 45.2129 ], [ -104.000598, 45.2129 ], [ -104.000584, 45.2129 ], [ -104.000508, 45.212899 ], [ -104.000493, 45.212899 ], [ -104.000491, 45.212884 ], [ -104.00049, 45.212787 ], [ -103.997254, 45.212809 ], [ -103.996776, 45.212812 ], [ -103.989394, 45.212862 ], [ -103.985344, 45.212889 ], [ -103.981534, 45.212916 ], [ -103.981484, 45.212917 ], [ -103.981313, 45.212921 ], [ -103.981259, 45.212923 ], [ -103.981238, 45.212908 ], [ -103.981175, 45.212864 ], [ -103.981154, 45.21285 ], [ -103.978251, 45.212899 ], [ -103.969544, 45.213045 ], [ -103.966642, 45.213095 ], [ -103.966621, 45.213074 ], [ -103.966573, 45.213025 ], [ -103.966557, 45.213013 ], [ -103.966536, 45.212999 ], [ -103.962538, 45.213028 ], [ -103.95055, 45.213117 ], [ -103.946556, 45.213149 ], [ -103.946429, 45.213149 ], [ -103.939587, 45.213185 ], [ -103.918682, 45.213298 ], [ -103.917518, 45.213305 ], [ -103.917214, 45.213306 ], [ -103.916909, 45.213308 ], [ -103.911714, 45.213336 ], [ -103.911666, 45.213336 ], [ -103.911525, 45.213336 ], [ -103.911478, 45.213337 ], [ -103.911405, 45.213337 ], [ -103.911185, 45.213338 ], [ -103.911113, 45.213339 ], [ -103.911097, 45.213339 ], [ -103.911051, 45.213339 ], [ -103.911036, 45.21334 ], [ -103.910166, 45.213351 ], [ -103.907557, 45.213388 ], [ -103.90747, 45.21339 ], [ -103.906733, 45.213399 ], [ -103.906688, 45.2134 ], [ -103.906645, 45.2134 ], [ -103.906441, 45.213398 ], [ -103.905703, 45.213392 ], [ -103.905457, 45.21339 ], [ -103.903321, 45.213372 ], [ -103.896915, 45.213319 ], [ -103.89478, 45.213302 ], [ -103.8883, 45.213247 ], [ -103.875485, 45.213139 ], [ -103.8737, 45.21314 ], [ -103.868862, 45.213142 ], [ -103.862385, 45.213146 ], [ -103.861626, 45.213143 ], [ -103.859364, 45.213144 ], [ -103.858611, 45.213147 ], [ -103.848683, 45.213149 ], [ -103.843254, 45.213151 ], [ -103.827454, 45.213158 ], [ -103.818902, 45.213162 ], [ -103.81881, 45.213163 ], [ -103.808978, 45.213168 ], [ -103.806415, 45.213165 ], [ -103.798735, 45.213168 ], [ -103.79644, 45.21317 ], [ -103.796178, 45.213173 ], [ -103.791955, 45.213173 ], [ -103.779294, 45.213178 ], [ -103.775153, 45.213179 ], [ -103.775074, 45.213181 ], [ -103.772029, 45.213182 ], [ -103.767711, 45.213183 ], [ -103.763862, 45.213185 ], [ -103.750479, 45.21319 ], [ -103.745625, 45.213192 ], [ -103.738324, 45.213196 ], [ -103.738265, 45.213196 ], [ -103.736738, 45.213196 ], [ -103.732167, 45.213199 ], [ -103.730643, 45.2132 ], [ -103.729827, 45.2132 ], [ -103.728113, 45.213199 ], [ -103.726855, 45.2132 ], [ -103.726733, 45.213199 ], [ -103.720524, 45.213202 ], [ -103.717996, 45.213204 ], [ -103.717942, 45.213203 ], [ -103.713515, 45.213204 ], [ -103.703861, 45.213209 ], [ -103.701195, 45.21321 ], [ -103.700075, 45.21321 ], [ -103.698528, 45.213211 ], [ -103.697061, 45.213212 ], [ -103.695596, 45.213213 ], [ -103.695169, 45.213212 ], [ -103.693897, 45.213211 ], [ -103.693502, 45.213211 ], [ -103.693476, 45.213214 ], [ -103.693177, 45.213212 ], [ -103.69229, 45.213212 ], [ -103.691995, 45.213214 ], [ -103.690939, 45.213213 ], [ -103.687773, 45.213215 ], [ -103.686748, 45.213216 ], [ -103.686718, 45.213216 ], [ -103.684835, 45.213216 ], [ -103.679188, 45.213219 ], [ -103.677332, 45.21322 ], [ -103.677306, 45.21322 ], [ -103.677005, 45.21322 ], [ -103.676104, 45.21322 ], [ -103.675975, 45.21322 ], [ -103.675805, 45.213221 ], [ -103.675581, 45.213219 ], [ -103.675351, 45.21322 ], [ -103.674914, 45.21322 ], [ -103.674897, 45.21322 ], [ -103.674754, 45.21322 ], [ -103.674693, 45.213221 ], [ -103.671008, 45.213221 ], [ -103.659958, 45.213226 ], [ -103.656275, 45.213228 ], [ -103.654882, 45.213228 ], [ -103.650705, 45.213231 ], [ -103.649378, 45.213232 ], [ -103.649311, 45.213231 ], [ -103.647104, 45.21323 ], [ -103.640485, 45.213233 ], [ -103.63828, 45.213236 ], [ -103.637006, 45.213235 ], [ -103.633184, 45.213236 ], [ -103.631914, 45.213239 ], [ -103.631169, 45.213237 ], [ -103.628262, 45.213239 ], [ -103.625475, 45.213242 ], [ -103.617312, 45.213244 ], [ -103.613663, 45.213245 ], [ -103.613593, 45.213245 ], [ -103.613462, 45.213245 ], [ -103.612862, 45.213245 ], [ -103.612663, 45.213246 ], [ -103.61231, 45.213245 ], [ -103.611253, 45.213245 ], [ -103.610902, 45.213246 ], [ -103.610885, 45.213241 ], [ -103.610636, 45.213246 ], [ -103.606452, 45.213247 ], [ -103.593104, 45.213253 ], [ -103.590633, 45.213254 ], [ -103.589644, 45.213254 ], [ -103.588656, 45.213255 ], [ -103.588631, 45.213256 ], [ -103.585457, 45.213256 ], [ -103.575861, 45.21326 ], [ -103.572663, 45.213262 ], [ -103.572628, 45.213262 ], [ -103.570646, 45.213262 ], [ -103.564596, 45.213264 ], [ -103.562581, 45.213266 ], [ -103.562524, 45.213263 ], [ -103.559821, 45.213204 ], [ -103.551548, 45.213025 ], [ -103.548787, 45.212965 ], [ -103.548762, 45.212965 ], [ -103.548683, 45.212962 ], [ -103.548657, 45.212963 ], [ -103.548608, 45.212963 ], [ -103.546049, 45.212907 ], [ -103.540865, 45.212793 ], [ -103.538271, 45.212802 ], [ -103.535843, 45.212811 ], [ -103.535676, 45.212811 ], [ -103.535625, 45.21281 ], [ -103.534196, 45.212805 ], [ -103.529762, 45.21279 ], [ -103.528285, 45.212786 ], [ -103.528234, 45.212785 ], [ -103.525691, 45.212784 ], [ -103.517912, 45.212781 ], [ -103.515319, 45.21278 ], [ -103.515263, 45.212779 ], [ -103.513881, 45.212778 ], [ -103.509568, 45.212777 ], [ -103.508131, 45.212777 ], [ -103.508118, 45.212777 ], [ -103.50807, 45.212777 ], [ -103.503897, 45.212774 ], [ -103.500466, 45.212773 ], [ -103.491384, 45.213109 ], [ -103.487215, 45.213264 ], [ -103.487153, 45.213266 ], [ -103.483173, 45.213258 ], [ -103.471048, 45.213237 ], [ -103.467007, 45.21323 ], [ -103.466941, 45.21323 ], [ -103.462832, 45.213222 ], [ -103.450306, 45.213198 ], [ -103.446132, 45.213191 ], [ -103.446089, 45.213191 ], [ -103.44606, 45.213191 ], [ -103.44596, 45.213191 ], [ -103.445917, 45.213191 ], [ -103.445846, 45.213191 ], [ -103.444487, 45.213188 ], [ -103.440199, 45.21318 ], [ -103.438769, 45.213178 ], [ -103.438706, 45.213178 ], [ -103.436353, 45.213173 ], [ -103.429105, 45.21316 ], [ -103.426689, 45.213156 ], [ -103.42661, 45.213156 ], [ -103.424879, 45.213152 ], [ -103.41945, 45.213142 ], [ -103.417641, 45.213139 ], [ -103.417601, 45.213139 ], [ -103.417528, 45.213139 ], [ -103.416624, 45.213137 ], [ -103.413573, 45.213131 ], [ -103.412557, 45.21313 ], [ -103.412444, 45.213129 ], [ -103.411948, 45.21313 ], [ -103.410129, 45.213136 ], [ -103.409524, 45.213141 ], [ -103.38467, 45.213101 ], [ -103.384619, 45.213075 ], [ -103.384591, 45.213075 ], [ -103.384503, 45.213029 ], [ -103.384358, 45.21299 ], [ -103.384345, 45.212985 ], [ -103.384208, 45.212986 ], [ -103.382142, 45.213096 ], [ -103.381839, 45.213095 ], [ -103.375461, 45.21309 ], [ -103.367417, 45.213073 ], [ -103.36654, 45.213071 ], [ -103.365663, 45.213069 ], [ -103.365323, 45.213068 ], [ -103.359042, 45.213055 ], [ -103.357157, 45.213052 ], [ -103.357096, 45.213052 ], [ -103.356949, 45.213051 ], [ -103.355421, 45.213047 ], [ -103.350839, 45.213038 ], [ -103.349313, 45.213036 ], [ -103.349045, 45.213034 ], [ -103.348245, 45.213034 ], [ -103.348183, 45.213034 ], [ -103.348123, 45.213034 ], [ -103.347979, 45.213033 ], [ -103.345652, 45.213028 ], [ -103.338674, 45.213014 ], [ -103.337027, 45.213011 ], [ -103.33697, 45.213011 ], [ -103.336348, 45.213009 ], [ -103.329884, 45.212995 ], [ -103.325736, 45.212987 ], [ -103.310895, 45.212955 ], [ -103.310498, 45.212955 ], [ -103.304233, 45.212943 ], [ -103.304182, 45.212943 ], [ -103.304035, 45.212942 ], [ -103.301762, 45.212937 ], [ -103.294943, 45.212923 ], [ -103.292812, 45.212919 ], [ -103.292672, 45.212918 ], [ -103.290742, 45.212914 ], [ -103.284953, 45.212902 ], [ -103.28314, 45.212899 ], [ -103.283024, 45.212898 ], [ -103.27617, 45.212884 ], [ -103.27092, 45.212874 ], [ -103.269316, 45.212871 ], [ -103.263175, 45.212862 ], [ -103.250457, 45.212839 ], [ -103.24347, 45.212844 ], [ -103.234611, 45.21285 ], [ -103.226017, 45.212856 ], [ -103.222508, 45.212858 ], [ -103.222424, 45.212859 ], [ -103.221327, 45.212859 ], [ -103.217786, 45.212861 ], [ -103.216606, 45.212862 ], [ -103.216553, 45.212863 ], [ -103.206912, 45.212869 ], [ -103.206042, 45.212869 ], [ -103.187859, 45.212882 ], [ -103.174355, 45.212891 ], [ -103.164289, 45.212898 ], [ -103.163794, 45.212902 ], [ -103.163556, 45.212902 ], [ -103.162845, 45.212907 ], [ -103.162608, 45.212909 ], [ -103.162555, 45.21291 ], [ -103.161804, 45.212911 ], [ -103.15964, 45.212912 ], [ -103.150736, 45.212919 ], [ -103.148009, 45.212921 ], [ -103.147768, 45.212922 ], [ -103.146752, 45.212921 ], [ -103.143711, 45.212922 ], [ -103.142699, 45.212924 ], [ -103.142641, 45.212923 ], [ -103.142446, 45.212923 ], [ -103.141687, 45.212924 ], [ -103.141635, 45.212925 ], [ -103.141436, 45.212926 ], [ -103.141411, 45.212927 ], [ -103.140983, 45.212927 ], [ -103.139714, 45.212928 ], [ -103.139624, 45.212928 ], [ -103.139569, 45.212928 ], [ -103.139171, 45.212928 ], [ -103.137272, 45.212929 ], [ -103.131577, 45.212934 ], [ -103.129679, 45.212936 ], [ -103.125691, 45.212938 ], [ -103.125452, 45.212939 ], [ -103.12321, 45.21294 ], [ -103.113728, 45.212942 ], [ -103.109895, 45.212943 ], [ -103.109741, 45.212943 ], [ -103.109597, 45.212944 ], [ -103.103832, 45.212945 ], [ -103.086108, 45.21295 ], [ -103.080406, 45.212952 ], [ -103.0802, 45.212952 ], [ -103.08004, 45.212953 ], [ -103.076577, 45.212953 ], [ -103.06571, 45.212957 ], [ -103.062597, 45.212959 ], [ -103.062088, 45.21296 ], [ -103.061491, 45.21296 ], [ -103.059702, 45.21296 ], [ -103.059396, 45.21296 ], [ -103.059106, 45.21296 ], [ -103.058981, 45.212961 ], [ -103.058761, 45.212961 ], [ -103.058627, 45.212961 ], [ -103.057192, 45.212961 ], [ -103.056714, 45.212962 ], [ -103.054611, 45.212962 ], [ -103.048305, 45.212964 ], [ -103.046203, 45.212965 ], [ -103.046157, 45.212966 ], [ -103.045299, 45.212966 ], [ -103.042588, 45.212966 ], [ -103.041685, 45.212967 ], [ -103.040387, 45.212968 ], [ -103.036496, 45.212972 ], [ -103.035316, 45.212974 ], [ -103.035198, 45.212975 ], [ -103.032679, 45.212975 ], [ -103.02512, 45.212978 ], [ -103.022601, 45.212979 ], [ -103.022308, 45.21298 ], [ -103.021575, 45.21298 ], [ -103.0211, 45.212981 ], [ -103.020282, 45.212981 ], [ -103.019465, 45.212981 ], [ -103.01926, 45.212981 ], [ -103.012682, 45.212984 ], [ -103.00924, 45.212985 ], [ -103.0059, 45.212987 ], [ -103.004849, 45.212987 ], [ -103.001698, 45.212987 ], [ -103.000821, 45.212988 ], [ -103.000648, 45.212989 ], [ -103.000607, 45.212895 ], [ -103.000488, 45.212617 ], [ -103.000448, 45.212524 ], [ -102.997283, 45.212528 ], [ -102.987788, 45.212542 ], [ -102.985078, 45.212547 ], [ -102.984624, 45.212551 ], [ -102.979155, 45.212611 ], [ -102.978714, 45.212616 ], [ -102.972805, 45.212681 ], [ -102.969339, 45.212719 ], [ -102.965874, 45.212757 ], [ -102.962749, 45.212791 ], [ -102.95756, 45.212848 ], [ -102.957368, 45.21285 ], [ -102.957281, 45.212851 ], [ -102.95728, 45.212824 ], [ -102.95728, 45.212744 ], [ -102.95728, 45.212718 ], [ -102.957274, 45.211741 ], [ -102.957258, 45.208819 ], [ -102.957255, 45.207846 ], [ -102.957235, 45.202584 ], [ -102.95718, 45.1868 ], [ -102.957163, 45.18154 ], [ -102.957212, 45.181284 ], [ -102.95727, 45.180984 ], [ -102.957359, 45.180516 ], [ -102.957376, 45.180429 ], [ -102.957392, 45.180344 ], [ -102.957408, 45.18026 ], [ -102.957391, 45.180154 ], [ -102.957392, 45.180119 ], [ -102.957383, 45.180049 ], [ -102.957383, 45.179978 ], [ -102.95738, 45.179958 ], [ -102.957378, 45.179942 ], [ -102.957382, 45.179871 ], [ -102.957442, 45.179821 ], [ -102.957453, 45.179769 ], [ -102.957462, 45.17974 ], [ -102.957495, 45.179709 ], [ -102.957542, 45.179604 ], [ -102.957542, 45.179518 ], [ -102.957532, 45.179482 ], [ -102.9575, 45.179426 ], [ -102.957379, 45.179311 ], [ -102.957358, 45.179165 ], [ -102.957356, 45.179147 ], [ -102.957387, 45.179111 ], [ -102.957412, 45.179022 ], [ -102.957427, 45.178997 ], [ -102.957405, 45.178883 ], [ -102.957402, 45.178843 ], [ -102.957393, 45.178724 ], [ -102.957391, 45.178685 ], [ -102.957339, 45.177527 ], [ -102.957186, 45.174053 ], [ -102.957137, 45.172953 ], [ -102.957135, 45.172895 ], [ -102.957132, 45.172248 ], [ -102.957126, 45.170308 ], [ -102.957125, 45.169662 ], [ -102.957125, 45.166695 ], [ -102.957127, 45.157796 ], [ -102.957129, 45.15483 ], [ -102.957126, 45.154539 ], [ -102.957123, 45.154229 ], [ -102.957122, 45.154092 ], [ -102.957121, 45.153864 ], [ -102.957121, 45.153773 ], [ -102.957121, 45.153667 ], [ -102.957121, 45.153554 ], [ -102.957128, 45.153377 ], [ -102.957122, 45.153357 ], [ -102.957107, 45.153298 ], [ -102.957104, 45.153283 ], [ -102.9571, 45.153267 ], [ -102.957111, 45.153252 ], [ -102.957104, 45.153181 ], [ -102.957105, 45.153151 ], [ -102.957105, 45.15313 ], [ -102.957106, 45.153023 ], [ -102.957106, 45.152989 ], [ -102.957124, 45.150572 ], [ -102.957182, 45.142902 ], [ -102.957202, 45.140345 ], [ -102.957202, 45.140323 ], [ -102.957206, 45.140258 ], [ -102.957208, 45.140237 ], [ -102.957212, 45.139722 ], [ -102.957214, 45.139402 ], [ -102.957232, 45.136903 ], [ -102.957239, 45.136071 ], [ -102.957238, 45.136014 ], [ -102.957239, 45.135847 ], [ -102.95724, 45.135791 ], [ -102.957252, 45.133883 ], [ -102.95729, 45.128163 ], [ -102.957303, 45.126256 ], [ -102.957303, 45.126195 ], [ -102.957303, 45.126015 ], [ -102.957304, 45.125955 ], [ -102.957304, 45.125888 ], [ -102.957306, 45.12569 ], [ -102.957307, 45.125625 ], [ -102.957309, 45.125351 ], [ -102.957332, 45.123619 ], [ -102.957415, 45.117604 ], [ -102.957444, 45.1156 ], [ -102.957443, 45.115538 ], [ -102.957443, 45.115353 ], [ -102.957443, 45.115292 ], [ -102.957441, 45.114625 ], [ -102.957436, 45.112629 ], [ -102.957436, 45.111966 ], [ -102.957434, 45.111934 ], [ -102.957434, 45.111842 ], [ -102.957436, 45.111812 ], [ -102.957429, 45.108326 ], [ -102.957411, 45.097868 ], [ -102.957406, 45.094959 ], [ -102.957406, 45.094384 ], [ -102.957403, 45.094316 ], [ -102.957403, 45.094117 ], [ -102.957404, 45.094051 ], [ -102.957403, 45.093317 ], [ -102.9574, 45.091117 ], [ -102.9574, 45.090384 ], [ -102.9574, 45.090333 ], [ -102.9574, 45.09018 ], [ -102.9574, 45.09013 ], [ -102.957397, 45.088371 ], [ -102.957391, 45.083097 ], [ -102.957391, 45.081765 ], [ -102.95739, 45.081536 ], [ -102.95739, 45.08134 ], [ -102.95739, 45.081313 ], [ -102.95739, 45.081233 ], [ -102.95739, 45.081207 ], [ -102.957387, 45.077977 ], [ -102.95738, 45.06829 ], [ -102.957378, 45.065121 ], [ -102.957378, 45.065061 ], [ -102.957381, 45.065002 ], [ -102.957379, 45.063564 ], [ -102.957376, 45.059076 ], [ -102.957375, 45.05758 ], [ -102.957375, 45.05756 ], [ -102.957374, 45.056646 ], [ -102.957373, 45.053846 ], [ -102.957373, 45.052913 ], [ -102.957372, 45.050244 ], [ -102.957371, 45.042237 ], [ -102.957371, 45.039569 ], [ -102.958779, 45.039564 ], [ -102.958796, 45.039388 ], [ -102.958819, 45.035189 ], [ -102.958915, 45.017879 ], [ -102.958948, 45.01211 ], [ -102.958949, 45.012048 ], [ -102.958949, 45.009697 ], [ -102.958949, 45.002461 ], [ -102.958949, 45.000049 ], [ -102.958949, 44.999989 ], [ -102.958932, 44.999654 ], [ -102.958875, 44.99847 ], [ -102.958856, 44.998076 ], [ -102.958854, 44.998021 ], [ -102.958852, 44.997408 ], [ -102.958848, 44.995404 ], [ -102.958847, 44.994736 ], [ -102.958847, 44.994687 ], [ -102.958859, 44.992581 ], [ -102.958872, 44.990622 ], [ -102.958899, 44.986119 ], [ -102.958911, 44.984309 ], [ -102.958913, 44.983966 ], [ -102.958914, 44.983906 ], [ -102.958888, 44.982705 ], [ -102.95881, 44.978924 ], [ -102.958787, 44.977832 ], [ -102.958784, 44.977664 ], [ -102.958783, 44.977598 ], [ -102.958764, 44.977411 ], [ -102.958689, 44.976654 ], [ -102.958664, 44.976402 ], [ -102.958643, 44.976189 ], [ -102.958633, 44.976098 ], [ -102.958623, 44.97599 ], [ -102.958615, 44.975875 ], [ -102.958573, 44.975185 ], [ -102.958566, 44.975056 ], [ -102.958557, 44.9749 ], [ -102.958557, 44.974881 ], [ -102.958557, 44.974846 ], [ -102.958557, 44.972991 ], [ -102.958559, 44.967323 ], [ -102.95856, 44.965604 ], [ -102.95856, 44.965434 ], [ -102.95856, 44.965316 ], [ -102.958574, 44.965133 ], [ -102.958645, 44.964233 ], [ -102.95867, 44.963934 ], [ -102.958671, 44.963913 ], [ -102.958676, 44.963849 ], [ -102.958678, 44.963829 ], [ -102.958714, 44.963379 ], [ -102.95868, 44.961564 ], [ -102.958651, 44.959995 ], [ -102.958615, 44.95804 ], [ -102.958646, 44.954766 ], [ -102.958669, 44.9525 ], [ -102.95867, 44.952409 ], [ -102.958672, 44.952289 ], [ -102.958671, 44.952165 ], [ -102.95867, 44.952138 ], [ -102.95867, 44.952048 ], [ -102.958669, 44.951902 ], [ -102.958669, 44.951711 ], [ -102.958667, 44.951467 ], [ -102.958666, 44.951322 ], [ -102.958666, 44.951165 ], [ -102.95866, 44.949776 ], [ -102.958642, 44.945139 ], [ -102.958637, 44.943594 ], [ -102.958636, 44.943083 ], [ -102.958622, 44.939535 ], [ -102.958587, 44.930271 ], [ -102.958576, 44.927362 ], [ -102.958561, 44.923304 ], [ -102.958561, 44.92326 ], [ -102.958561, 44.92325 ], [ -102.958561, 44.923195 ], [ -102.958561, 44.923141 ], [ -102.958561, 44.92313 ], [ -102.958561, 44.923087 ], [ -102.95856, 44.923018 ], [ -102.958559, 44.922811 ], [ -102.958559, 44.922742 ], [ -102.958558, 44.922671 ], [ -102.958558, 44.92246 ], [ -102.958558, 44.92239 ], [ -102.958554, 44.919568 ], [ -102.958553, 44.917866 ], [ -102.958545, 44.911102 ], [ -102.958542, 44.908281 ], [ -102.958542, 44.908213 ], [ -102.958542, 44.908011 ], [ -102.958542, 44.907944 ], [ -102.958541, 44.907549 ], [ -102.958541, 44.907516 ], [ -102.958539, 44.906364 ], [ -102.958539, 44.90597 ], [ -102.958539, 44.905947 ], [ -102.958539, 44.90588 ], [ -102.958539, 44.905858 ], [ -102.958538, 44.905343 ], [ -102.958537, 44.904827 ], [ -102.958537, 44.90477 ], [ -102.958537, 44.904713 ], [ -102.958536, 44.904151 ], [ -102.958535, 44.903799 ], [ -102.958535, 44.903589 ], [ -102.958535, 44.903437 ], [ -102.958535, 44.903285 ], [ -102.958535, 44.903241 ], [ -102.958535, 44.903112 ], [ -102.958536, 44.903069 ], [ -102.958535, 44.902567 ], [ -102.958533, 44.901061 ], [ -102.958533, 44.900559 ], [ -102.958533, 44.900531 ], [ -102.958533, 44.900448 ], [ -102.958533, 44.900421 ], [ -102.958532, 44.899613 ], [ -102.958531, 44.899167 ], [ -102.958527, 44.895405 ], [ -102.958526, 44.894152 ], [ -102.958526, 44.894115 ], [ -102.958526, 44.894007 ], [ -102.958526, 44.893971 ], [ -102.958493, 44.887524 ], [ -102.958429, 44.874988 ], [ -102.958512, 44.868186 ], [ -102.958561, 44.8643 ], [ -102.958588, 44.862105 ], [ -102.958592, 44.861741 ], [ -102.958595, 44.861508 ], [ -102.958607, 44.859155 ], [ -102.958648, 44.851398 ], [ -102.958662, 44.848813 ], [ -102.958662, 44.848689 ], [ -102.958669, 44.847298 ], [ -102.958693, 44.842754 ], [ -102.958702, 44.84124 ], [ -102.958703, 44.841045 ], [ -102.958704, 44.84094 ], [ -102.958672, 44.840461 ], [ -102.95866, 44.840267 ], [ -102.958655, 44.840203 ], [ -102.958653, 44.840171 ], [ -102.958653, 44.840083 ], [ -102.958654, 44.840012 ], [ -102.958654, 44.839949 ], [ -102.958657, 44.839591 ], [ -102.958659, 44.83901 ], [ -102.958669, 44.836194 ], [ -102.958673, 44.835256 ], [ -102.958673, 44.835034 ], [ -102.958673, 44.834876 ], [ -102.958674, 44.833738 ], [ -102.958675, 44.833359 ], [ -102.958676, 44.833252 ], [ -102.958678, 44.829142 ], [ -102.95868, 44.826361 ], [ -102.958684, 44.819017 ], [ -102.958686, 44.816494 ], [ -102.958689, 44.812278 ], [ -102.958689, 44.81212 ], [ -102.958689, 44.810666 ], [ -102.958692, 44.805832 ], [ -102.958694, 44.804221 ], [ -102.958694, 44.804104 ], [ -102.958695, 44.801765 ], [ -102.9587, 44.794399 ], [ -102.958702, 44.791944 ], [ -102.958702, 44.791809 ], [ -102.958703, 44.789008 ], [ -102.95871, 44.780203 ], [ -102.958713, 44.77739 ], [ -102.958714, 44.777269 ] ] ] } },
{ "type": "Feature", "properties": { "STATEFP": "46", "COUNTYFP": "081", "COUNTYNS": "01266996", "GEOID": "46081", "GEOIDFQ": "0500000US46081", "NAME": "Lawrence", "NAMELSAD": "Lawrence County", "LSAD": "06", "CLASSFP": "H1", "MTFCC": "G4020", "CSAFP": "452", "CBSAFP": "43940", "METDIVFP": null, "FUNCSTAT": "A", "ALAND": 2072127358, "AWATER": 667509, "INTPTLAT": "+44.3485137", "INTPTLON": "-103.8063624" }, "geometry": { "type": "Polygon", "coordinates": [ [ [ -103.68789, 44.604502 ], [ -103.687861, 44.604502 ], [ -103.687834, 44.604501 ], [ -103.661681, 44.604478 ], [ -103.657377, 44.604475 ], [ -103.65728, 44.604475 ], [ -103.657025, 44.604473 ], [ -103.650947, 44.60445 ], [ -103.650915, 44.60445 ], [ -103.650524, 44.604448 ], [ -103.646192, 44.60443 ], [ -103.646111, 44.60443 ], [ -103.645906, 44.60443 ], [ -103.645634, 44.604429 ], [ -103.638658, 44.604403 ], [ -103.625472, 44.604355 ], [ -103.616137, 44.604275 ], [ -103.616078, 44.604277 ], [ -103.615946, 44.604283 ], [ -103.608604, 44.604287 ], [ -103.608356, 44.604275 ], [ -103.608235, 44.604269 ], [ -103.607132, 44.604219 ], [ -103.603356, 44.60432 ], [ -103.603284, 44.60432 ], [ -103.587878, 44.604296 ], [ -103.5878, 44.604295 ], [ -103.58769, 44.604294 ], [ -103.57649, 44.604217 ], [ -103.57644, 44.604216 ], [ -103.576409, 44.604216 ], [ -103.573113, 44.604205 ], [ -103.572345, 44.604203 ], [ -103.572205, 44.604201 ], [ -103.567691, 44.604099 ], [ -103.567653, 44.604098 ], [ -103.567655, 44.60401 ], [ -103.567665, 44.603462 ], [ -103.567665, 44.60305 ], [ -103.567673, 44.602638 ], [ -103.567673, 44.602226 ], [ -103.56768, 44.601818 ], [ -103.56768, 44.601687 ], [ -103.56768, 44.601406 ], [ -103.567688, 44.600994 ], [ -103.567688, 44.600582 ], [ -103.567703, 44.599758 ], [ -103.567703, 44.599346 ], [ -103.567711, 44.598938 ], [ -103.567711, 44.598526 ], [ -103.567718, 44.598114 ], [ -103.567718, 44.597702 ], [ -103.567726, 44.59729 ], [ -103.567726, 44.596878 ], [ -103.567741, 44.596058 ], [ -103.567741, 44.595646 ], [ -103.567749, 44.595234 ], [ -103.567749, 44.594822 ], [ -103.567757, 44.59441 ], [ -103.567757, 44.593998 ], [ -103.567772, 44.593178 ], [ -103.567772, 44.592766 ], [ -103.56778, 44.592354 ], [ -103.56778, 44.591942 ], [ -103.567787, 44.59153 ], [ -103.567787, 44.591118 ], [ -103.567795, 44.590706 ], [ -103.567795, 44.590298 ], [ -103.567803, 44.589874 ], [ -103.567804, 44.58981 ], [ -103.567805, 44.589752 ], [ -103.567806, 44.589669 ], [ -103.567808, 44.589324 ], [ -103.56781, 44.589062 ], [ -103.567818, 44.58865 ], [ -103.567818, 44.588238 ], [ -103.567825, 44.587826 ], [ -103.567825, 44.587418 ], [ -103.567833, 44.587006 ], [ -103.567833, 44.586594 ], [ -103.567848, 44.58577 ], [ -103.567848, 44.585358 ], [ -103.567856, 44.584949 ], [ -103.567856, 44.584538 ], [ -103.567864, 44.584126 ], [ -103.567864, 44.583714 ], [ -103.567871, 44.583302 ], [ -103.567871, 44.58289 ], [ -103.567887, 44.582069 ], [ -103.567886, 44.581657 ], [ -103.567894, 44.581245 ], [ -103.567894, 44.580909 ], [ -103.567894, 44.580833 ], [ -103.567902, 44.580421 ], [ -103.567902, 44.580009 ], [ -103.567909, 44.579597 ], [ -103.567909, 44.579189 ], [ -103.567924, 44.578365 ], [ -103.567932, 44.577129 ], [ -103.56794, 44.576717 ], [ -103.567939, 44.576309 ], [ -103.567955, 44.575291 ], [ -103.567955, 44.574879 ], [ -103.567963, 44.574467 ], [ -103.567963, 44.574055 ], [ -103.56797, 44.573647 ], [ -103.56797, 44.573235 ], [ -103.567978, 44.572823 ], [ -103.567978, 44.572411 ], [ -103.567986, 44.571999 ], [ -103.567985, 44.571587 ], [ -103.567993, 44.571175 ], [ -103.567993, 44.570766 ], [ -103.568001, 44.570354 ], [ -103.568001, 44.569942 ], [ -103.568008, 44.56953 ], [ -103.568008, 44.568707 ], [ -103.568016, 44.568295 ], [ -103.568016, 44.567886 ], [ -103.568024, 44.567474 ], [ -103.568024, 44.567062 ], [ -103.568032, 44.566399 ], [ -103.568039, 44.565826 ], [ -103.568039, 44.565418 ], [ -103.568047, 44.565006 ], [ -103.568046, 44.564594 ], [ -103.568055, 44.564182 ], [ -103.568054, 44.56377 ], [ -103.568062, 44.563358 ], [ -103.568062, 44.562946 ], [ -103.568073, 44.562057 ], [ -103.568077, 44.561714 ], [ -103.568085, 44.56134 ], [ -103.568087, 44.560923 ], [ -103.568087, 44.558431 ], [ -103.568087, 44.557356 ], [ -103.568086, 44.555308 ], [ -103.568089, 44.554841 ], [ -103.568097, 44.554475 ], [ -103.568115, 44.55431 ], [ -103.568131, 44.55349 ], [ -103.56813, 44.553051 ], [ -103.568123, 44.552647 ], [ -103.568146, 44.55212 ], [ -103.568145, 44.551365 ], [ -103.568138, 44.551048 ], [ -103.568138, 44.550629 ], [ -103.568161, 44.549515 ], [ -103.568153, 44.549233 ], [ -103.568153, 44.548885 ], [ -103.568169, 44.548004 ], [ -103.568172, 44.547913 ], [ -103.568184, 44.547466 ], [ -103.568184, 44.547128 ], [ -103.568184, 44.54686 ], [ -103.568207, 44.546566 ], [ -103.568213, 44.546543 ], [ -103.56821, 44.546477 ], [ -103.568221, 44.544368 ], [ -103.568276, 44.53726 ], [ -103.568281, 44.535369 ], [ -103.568289, 44.532514 ], [ -103.568295, 44.530373 ], [ -103.568531, 44.526697 ], [ -103.568553, 44.526373 ], [ -103.568595, 44.52576 ], [ -103.568666, 44.519641 ], [ -103.568331, 44.517579 ], [ -103.568331, 44.517513 ], [ -103.568338, 44.514892 ], [ -103.568343, 44.513397 ], [ -103.568362, 44.5067 ], [ -103.56837, 44.504019 ], [ -103.568383, 44.499984 ], [ -103.568486, 44.493087 ], [ -103.568521, 44.487879 ], [ -103.568522, 44.487779 ], [ -103.568533, 44.487585 ], [ -103.568538, 44.487484 ], [ -103.568557, 44.487115 ], [ -103.568563, 44.485054 ], [ -103.568579, 44.483458 ], [ -103.56863, 44.475291 ], [ -103.568713, 44.462067 ], [ -103.568758, 44.454129 ], [ -103.568767, 44.45348 ], [ -103.568842, 44.441572 ], [ -103.568883, 44.435136 ], [ -103.568934, 44.427612 ], [ -103.568936, 44.427315 ], [ -103.568935, 44.426939 ], [ -103.568937, 44.42688 ], [ -103.568913, 44.426704 ], [ -103.568749, 44.425377 ], [ -103.568521, 44.423531 ], [ -103.568518, 44.423475 ], [ -103.56847, 44.422493 ], [ -103.568457, 44.421405 ], [ -103.568513, 44.418124 ], [ -103.568559, 44.415457 ], [ -103.568739, 44.40508 ], [ -103.568743, 44.404636 ], [ -103.568792, 44.401758 ], [ -103.568915, 44.394556 ], [ -103.56925, 44.374984 ], [ -103.569199, 44.368931 ], [ -103.569165, 44.358868 ], [ -103.569383, 44.346529 ], [ -103.569417, 44.344246 ], [ -103.574291, 44.344195 ], [ -103.574086, 44.331798 ], [ -103.574063, 44.328717 ], [ -103.57402, 44.318844 ], [ -103.574018, 44.318514 ], [ -103.574016, 44.317997 ], [ -103.574014, 44.317609 ], [ -103.574013, 44.317431 ], [ -103.574, 44.314282 ], [ -103.57428, 44.300984 ], [ -103.574297, 44.300145 ], [ -103.574306, 44.299758 ], [ -103.574305, 44.298453 ], [ -103.574298, 44.285257 ], [ -103.574302, 44.281052 ], [ -103.574313, 44.27082 ], [ -103.574314, 44.270566 ], [ -103.574298, 44.270043 ], [ -103.574354, 44.261359 ], [ -103.574355, 44.261348 ], [ -103.57436, 44.2606 ], [ -103.574396, 44.256077 ], [ -103.553369, 44.256375 ], [ -103.535201, 44.256437 ], [ -103.533207, 44.256444 ], [ -103.532401, 44.256448 ], [ -103.529532, 44.256463 ], [ -103.514229, 44.256543 ], [ -103.513022, 44.25655 ], [ -103.500467, 44.256601 ], [ -103.497947, 44.25656 ], [ -103.493596, 44.256564 ], [ -103.485153, 44.256573 ], [ -103.453016, 44.256609 ], [ -103.453012, 44.250421 ], [ -103.453008, 44.249985 ], [ -103.452942, 44.242053 ], [ -103.452911, 44.237276 ], [ -103.452907, 44.236767 ], [ -103.452877, 44.232014 ], [ -103.452848, 44.227398 ], [ -103.452484, 44.212839 ], [ -103.45249, 44.211405 ], [ -103.452436, 44.198402 ], [ -103.452436, 44.198341 ], [ -103.45244, 44.197789 ], [ -103.452543, 44.183649 ], [ -103.452543, 44.183423 ], [ -103.452554, 44.178017 ], [ -103.452612, 44.175293 ], [ -103.452575, 44.169457 ], [ -103.452573, 44.169203 ], [ -103.452599, 44.163003 ], [ -103.452635, 44.154611 ], [ -103.452478, 44.142633 ], [ -103.452465, 44.141772 ], [ -103.452453, 44.140772 ], [ -103.461763, 44.140688 ], [ -103.46343, 44.140673 ], [ -103.469209, 44.140621 ], [ -103.470441, 44.14061 ], [ -103.47426, 44.140575 ], [ -103.4928, 44.140665 ], [ -103.49342, 44.140667 ], [ -103.495728, 44.14068 ], [ -103.495928, 44.140681 ], [ -103.497167, 44.140686 ], [ -103.499588, 44.140698 ], [ -103.500467, 44.140703 ], [ -103.523901, 44.140676 ], [ -103.524108, 44.140676 ], [ -103.547815, 44.140648 ], [ -103.565014, 44.140629 ], [ -103.565097, 44.140628 ], [ -103.568451, 44.140676 ], [ -103.568469, 44.140676 ], [ -103.568551, 44.140676 ], [ -103.569572, 44.140676 ], [ -103.56961, 44.140677 ], [ -103.573765, 44.140675 ], [ -103.579228, 44.140673 ], [ -103.579673, 44.140673 ], [ -103.583101, 44.140672 ], [ -103.589462, 44.14067 ], [ -103.589517, 44.14067 ], [ -103.59038, 44.14067 ], [ -103.590453, 44.14067 ], [ -103.591739, 44.14067 ], [ -103.591928, 44.14067 ], [ -103.592865, 44.140668 ], [ -103.592954, 44.140668 ], [ -103.594741, 44.140671 ], [ -103.595512, 44.14067 ], [ -103.600642, 44.140667 ], [ -103.602343, 44.140666 ], [ -103.605942, 44.140665 ], [ -103.610765, 44.140664 ], [ -103.611141, 44.140665 ], [ -103.62547, 44.140688 ], [ -103.62705, 44.140691 ], [ -103.631611, 44.140703 ], [ -103.631644, 44.140703 ], [ -103.654189, 44.14076 ], [ -103.654288, 44.140759 ], [ -103.663811, 44.140785 ], [ -103.663907, 44.140785 ], [ -103.677844, 44.140812 ], [ -103.680861, 44.140818 ], [ -103.680902, 44.140818 ], [ -103.701167, 44.140867 ], [ -103.701438, 44.140868 ], [ -103.701736, 44.140869 ], [ -103.70185, 44.140869 ], [ -103.717005, 44.140904 ], [ -103.725312, 44.140924 ], [ -103.725375, 44.140923 ], [ -103.72585, 44.140918 ], [ -103.726205, 44.140913 ], [ -103.727668, 44.140931 ], [ -103.727962, 44.140932 ], [ -103.742316, 44.140966 ], [ -103.742581, 44.140967 ], [ -103.742808, 44.140967 ], [ -103.750475, 44.140945 ], [ -103.755071, 44.140959 ], [ -103.766118, 44.140991 ], [ -103.76642, 44.140987 ], [ -103.777161, 44.140985 ], [ -103.77798, 44.140941 ], [ -103.778116, 44.140942 ], [ -103.798713, 44.140964 ], [ -103.801504, 44.140941 ], [ -103.801713, 44.140941 ], [ -103.849846, 44.140938 ], [ -103.849951, 44.14094 ], [ -103.851359, 44.140964 ], [ -103.853421, 44.140966 ], [ -103.862348, 44.140968 ], [ -103.87548, 44.141002 ], [ -103.881112, 44.141043 ], [ -103.896219, 44.141026 ], [ -103.903628, 44.141036 ], [ -103.903906, 44.141036 ], [ -103.904267, 44.141037 ], [ -103.904386, 44.141038 ], [ -103.923325, 44.141062 ], [ -103.923979, 44.141063 ], [ -103.924458, 44.141064 ], [ -103.928948, 44.14107 ], [ -103.934648, 44.141078 ], [ -103.935541, 44.14108 ], [ -103.961538, 44.141113 ], [ -103.962129, 44.141116 ], [ -103.979583, 44.141139 ], [ -103.980154, 44.14114 ], [ -104.000486, 44.141031 ], [ -104.011754, 44.141042 ], [ -104.012242, 44.141042 ], [ -104.022736, 44.141051 ], [ -104.025653, 44.141054 ], [ -104.036206, 44.141064 ], [ -104.04773, 44.141075 ], [ -104.048891, 44.14108 ], [ -104.053668, 44.14108 ], [ -104.054588, 44.141081 ], [ -104.05458, 44.144008 ], [ -104.054559, 44.15279 ], [ -104.054552, 44.155718 ], [ -104.05455, 44.15613 ], [ -104.054547, 44.157367 ], [ -104.054546, 44.15778 ], [ -104.054545, 44.157913 ], [ -104.054544, 44.158313 ], [ -104.054544, 44.158447 ], [ -104.054544, 44.15847 ], [ -104.05454, 44.159743 ], [ -104.05453, 44.163632 ], [ -104.054527, 44.164929 ], [ -104.054527, 44.164984 ], [ -104.054522, 44.16675 ], [ -104.054508, 44.172217 ], [ -104.054504, 44.174039 ], [ -104.0545, 44.175307 ], [ -104.05449, 44.179112 ], [ -104.054487, 44.180381 ], [ -104.054572, 44.186902 ], [ -104.054625, 44.190949 ], [ -104.054693, 44.196196 ], [ -104.054696, 44.196459 ], [ -104.054696, 44.196515 ], [ -104.054698, 44.196621 ], [ -104.054699, 44.196685 ], [ -104.0547, 44.196742 ], [ -104.054717, 44.198108 ], [ -104.05477, 44.202206 ], [ -104.054788, 44.203573 ], [ -104.054788, 44.203595 ], [ -104.05479, 44.203664 ], [ -104.054791, 44.203687 ], [ -104.054802, 44.204575 ], [ -104.054836, 44.20724 ], [ -104.054842, 44.207663 ], [ -104.054848, 44.208129 ], [ -104.054848, 44.208143 ], [ -104.054848, 44.208185 ], [ -104.054849, 44.2082 ], [ -104.054846, 44.20856 ], [ -104.054839, 44.209643 ], [ -104.054838, 44.210005 ], [ -104.054893, 44.213732 ], [ -104.054901, 44.214295 ], [ -104.05492, 44.21558 ], [ -104.055036, 44.223403 ], [ -104.055089, 44.227167 ], [ -104.055147, 44.231277 ], [ -104.05515, 44.231458 ], [ -104.055217, 44.236657 ], [ -104.055332, 44.245534 ], [ -104.055389, 44.249983 ], [ -104.055393, 44.252257 ], [ -104.055404, 44.257458 ], [ -104.055404, 44.257579 ], [ -104.055404, 44.257944 ], [ -104.055405, 44.258066 ], [ -104.055405, 44.258118 ], [ -104.055405, 44.258208 ], [ -104.055406, 44.258276 ], [ -104.055408, 44.258329 ], [ -104.05541, 44.258396 ], [ -104.05541, 44.258607 ], [ -104.055411, 44.259441 ], [ -104.055412, 44.25972 ], [ -104.055412, 44.259794 ], [ -104.055412, 44.259811 ], [ -104.055412, 44.260084 ], [ -104.055413, 44.260176 ], [ -104.055413, 44.260225 ], [ -104.055415, 44.262068 ], [ -104.055424, 44.267747 ], [ -104.055428, 44.26964 ], [ -104.055435, 44.27339 ], [ -104.055449, 44.280119 ], [ -104.055449, 44.280208 ], [ -104.05545, 44.280778 ], [ -104.055457, 44.284643 ], [ -104.055465, 44.288309 ], [ -104.055465, 44.288394 ], [ -104.055465, 44.28857 ], [ -104.055466, 44.289099 ], [ -104.055467, 44.289276 ], [ -104.055467, 44.28933 ], [ -104.055468, 44.289738 ], [ -104.055474, 44.293193 ], [ -104.055484, 44.297683 ], [ -104.055484, 44.297784 ], [ -104.055496, 44.303634 ], [ -104.055498, 44.304947 ], [ -104.055506, 44.308585 ], [ -104.055505, 44.308865 ], [ -104.055503, 44.309339 ], [ -104.055503, 44.309382 ], [ -104.055515, 44.312647 ], [ -104.055516, 44.313323 ], [ -104.05552, 44.315351 ], [ -104.055522, 44.316027 ], [ -104.055525, 44.317741 ], [ -104.055535, 44.322886 ], [ -104.055538, 44.324373 ], [ -104.055538, 44.324601 ], [ -104.05554, 44.325754 ], [ -104.055547, 44.329214 ], [ -104.055549, 44.330079 ], [ -104.05555, 44.330368 ], [ -104.055559, 44.333908 ], [ -104.055586, 44.34453 ], [ -104.055592, 44.346757 ], [ -104.055595, 44.347719 ], [ -104.055596, 44.348071 ], [ -104.055599, 44.34902 ], [ -104.0556, 44.349514 ], [ -104.0556, 44.349592 ], [ -104.055602, 44.350533 ], [ -104.055619, 44.35792 ], [ -104.055625, 44.360383 ], [ -104.055625, 44.360452 ], [ -104.055625, 44.360659 ], [ -104.055626, 44.360729 ], [ -104.055628, 44.363454 ], [ -104.055628, 44.363483 ], [ -104.055629, 44.36357 ], [ -104.05563, 44.3636 ], [ -104.05563, 44.363804 ], [ -104.05563, 44.364416 ], [ -104.05563, 44.36462 ], [ -104.05563, 44.364798 ], [ -104.055631, 44.365332 ], [ -104.055632, 44.365511 ], [ -104.055633, 44.365744 ], [ -104.055633, 44.367791 ], [ -104.055636, 44.374631 ], [ -104.055637, 44.374985 ], [ -104.055625, 44.376912 ], [ -104.055625, 44.376929 ], [ -104.055625, 44.377382 ], [ -104.055628, 44.378793 ], [ -104.05563, 44.379264 ], [ -104.05563, 44.382357 ], [ -104.055632, 44.3872 ], [ -104.055633, 44.391635 ], [ -104.055634, 44.394729 ], [ -104.055634, 44.394772 ], [ -104.055648, 44.398632 ], [ -104.055651, 44.399376 ], [ -104.05569, 44.410342 ], [ -104.055703, 44.413784 ], [ -104.055705, 44.414246 ], [ -104.055705, 44.414328 ], [ -104.055724, 44.423551 ], [ -104.055733, 44.427578 ], [ -104.05574, 44.431089 ], [ -104.05577, 44.444821 ], [ -104.055781, 44.449792 ], [ -104.055781, 44.450017 ], [ -104.055784, 44.451468 ], [ -104.055805, 44.460774 ], [ -104.055805, 44.46099 ], [ -104.055808, 44.462819 ], [ -104.055821, 44.468955 ], [ -104.055826, 44.47074 ], [ -104.055827, 44.471001 ], [ -104.055843, 44.478892 ], [ -104.055889, 44.499984 ], [ -104.055893, 44.502567 ], [ -104.055908, 44.510405 ], [ -104.055908, 44.510459 ], [ -104.055911, 44.51176 ], [ -104.055921, 44.515665 ], [ -104.055925, 44.516967 ], [ -104.055925, 44.517045 ], [ -104.055925, 44.51728 ], [ -104.055926, 44.517359 ], [ -104.05592, 44.517411 ], [ -104.055905, 44.517567 ], [ -104.0559, 44.51762 ], [ -104.055909, 44.518898 ], [ -104.05591, 44.51893 ], [ -104.05591, 44.522734 ], [ -104.05591, 44.52357 ], [ -104.055912, 44.52363 ], [ -104.055924, 44.524013 ], [ -104.05594, 44.52451 ], [ -104.05592, 44.52457 ], [ -104.0559, 44.52479 ], [ -104.055901, 44.524917 ], [ -104.05592, 44.52611 ], [ -104.05591, 44.52643 ], [ -104.05589, 44.52666 ], [ -104.055863, 44.527641 ], [ -104.05586, 44.52778 ], [ -104.05586, 44.52855 ], [ -104.055882, 44.531213 ], [ -104.05589, 44.53213 ], [ -104.05588, 44.53346 ], [ -104.05589, 44.53531 ], [ -104.05586, 44.53558 ], [ -104.05589, 44.53729 ], [ -104.055865, 44.5392 ], [ -104.05586, 44.53967 ], [ -104.05587, 44.54039 ], [ -104.0559, 44.54083 ], [ -104.05587, 44.54137 ], [ -104.05587, 44.54175 ], [ -104.055862, 44.541861 ], [ -104.055854, 44.541965 ], [ -104.05585, 44.54202 ], [ -104.05586, 44.54218 ], [ -104.055893, 44.542271 ], [ -104.05593, 44.54237 ], [ -104.055933, 44.542381 ], [ -104.055942, 44.542417 ], [ -104.055945, 44.542429 ], [ -104.055928, 44.542621 ], [ -104.055904, 44.543475 ], [ -104.055823, 44.546704 ], [ -104.055832, 44.548481 ], [ -104.055833, 44.548597 ], [ -104.055843, 44.549742 ], [ -104.055879, 44.553525 ], [ -104.055892, 44.554786 ], [ -104.055902, 44.555895 ], [ -104.055934, 44.559221 ], [ -104.055944, 44.560189 ], [ -104.055945, 44.560331 ], [ -104.055965, 44.562469 ], [ -104.055971, 44.563101 ], [ -104.05595, 44.568886 ], [ -104.055943, 44.57093 ], [ -104.055943, 44.571025 ], [ -104.055442, 44.570955 ], [ -104.055388, 44.570966 ], [ -104.055311, 44.571009 ], [ -104.054804, 44.571244 ], [ -104.053121, 44.572321 ], [ -104.052614, 44.572763 ], [ -104.05236, 44.572927 ], [ -104.052311, 44.572952 ], [ -104.052203, 44.573015 ], [ -104.052132, 44.573057 ], [ -104.051737, 44.573289 ], [ -104.051682, 44.573431 ], [ -104.051876, 44.573926 ], [ -104.052051, 44.574145 ], [ -104.052088, 44.574696 ], [ -104.052028, 44.57477 ], [ -104.051746, 44.574881 ], [ -104.051553, 44.574893 ], [ -104.051088, 44.574694 ], [ -104.050808, 44.574366 ], [ -104.050373, 44.574164 ], [ -104.049959, 44.574238 ], [ -104.049867, 44.574313 ], [ -104.049788, 44.574595 ], [ -104.049941, 44.57493 ], [ -104.050352, 44.575297 ], [ -104.050513, 44.575793 ], [ -104.050485, 44.576204 ], [ -104.050481, 44.57626 ], [ -104.050327, 44.576364 ], [ -104.050276, 44.576429 ], [ -104.050072, 44.576643 ], [ -104.049779, 44.576848 ], [ -104.04952, 44.576937 ], [ -104.04923, 44.576889 ], [ -104.04907, 44.576795 ], [ -104.049074, 44.576518 ], [ -104.049272, 44.576012 ], [ -104.049212, 44.575459 ], [ -104.049053, 44.575225 ], [ -104.048797, 44.575132 ], [ -104.048279, 44.575195 ], [ -104.048052, 44.575353 ], [ -104.047887, 44.575675 ], [ -104.047853, 44.57586 ], [ -104.047722, 44.576112 ], [ -104.047591, 44.576296 ], [ -104.047365, 44.576385 ], [ -104.04685, 44.576311 ], [ -104.046824, 44.575643 ], [ -104.046925, 44.57525 ], [ -104.046863, 44.574997 ], [ -104.046799, 44.574951 ], [ -104.046768, 44.574789 ], [ -104.046576, 44.574556 ], [ -104.046223, 44.574437 ], [ -104.045643, 44.574454 ], [ -104.043508, 44.574986 ], [ -104.041343, 44.575424 ], [ -104.040695, 44.575718 ], [ -104.040207, 44.576151 ], [ -104.040108, 44.576311 ], [ -104.040139, 44.576496 ], [ -104.040298, 44.57675 ], [ -104.040713, 44.576986 ], [ -104.040677, 44.577378 ], [ -104.040547, 44.577491 ], [ -104.04019, 44.577719 ], [ -104.03964, 44.577713 ], [ -104.038644, 44.577496 ], [ -104.038191, 44.577536 ], [ -104.037834, 44.577764 ], [ -104.037828, 44.578386 ], [ -104.037859, 44.578547 ], [ -104.038051, 44.578688 ], [ -104.038852, 44.579088 ], [ -104.038917, 44.579204 ], [ -104.038914, 44.579412 ], [ -104.038362, 44.579797 ], [ -104.037973, 44.579978 ], [ -104.03739, 44.580064 ], [ -104.036939, 44.580037 ], [ -104.036651, 44.579871 ], [ -104.036659, 44.579203 ], [ -104.036403, 44.578971 ], [ -104.036049, 44.578898 ], [ -104.035595, 44.579032 ], [ -104.034976, 44.579486 ], [ -104.034746, 44.579877 ], [ -104.034638, 44.580958 ], [ -104.034377, 44.58121 ], [ -104.033958, 44.581228 ], [ -104.033765, 44.581133 ], [ -104.033286, 44.58076 ], [ -104.033255, 44.580552 ], [ -104.033127, 44.580482 ], [ -104.033196, 44.579998 ], [ -104.033262, 44.579953 ], [ -104.033393, 44.579677 ], [ -104.033524, 44.579494 ], [ -104.033624, 44.579196 ], [ -104.033434, 44.578871 ], [ -104.033051, 44.578613 ], [ -104.03228, 44.57826 ], [ -104.031316, 44.577881 ], [ -104.031092, 44.577648 ], [ -104.031127, 44.577533 ], [ -104.030902, 44.577346 ], [ -104.030906, 44.577047 ], [ -104.030747, 44.576907 ], [ -104.030036, 44.576992 ], [ -104.029227, 44.577237 ], [ -104.02903, 44.577419 ], [ -104.028932, 44.57758 ], [ -104.028834, 44.577832 ], [ -104.028622, 44.579398 ], [ -104.028525, 44.579535 ], [ -104.028457, 44.579835 ], [ -104.028096, 44.580245 ], [ -104.02787, 44.580358 ], [ -104.027644, 44.580356 ], [ -104.027322, 44.580306 ], [ -104.027228, 44.580074 ], [ -104.027361, 44.579823 ], [ -104.027458, 44.579755 ], [ -104.027626, 44.579133 ], [ -104.027403, 44.578784 ], [ -104.026823, 44.578803 ], [ -104.025686, 44.579528 ], [ -104.025684, 44.579538 ], [ -104.025592, 44.579974 ], [ -104.025654, 44.580085 ], [ -104.025653, 44.580241 ], [ -104.02671, 44.581132 ], [ -104.026802, 44.581443 ], [ -104.026678, 44.581644 ], [ -104.026304, 44.581708 ], [ -104.025899, 44.581753 ], [ -104.025774, 44.581909 ], [ -104.025835, 44.58242 ], [ -104.02596, 44.582509 ], [ -104.025928, 44.582798 ], [ -104.025905, 44.5828 ], [ -104.025749, 44.582811 ], [ -104.025265, 44.582851 ], [ -104.024977, 44.582765 ], [ -104.024174, 44.582072 ], [ -104.023946, 44.581737 ], [ -104.023784, 44.581467 ], [ -104.023364, 44.580906 ], [ -104.023167, 44.580545 ], [ -104.02304, 44.580458 ], [ -104.022942, 44.580278 ], [ -104.022781, 44.580166 ], [ -104.022489, 44.579786 ], [ -104.022453, 44.579513 ], [ -104.022703, 44.579238 ], [ -104.022745, 44.579122 ], [ -104.022867, 44.578805 ], [ -104.022865, 44.578779 ], [ -104.022842, 44.578462 ], [ -104.022433, 44.578066 ], [ -104.021035, 44.577654 ], [ -104.019986, 44.577475 ], [ -104.018579, 44.577495 ], [ -104.018535, 44.577491 ], [ -104.018164, 44.577454 ], [ -104.017618, 44.577144 ], [ -104.016912, 44.577019 ], [ -104.016502, 44.577253 ], [ -104.016476, 44.577642 ], [ -104.017213, 44.577903 ], [ -104.017471, 44.578081 ], [ -104.017477, 44.578378 ], [ -104.017384, 44.578563 ], [ -104.017255, 44.578587 ], [ -104.017225, 44.578725 ], [ -104.0171, 44.578863 ], [ -104.017103, 44.579068 ], [ -104.017232, 44.579226 ], [ -104.0173, 44.579362 ], [ -104.01743, 44.579474 ], [ -104.017466, 44.579816 ], [ -104.017405, 44.579999 ], [ -104.017054, 44.580118 ], [ -104.016229, 44.580291 ], [ -104.015877, 44.580228 ], [ -104.015553, 44.579982 ], [ -104.015418, 44.57946 ], [ -104.015128, 44.57919 ], [ -104.014839, 44.579195 ], [ -104.014301, 44.579476 ], [ -104.013918, 44.579483 ], [ -104.013044, 44.578653 ], [ -104.013006, 44.578311 ], [ -104.013228, 44.578103 ], [ -104.013703, 44.577935 ], [ -104.013797, 44.57782 ], [ -104.013824, 44.5775 ], [ -104.013341, 44.577164 ], [ -104.0132, 44.577046 ], [ -104.013154, 44.577006 ], [ -104.013051, 44.576918 ], [ -104.012925, 44.576437 ], [ -104.012938, 44.576302 ], [ -104.012943, 44.57625 ], [ -104.012989, 44.575774 ], [ -104.012916, 44.575758 ], [ -104.012571, 44.575682 ], [ -104.012314, 44.575705 ], [ -104.012057, 44.57582 ], [ -104.011713, 44.575881 ], [ -104.011639, 44.575894 ], [ -104.01164, 44.575961 ], [ -104.011542, 44.575976 ], [ -104.011416, 44.575883 ], [ -104.011352, 44.5757 ], [ -104.011645, 44.575381 ], [ -104.011615, 44.575106 ], [ -104.011007, 44.574871 ], [ -104.009249, 44.574558 ], [ -104.00749, 44.574313 ], [ -104.00688, 44.574306 ], [ -104.006657, 44.574327 ], [ -104.006206, 44.574529 ], [ -104.005882, 44.574984 ], [ -104.005242, 44.575 ], [ -104.00467, 44.574514 ], [ -104.004544, 44.574238 ], [ -104.004451, 44.574238 ], [ -104.004326, 44.574245 ], [ -104.004265, 44.574199 ], [ -104.004204, 44.574252 ], [ -104.003674, 44.573774 ], [ -104.00333, 44.573542 ], [ -104.002671, 44.573373 ], [ -104.002103, 44.57343 ], [ -104.001562, 44.573667 ], [ -104.00095, 44.574198 ], [ -104.000488, 44.574032 ], [ -104.000487, 44.574105 ], [ -104.000487, 44.57458 ], [ -104.000392, 44.574611 ], [ -104.00008, 44.574814 ], [ -103.999935, 44.575001 ], [ -104.000058, 44.575734 ], [ -104.00007, 44.575803 ], [ -104.000055, 44.575908 ], [ -103.999883, 44.576421 ], [ -103.999676, 44.576886 ], [ -103.999605, 44.577188 ], [ -103.999231, 44.577836 ], [ -103.998995, 44.578139 ], [ -103.998698, 44.578202 ], [ -103.997517, 44.578202 ], [ -103.997185, 44.578312 ], [ -103.996826, 44.578282 ], [ -103.995817, 44.577981 ], [ -103.995821, 44.577629 ], [ -103.996256, 44.577238 ], [ -103.996325, 44.577052 ], [ -103.996195, 44.576978 ], [ -103.995702, 44.577085 ], [ -103.994969, 44.577564 ], [ -103.994668, 44.57798 ], [ -103.994275, 44.577924 ], [ -103.993819, 44.577681 ], [ -103.993368, 44.577273 ], [ -103.992886, 44.576678 ], [ -103.992497, 44.576482 ], [ -103.990437, 44.576184 ], [ -103.989719, 44.57591 ], [ -103.989292, 44.575948 ], [ -103.989225, 44.57604 ], [ -103.98919, 44.576134 ], [ -103.98961, 44.57647 ], [ -103.98983, 44.576969 ], [ -103.990382, 44.577307 ], [ -103.991164, 44.577581 ], [ -103.991294, 44.577701 ], [ -103.991287, 44.577959 ], [ -103.991186, 44.57812 ], [ -103.990422, 44.578576 ], [ -103.990152, 44.578828 ], [ -103.989891, 44.578799 ], [ -103.989729, 44.578749 ], [ -103.989481, 44.578064 ], [ -103.989351, 44.577944 ], [ -103.989152, 44.578013 ], [ -103.989043, 44.578052 ], [ -103.988412, 44.578295 ], [ -103.988247, 44.578183 ], [ -103.988308, 44.577882 ], [ -103.988437, 44.577741 ], [ -103.988396, 44.577326 ], [ -103.987974, 44.577124 ], [ -103.987519, 44.57706 ], [ -103.987359, 44.577109 ], [ -103.987267, 44.577387 ], [ -103.987335, 44.577734 ], [ -103.987305, 44.57785 ], [ -103.987208, 44.577897 ], [ -103.98666, 44.577905 ], [ -103.986203, 44.577658 ], [ -103.986231, 44.577357 ], [ -103.986328, 44.577285 ], [ -103.986295, 44.577216 ], [ -103.986421, 44.577054 ], [ -103.986421, 44.576984 ], [ -103.986609, 44.576682 ], [ -103.986609, 44.576636 ], [ -103.986672, 44.576542 ], [ -103.986767, 44.576379 ], [ -103.986795, 44.576148 ], [ -103.986632, 44.575988 ], [ -103.986083, 44.576111 ], [ -103.985382, 44.576654 ], [ -103.984225, 44.577178 ], [ -103.98265, 44.577732 ], [ -103.982299, 44.577944 ], [ -103.982333, 44.578198 ], [ -103.98269, 44.57824 ], [ -103.982631, 44.578771 ], [ -103.982763, 44.578815 ], [ -103.983342, 44.578693 ], [ -103.98376, 44.578502 ], [ -103.984019, 44.57852 ], [ -103.984226, 44.579442 ], [ -103.984131, 44.579558 ], [ -103.983072, 44.580012 ], [ -103.982527, 44.580343 ], [ -103.981462, 44.580451 ], [ -103.981045, 44.580665 ], [ -103.980987, 44.58122 ], [ -103.98083, 44.581431 ], [ -103.980154, 44.581602 ], [ -103.979863, 44.581652 ], [ -103.97973, 44.581632 ], [ -103.978934, 44.581495 ], [ -103.978487, 44.581312 ], [ -103.978518, 44.581129 ], [ -103.978583, 44.580992 ], [ -103.979287, 44.580672 ], [ -103.97935, 44.580397 ], [ -103.979125, 44.580191 ], [ -103.979093, 44.579871 ], [ -103.979509, 44.579414 ], [ -103.979541, 44.579208 ], [ -103.979284, 44.579093 ], [ -103.979029, 44.579049 ], [ -103.978325, 44.579232 ], [ -103.978069, 44.579483 ], [ -103.97807, 44.579574 ], [ -103.97791, 44.579621 ], [ -103.97791, 44.57972 ], [ -103.977907, 44.579985 ], [ -103.977617, 44.580416 ], [ -103.977073, 44.580708 ], [ -103.976434, 44.580864 ], [ -103.976115, 44.580861 ], [ -103.975924, 44.580768 ], [ -103.975989, 44.580519 ], [ -103.97663, 44.580136 ], [ -103.976663, 44.579953 ], [ -103.976314, 44.579837 ], [ -103.975166, 44.579828 ], [ -103.973634, 44.580068 ], [ -103.972642, 44.580312 ], [ -103.972324, 44.580309 ], [ -103.972038, 44.580101 ], [ -103.971976, 44.579759 ], [ -103.972073, 44.579691 ], [ -103.972074, 44.579624 ], [ -103.97281, 44.579082 ], [ -103.972812, 44.578922 ], [ -103.97259, 44.578715 ], [ -103.97256, 44.578511 ], [ -103.972912, 44.578216 ], [ -103.972914, 44.578125 ], [ -103.973043, 44.577944 ], [ -103.972852, 44.57776 ], [ -103.972151, 44.577595 ], [ -103.97094, 44.577449 ], [ -103.970082, 44.577102 ], [ -103.969699, 44.577144 ], [ -103.96941, 44.57737 ], [ -103.969409, 44.577576 ], [ -103.969599, 44.577737 ], [ -103.970682, 44.578087 ], [ -103.970808, 44.578223 ], [ -103.970769, 44.579044 ], [ -103.97096, 44.57916 ], [ -103.970958, 44.579434 ], [ -103.970734, 44.579523 ], [ -103.970351, 44.579497 ], [ -103.969684, 44.579378 ], [ -103.968948, 44.579442 ], [ -103.968564, 44.579644 ], [ -103.968404, 44.579755 ], [ -103.968433, 44.580281 ], [ -103.968812, 44.580649 ], [ -103.96913, 44.580834 ], [ -103.969097, 44.581107 ], [ -103.968487, 44.581671 ], [ -103.968368, 44.58165 ], [ -103.96834, 44.581657 ], [ -103.967954, 44.581837 ], [ -103.96745, 44.581871 ], [ -103.967161, 44.581674 ], [ -103.967091, 44.581315 ], [ -103.967461, 44.580879 ], [ -103.967548, 44.580562 ], [ -103.967095, 44.579964 ], [ -103.966518, 44.57957 ], [ -103.966244, 44.579476 ], [ -103.966192, 44.579457 ], [ -103.965745, 44.579291 ], [ -103.965411, 44.57917 ], [ -103.964153, 44.57871 ], [ -103.9638, 44.578367 ], [ -103.9638, 44.57823 ], [ -103.963673, 44.578161 ], [ -103.963513, 44.577704 ], [ -103.963289, 44.577567 ], [ -103.962456, 44.577773 ], [ -103.961624, 44.577726 ], [ -103.96123, 44.577695 ], [ -103.960765, 44.577662 ], [ -103.960229, 44.577396 ], [ -103.959973, 44.577174 ], [ -103.959657, 44.577176 ], [ -103.959532, 44.577267 ], [ -103.959536, 44.577561 ], [ -103.959664, 44.577808 ], [ -103.959666, 44.577898 ], [ -103.959761, 44.577942 ], [ -103.959797, 44.578617 ], [ -103.959672, 44.578664 ], [ -103.959419, 44.578666 ], [ -103.959007, 44.578488 ], [ -103.95815, 44.577753 ], [ -103.957801, 44.577553 ], [ -103.957424, 44.577603 ], [ -103.957141, 44.577897 ], [ -103.956864, 44.578667 ], [ -103.956677, 44.578916 ], [ -103.95564, 44.579105 ], [ -103.954316, 44.57923 ], [ -103.953716, 44.579213 ], [ -103.953495, 44.579146 ], [ -103.953492, 44.578899 ], [ -103.9539, 44.578692 ], [ -103.955096, 44.578298 ], [ -103.955408, 44.57807 ], [ -103.955436, 44.577754 ], [ -103.95512, 44.57751 ], [ -103.954835, 44.577422 ], [ -103.953828, 44.577589 ], [ -103.952038, 44.578371 ], [ -103.951088, 44.578659 ], [ -103.950433, 44.578859 ], [ -103.95015, 44.579086 ], [ -103.949964, 44.579314 ], [ -103.949744, 44.579519 ], [ -103.948958, 44.579773 ], [ -103.947542, 44.580101 ], [ -103.946408, 44.580134 ], [ -103.94625, 44.580067 ], [ -103.946278, 44.579865 ], [ -103.946687, 44.579748 ], [ -103.947852, 44.579467 ], [ -103.947944, 44.579286 ], [ -103.947971, 44.578722 ], [ -103.948065, 44.578496 ], [ -103.948438, 44.578042 ], [ -103.948437, 44.577817 ], [ -103.94831, 44.57766 ], [ -103.94777, 44.577484 ], [ -103.947268, 44.577647 ], [ -103.946421, 44.578217 ], [ -103.945418, 44.578791 ], [ -103.945452, 44.579105 ], [ -103.945484, 44.579217 ], [ -103.945487, 44.579466 ], [ -103.945236, 44.579671 ], [ -103.944137, 44.580289 ], [ -103.943968, 44.580447 ], [ -103.943858, 44.58055 ], [ -103.942829, 44.581466 ], [ -103.941973, 44.581901 ], [ -103.941347, 44.582155 ], [ -103.940488, 44.582731 ], [ -103.940194, 44.582729 ], [ -103.939932, 44.582562 ], [ -103.939971, 44.58207 ], [ -103.940073, 44.581743 ], [ -103.939977, 44.581343 ], [ -103.939816, 44.581179 ], [ -103.939098, 44.580891 ], [ -103.938739, 44.580676 ], [ -103.938482, 44.580181 ], [ -103.938122, 44.580178 ], [ -103.93779, 44.580456 ], [ -103.937789, 44.580573 ], [ -103.93746, 44.580758 ], [ -103.937166, 44.58066 ], [ -103.936646, 44.58014 ], [ -103.936092, 44.579759 ], [ -103.934523, 44.579369 ], [ -103.933931, 44.579386 ], [ -103.933044, 44.579682 ], [ -103.932581, 44.580029 ], [ -103.932447, 44.580262 ], [ -103.932498, 44.5804 ], [ -103.932607, 44.580702 ], [ -103.932571, 44.581091 ], [ -103.931894, 44.581637 ], [ -103.931893, 44.581956 ], [ -103.93324, 44.581989 ], [ -103.933399, 44.582127 ], [ -103.933493, 44.582288 ], [ -103.933459, 44.582745 ], [ -103.933232, 44.583157 ], [ -103.932974, 44.58343 ], [ -103.932299, 44.583701 ], [ -103.932105, 44.583722 ], [ -103.931914, 44.583561 ], [ -103.931853, 44.583011 ], [ -103.931567, 44.582825 ], [ -103.930541, 44.583002 ], [ -103.930058, 44.583297 ], [ -103.930088, 44.583503 ], [ -103.931144, 44.583854 ], [ -103.931494, 44.584108 ], [ -103.931589, 44.584291 ], [ -103.931554, 44.584749 ], [ -103.931423, 44.58507 ], [ -103.931166, 44.585182 ], [ -103.931166, 44.585286 ], [ -103.930999, 44.585197 ], [ -103.930879, 44.585206 ], [ -103.930591, 44.585 ], [ -103.930271, 44.584543 ], [ -103.929793, 44.584199 ], [ -103.929569, 44.583971 ], [ -103.928897, 44.583696 ], [ -103.928193, 44.583148 ], [ -103.927521, 44.583193 ], [ -103.927104, 44.583422 ], [ -103.927104, 44.583719 ], [ -103.927328, 44.583994 ], [ -103.927296, 44.584199 ], [ -103.927169, 44.584405 ], [ -103.926592, 44.584657 ], [ -103.926048, 44.584771 ], [ -103.92496, 44.584862 ], [ -103.924578, 44.585044 ], [ -103.924544, 44.585205 ], [ -103.924801, 44.585365 ], [ -103.925185, 44.585502 ], [ -103.925472, 44.585662 ], [ -103.925408, 44.585823 ], [ -103.924642, 44.58621 ], [ -103.924002, 44.586828 ], [ -103.92381, 44.58692 ], [ -103.923553, 44.586874 ], [ -103.922946, 44.586622 ], [ -103.922369, 44.586188 ], [ -103.921442, 44.585205 ], [ -103.920929, 44.584359 ], [ -103.920675, 44.584153 ], [ -103.920515, 44.584107 ], [ -103.919873, 44.584221 ], [ -103.919425, 44.584494 ], [ -103.919426, 44.584907 ], [ -103.919904, 44.585272 ], [ -103.919969, 44.585432 ], [ -103.919936, 44.585662 ], [ -103.919713, 44.585753 ], [ -103.918976, 44.585844 ], [ -103.918528, 44.58621 ], [ -103.918017, 44.586689 ], [ -103.918016, 44.587079 ], [ -103.918434, 44.587353 ], [ -103.918817, 44.587536 ], [ -103.918946, 44.587696 ], [ -103.918914, 44.587948 ], [ -103.918433, 44.588291 ], [ -103.918465, 44.588519 ], [ -103.919456, 44.589206 ], [ -103.919329, 44.589389 ], [ -103.918721, 44.589388 ], [ -103.918272, 44.589228 ], [ -103.917825, 44.588839 ], [ -103.917473, 44.588336 ], [ -103.917218, 44.588131 ], [ -103.916513, 44.588313 ], [ -103.916193, 44.588473 ], [ -103.916193, 44.588838 ], [ -103.91629, 44.588885 ], [ -103.916322, 44.589114 ], [ -103.916482, 44.589319 ], [ -103.91648, 44.589777 ], [ -103.916353, 44.589914 ], [ -103.916033, 44.590005 ], [ -103.915776, 44.589914 ], [ -103.915681, 44.589639 ], [ -103.914977, 44.589205 ], [ -103.914753, 44.588542 ], [ -103.914562, 44.588381 ], [ -103.914049, 44.588496 ], [ -103.913313, 44.588906 ], [ -103.912289, 44.589204 ], [ -103.911841, 44.589204 ], [ -103.911617, 44.589044 ], [ -103.911618, 44.588747 ], [ -103.912098, 44.588472 ], [ -103.912066, 44.588152 ], [ -103.911746, 44.587924 ], [ -103.911106, 44.587946 ], [ -103.910603, 44.588065 ], [ -103.910529, 44.588082 ], [ -103.910451, 44.588246 ], [ -103.91009, 44.588241 ], [ -103.90993, 44.588172 ], [ -103.909933, 44.587806 ], [ -103.91016, 44.587533 ], [ -103.910134, 44.586939 ], [ -103.909879, 44.586799 ], [ -103.909494, 44.586773 ], [ -103.909366, 44.586863 ], [ -103.909299, 44.587274 ], [ -103.908787, 44.587201 ], [ -103.908149, 44.586989 ], [ -103.907539, 44.587075 ], [ -103.906831, 44.587436 ], [ -103.906541, 44.587707 ], [ -103.906571, 44.587913 ], [ -103.907693, 44.587832 ], [ -103.907883, 44.587971 ], [ -103.907912, 44.588223 ], [ -103.907719, 44.588336 ], [ -103.906725, 44.588669 ], [ -103.906499, 44.588851 ], [ -103.906466, 44.588988 ], [ -103.906943, 44.589359 ], [ -103.907068, 44.589543 ], [ -103.907001, 44.589817 ], [ -103.906581, 44.590247 ], [ -103.905905, 44.590584 ], [ -103.90565, 44.590582 ], [ -103.90533, 44.590534 ], [ -103.904789, 44.590232 ], [ -103.904437, 44.590297 ], [ -103.904339, 44.590434 ], [ -103.904335, 44.590823 ], [ -103.904841, 44.591513 ], [ -103.904935, 44.591787 ], [ -103.90464, 44.592335 ], [ -103.90467, 44.592588 ], [ -103.904797, 44.592726 ], [ -103.905564, 44.592938 ], [ -103.906109, 44.592989 ], [ -103.907392, 44.592772 ], [ -103.907519, 44.592818 ], [ -103.907516, 44.593161 ], [ -103.907193, 44.593455 ], [ -103.90671, 44.59368 ], [ -103.906358, 44.593654 ], [ -103.905206, 44.59369 ], [ -103.904498, 44.593981 ], [ -103.903532, 44.594659 ], [ -103.903114, 44.594816 ], [ -103.901288, 44.594938 ], [ -103.900264, 44.594791 ], [ -103.899852, 44.594421 ], [ -103.89902, 44.594414 ], [ -103.898223, 44.594063 ], [ -103.897806, 44.594152 ], [ -103.897835, 44.594426 ], [ -103.898214, 44.594865 ], [ -103.898181, 44.595185 ], [ -103.898051, 44.595298 ], [ -103.89773, 44.595272 ], [ -103.897124, 44.594901 ], [ -103.896708, 44.594897 ], [ -103.896452, 44.595054 ], [ -103.896448, 44.595444 ], [ -103.896701, 44.595744 ], [ -103.897115, 44.595976 ], [ -103.898173, 44.595985 ], [ -103.898427, 44.596056 ], [ -103.898459, 44.596194 ], [ -103.898425, 44.596468 ], [ -103.897844, 44.596898 ], [ -103.896845, 44.597369 ], [ -103.896334, 44.597319 ], [ -103.895408, 44.597082 ], [ -103.893902, 44.597137 ], [ -103.893424, 44.596996 ], [ -103.893362, 44.596721 ], [ -103.893493, 44.596402 ], [ -103.89427, 44.595585 ], [ -103.894691, 44.595016 ], [ -103.89469, 44.594948 ], [ -103.894787, 44.59488 ], [ -103.894761, 44.594353 ], [ -103.894539, 44.5941 ], [ -103.894221, 44.59396 ], [ -103.893739, 44.594069 ], [ -103.892487, 44.594492 ], [ -103.892356, 44.594674 ], [ -103.892259, 44.594811 ], [ -103.892319, 44.595248 ], [ -103.89251, 44.595432 ], [ -103.892476, 44.59566 ], [ -103.892282, 44.595751 ], [ -103.891802, 44.595699 ], [ -103.891548, 44.595629 ], [ -103.891133, 44.595352 ], [ -103.890973, 44.595326 ], [ -103.890717, 44.595337 ], [ -103.890648, 44.595341 ], [ -103.890494, 44.595347 ], [ -103.890206, 44.595599 ], [ -103.890045, 44.596261 ], [ -103.890013, 44.596948 ], [ -103.889788, 44.597153 ], [ -103.889469, 44.59729 ], [ -103.888093, 44.59729 ], [ -103.887965, 44.597381 ], [ -103.887805, 44.59761 ], [ -103.887933, 44.598159 ], [ -103.888188, 44.598364 ], [ -103.888956, 44.598548 ], [ -103.889051, 44.598594 ], [ -103.888988, 44.598731 ], [ -103.888891, 44.598868 ], [ -103.888412, 44.598959 ], [ -103.887675, 44.598822 ], [ -103.886459, 44.598272 ], [ -103.88614, 44.598226 ], [ -103.884796, 44.598249 ], [ -103.883069, 44.597859 ], [ -103.881468, 44.597698 ], [ -103.881373, 44.597378 ], [ -103.881405, 44.597126 ], [ -103.880222, 44.59692 ], [ -103.879965, 44.59708 ], [ -103.879836, 44.5974 ], [ -103.879613, 44.597537 ], [ -103.879068, 44.597559 ], [ -103.878237, 44.597308 ], [ -103.87815, 44.597298 ], [ -103.877821, 44.597262 ], [ -103.877276, 44.59749 ], [ -103.876829, 44.597536 ], [ -103.8755, 44.596814 ], [ -103.875482, 44.596804 ], [ -103.874099, 44.59644 ], [ -103.873907, 44.596257 ], [ -103.873905, 44.595868 ], [ -103.874576, 44.595045 ], [ -103.874577, 44.594633 ], [ -103.874398, 44.594315 ], [ -103.874383, 44.59429 ], [ -103.873928, 44.593926 ], [ -103.873509, 44.593795 ], [ -103.872875, 44.593904 ], [ -103.872801, 44.593918 ], [ -103.872515, 44.594128 ], [ -103.872073, 44.594733 ], [ -103.87185, 44.595011 ], [ -103.871466, 44.595062 ], [ -103.871172, 44.594743 ], [ -103.871007, 44.594447 ], [ -103.870223, 44.593584 ], [ -103.870157, 44.593308 ], [ -103.870282, 44.593008 ], [ -103.870597, 44.592659 ], [ -103.870626, 44.592404 ], [ -103.870075, 44.591976 ], [ -103.869959, 44.591875 ], [ -103.869916, 44.591836 ], [ -103.86966, 44.59161 ], [ -103.869438, 44.591381 ], [ -103.86947, 44.591291 ], [ -103.869154, 44.590901 ], [ -103.869156, 44.590696 ], [ -103.868933, 44.590512 ], [ -103.868934, 44.590467 ], [ -103.868744, 44.590192 ], [ -103.868364, 44.589984 ], [ -103.867154, 44.589704 ], [ -103.866805, 44.589519 ], [ -103.86668, 44.589314 ], [ -103.866681, 44.588949 ], [ -103.867098, 44.588611 ], [ -103.867484, 44.588249 ], [ -103.867516, 44.587908 ], [ -103.865198, 44.586891 ], [ -103.864181, 44.586542 ], [ -103.863384, 44.586513 ], [ -103.863257, 44.586581 ], [ -103.862937, 44.586784 ], [ -103.862647, 44.587169 ], [ -103.862613, 44.587577 ], [ -103.86277, 44.587944 ], [ -103.862959, 44.588196 ], [ -103.86299, 44.588378 ], [ -103.862701, 44.588672 ], [ -103.862668, 44.588944 ], [ -103.862774, 44.589032 ], [ -103.863627, 44.589332 ], [ -103.863772, 44.589537 ], [ -103.86365, 44.589711 ], [ -103.863062, 44.589847 ], [ -103.861405, 44.590003 ], [ -103.861049, 44.589993 ], [ -103.860477, 44.589977 ], [ -103.859684, 44.589843 ], [ -103.859053, 44.589672 ], [ -103.858653, 44.589353 ], [ -103.858395, 44.588766 ], [ -103.858146, 44.588641 ], [ -103.857729, 44.588664 ], [ -103.857268, 44.588891 ], [ -103.857132, 44.589021 ], [ -103.857029, 44.589771 ], [ -103.856962, 44.589836 ], [ -103.856133, 44.589861 ], [ -103.855808, 44.589918 ], [ -103.855645, 44.589968 ], [ -103.855464, 44.590188 ], [ -103.855176, 44.590297 ], [ -103.854985, 44.590332 ], [ -103.854846, 44.590201 ], [ -103.854699, 44.589884 ], [ -103.854674, 44.589491 ], [ -103.855065, 44.588981 ], [ -103.855444, 44.588239 ], [ -103.855405, 44.587568 ], [ -103.855205, 44.587488 ], [ -103.855006, 44.587453 ], [ -103.854696, 44.587703 ], [ -103.854502, 44.588249 ], [ -103.854484, 44.588505 ], [ -103.854338, 44.588746 ], [ -103.853917, 44.588794 ], [ -103.853251, 44.588509 ], [ -103.852923, 44.588481 ], [ -103.852579, 44.588689 ], [ -103.852468, 44.58902 ], [ -103.85247, 44.589577 ], [ -103.852617, 44.589893 ], [ -103.852789, 44.590045 ], [ -103.853867, 44.59012 ], [ -103.854076, 44.590339 ], [ -103.854168, 44.590799 ], [ -103.85384, 44.591306 ], [ -103.853349, 44.591799 ], [ -103.852937, 44.591986 ], [ -103.852295, 44.592095 ], [ -103.852171, 44.592303 ], [ -103.851147, 44.59198 ], [ -103.850619, 44.592233 ], [ -103.850095, 44.592327 ], [ -103.849772, 44.592313 ], [ -103.849264, 44.592082 ], [ -103.848574, 44.591566 ], [ -103.848485, 44.591354 ], [ -103.848459, 44.590496 ], [ -103.848178, 44.590228 ], [ -103.847387, 44.5898 ], [ -103.846999, 44.589784 ], [ -103.846705, 44.589919 ], [ -103.846543, 44.590003 ], [ -103.846533, 44.590072 ], [ -103.84651, 44.590277 ], [ -103.846255, 44.590529 ], [ -103.846062, 44.59062 ], [ -103.844912, 44.590712 ], [ -103.844655, 44.590621 ], [ -103.844654, 44.590209 ], [ -103.844949, 44.589835 ], [ -103.845071, 44.589683 ], [ -103.845093, 44.589491 ], [ -103.845103, 44.589409 ], [ -103.844654, 44.588905 ], [ -103.844526, 44.58886 ], [ -103.842925, 44.587534 ], [ -103.842445, 44.587351 ], [ -103.842029, 44.58742 ], [ -103.841038, 44.587832 ], [ -103.840143, 44.588426 ], [ -103.839663, 44.588815 ], [ -103.839119, 44.589113 ], [ -103.838447, 44.58941 ], [ -103.838192, 44.590233 ], [ -103.837999, 44.590485 ], [ -103.837743, 44.590599 ], [ -103.837232, 44.590554 ], [ -103.836047, 44.589891 ], [ -103.835535, 44.589182 ], [ -103.835247, 44.589045 ], [ -103.834895, 44.589114 ], [ -103.834415, 44.589594 ], [ -103.833905, 44.589983 ], [ -103.833905, 44.590257 ], [ -103.834353, 44.59092 ], [ -103.834352, 44.591194 ], [ -103.833936, 44.591629 ], [ -103.833937, 44.592018 ], [ -103.834289, 44.592178 ], [ -103.835057, 44.59236 ], [ -103.835889, 44.592795 ], [ -103.837456, 44.593114 ], [ -103.837776, 44.593273 ], [ -103.838034, 44.59348 ], [ -103.838034, 44.593709 ], [ -103.837874, 44.593823 ], [ -103.837298, 44.593983 ], [ -103.836209, 44.594121 ], [ -103.835026, 44.594098 ], [ -103.832753, 44.593893 ], [ -103.831287, 44.593913 ], [ -103.831233, 44.593914 ], [ -103.831089, 44.593916 ], [ -103.831043, 44.593915 ], [ -103.830712, 44.593913 ], [ -103.829744, 44.593909 ], [ -103.829504, 44.593892 ], [ -103.829457, 44.593889 ], [ -103.828912, 44.593842 ], [ -103.828498, 44.59368 ], [ -103.828533, 44.593223 ], [ -103.828789, 44.592814 ], [ -103.828728, 44.592562 ], [ -103.828568, 44.592538 ], [ -103.827865, 44.592581 ], [ -103.827001, 44.592828 ], [ -103.826425, 44.593167 ], [ -103.826295, 44.593349 ], [ -103.82626, 44.594193 ], [ -103.826065, 44.594934 ], [ -103.826066, 44.595103 ], [ -103.826416, 44.595491 ], [ -103.826991, 44.596039 ], [ -103.82782, 44.597064 ], [ -103.828682, 44.597199 ], [ -103.828843, 44.597315 ], [ -103.829002, 44.597701 ], [ -103.828939, 44.598066 ], [ -103.828684, 44.598341 ], [ -103.828204, 44.598546 ], [ -103.827088, 44.59882 ], [ -103.826961, 44.599002 ], [ -103.827026, 44.599299 ], [ -103.827089, 44.599435 ], [ -103.82744, 44.599664 ], [ -103.827537, 44.599708 ], [ -103.82782, 44.599633 ], [ -103.828015, 44.599727 ], [ -103.828242, 44.600013 ], [ -103.82834, 44.600322 ], [ -103.828404, 44.600369 ], [ -103.828364, 44.601126 ], [ -103.827964, 44.601452 ], [ -103.826237, 44.602238 ], [ -103.822722, 44.603453 ], [ -103.821224, 44.604239 ], [ -103.820639, 44.604777 ], [ -103.820517, 44.604777 ], [ -103.819381, 44.604774 ], [ -103.819155, 44.604773 ], [ -103.819087, 44.604773 ], [ -103.818605, 44.604789 ], [ -103.818363, 44.604797 ], [ -103.818291, 44.6048 ], [ -103.812665, 44.604786 ], [ -103.81257, 44.604786 ], [ -103.809501, 44.604778 ], [ -103.80939, 44.604777 ], [ -103.809322, 44.604778 ], [ -103.809214, 44.604778 ], [ -103.781911, 44.604713 ], [ -103.781696, 44.604713 ], [ -103.77974, 44.604707 ], [ -103.779543, 44.604707 ], [ -103.776891, 44.604702 ], [ -103.776796, 44.604702 ], [ -103.776716, 44.604702 ], [ -103.77534, 44.604698 ], [ -103.774996, 44.604697 ], [ -103.774836, 44.604697 ], [ -103.769472, 44.604684 ], [ -103.769355, 44.604684 ], [ -103.764522, 44.604672 ], [ -103.764443, 44.604672 ], [ -103.750476, 44.60464 ], [ -103.746372, 44.604646 ], [ -103.746307, 44.604646 ], [ -103.744669, 44.604654 ], [ -103.74459, 44.604653 ], [ -103.736937, 44.604652 ], [ -103.736799, 44.604653 ], [ -103.732604, 44.604658 ], [ -103.728873, 44.604663 ], [ -103.728671, 44.604663 ], [ -103.726924, 44.604666 ], [ -103.726705, 44.604664 ], [ -103.726505, 44.604663 ], [ -103.726406, 44.604663 ], [ -103.726282, 44.604663 ], [ -103.702928, 44.604589 ], [ -103.702522, 44.604555 ], [ -103.701929, 44.604506 ], [ -103.700422, 44.604386 ], [ -103.700162, 44.604411 ], [ -103.699997, 44.604428 ], [ -103.699736, 44.604454 ], [ -103.699708, 44.604454 ], [ -103.699525, 44.60441 ], [ -103.69909, 44.604418 ], [ -103.697222, 44.604456 ], [ -103.696768, 44.604458 ], [ -103.688453, 44.604502 ], [ -103.688414, 44.604502 ], [ -103.68837, 44.604502 ], [ -103.688335, 44.604502 ], [ -103.68789, 44.604502 ] ] ] } },
{ "type": "Feature", "properties": { "STATEFP": "56", "COUNTYFP": "027", "COUNTYNS": "01605078", "GEOID": "56027", "GEOIDFQ": "0500000US56027", "NAME": "Niobrara", "NAMELSAD": "Niobrara County", "LSAD": "06", "CLASSFP": "H1", "MTFCC": "G4020", "CSAFP": null, "CBSAFP": null, "METDIVFP": null, "FUNCSTAT": "A", "ALAND": 6801380681, "AWATER": 4969450, "INTPTLAT": "+43.0621590", "INTPTLON": "-104.4683727" }, "geometry": { "type": "Polygon", "coordinates": [ [ [ -104.430656, 42.610008 ], [ -104.430681, 42.610006 ], [ -104.430756, 42.610003 ], [ -104.430782, 42.610002 ], [ -104.432287, 42.60993 ], [ -104.43235, 42.609928 ], [ -104.436805, 42.60978 ], [ -104.438311, 42.60973 ], [ -104.43838, 42.609727 ], [ -104.438588, 42.609722 ], [ -104.438658, 42.609721 ], [ -104.439127, 42.609709 ], [ -104.440511, 42.609675 ], [ -104.440535, 42.609674 ], [ -104.441005, 42.609668 ], [ -104.441269, 42.609675 ], [ -104.443334, 42.609692 ], [ -104.445834, 42.609714 ], [ -104.450323, 42.609624 ], [ -104.450457, 42.609622 ], [ -104.451632, 42.609576 ], [ -104.452647, 42.609465 ], [ -104.452747, 42.609462 ], [ -104.453049, 42.609457 ], [ -104.45315, 42.609456 ], [ -104.453221, 42.609454 ], [ -104.453433, 42.60945 ], [ -104.453505, 42.609449 ], [ -104.455644, 42.609461 ], [ -104.462064, 42.609498 ], [ -104.464204, 42.609511 ], [ -104.464532, 42.609514 ], [ -104.464615, 42.609516 ], [ -104.465516, 42.609528 ], [ -104.465845, 42.609533 ], [ -104.466833, 42.609556 ], [ -104.46701, 42.60956 ], [ -104.467153, 42.609563 ], [ -104.468065, 42.609584 ], [ -104.468126, 42.609585 ], [ -104.470629, 42.609607 ], [ -104.471068, 42.609611 ], [ -104.471169, 42.609609 ], [ -104.47174, 42.609597 ], [ -104.472487, 42.609588 ], [ -104.474705, 42.609632 ], [ -104.481652, 42.609559 ], [ -104.483968, 42.609536 ], [ -104.485655, 42.609529 ], [ -104.490718, 42.609512 ], [ -104.492406, 42.609507 ], [ -104.495963, 42.609494 ], [ -104.50051, 42.609479 ], [ -104.504624, 42.609453 ], [ -104.506635, 42.609439 ], [ -104.510193, 42.609417 ], [ -104.511324, 42.609409 ], [ -104.51472, 42.609388 ], [ -104.515852, 42.609381 ], [ -104.516882, 42.609374 ], [ -104.519975, 42.609355 ], [ -104.521006, 42.609349 ], [ -104.521071, 42.609348 ], [ -104.522431, 42.609339 ], [ -104.526709, 42.609313 ], [ -104.527667, 42.609308 ], [ -104.528135, 42.609305 ], [ -104.528604, 42.609302 ], [ -104.530015, 42.609293 ], [ -104.530485, 42.609291 ], [ -104.530735, 42.609289 ], [ -104.531485, 42.609285 ], [ -104.531736, 42.609284 ], [ -104.533905, 42.60927 ], [ -104.536693, 42.609252 ], [ -104.540414, 42.60923 ], [ -104.542584, 42.609217 ], [ -104.543092, 42.609213 ], [ -104.544619, 42.609205 ], [ -104.545128, 42.609202 ], [ -104.548698, 42.60918 ], [ -104.552157, 42.609158 ], [ -104.558712, 42.609118 ], [ -104.573246, 42.609028 ], [ -104.580275, 42.608985 ], [ -104.584479, 42.608958 ], [ -104.586349, 42.608947 ], [ -104.597091, 42.608879 ], [ -104.601295, 42.608853 ], [ -104.601531, 42.608851 ], [ -104.602239, 42.608847 ], [ -104.602476, 42.608846 ], [ -104.60445, 42.608833 ], [ -104.610375, 42.608796 ], [ -104.611847, 42.608787 ], [ -104.61235, 42.608805 ], [ -104.616111, 42.608934 ], [ -104.622184, 42.609143 ], [ -104.625513, 42.609257 ], [ -104.627395, 42.609261 ], [ -104.628452, 42.609264 ], [ -104.63116, 42.609271 ], [ -104.636055, 42.60931 ], [ -104.650743, 42.609428 ], [ -104.655639, 42.609468 ], [ -104.656287, 42.609473 ], [ -104.658231, 42.609489 ], [ -104.658442, 42.609491 ], [ -104.65888, 42.609494 ], [ -104.659866, 42.609502 ], [ -104.662826, 42.609526 ], [ -104.663813, 42.609534 ], [ -104.669624, 42.609565 ], [ -104.687057, 42.609661 ], [ -104.692868, 42.609693 ], [ -104.69299, 42.609695 ], [ -104.693356, 42.609704 ], [ -104.693478, 42.609707 ], [ -104.6937, 42.609714 ], [ -104.694366, 42.609738 ], [ -104.694588, 42.609746 ], [ -104.694845, 42.609748 ], [ -104.695619, 42.609754 ], [ -104.695877, 42.609757 ], [ -104.700872, 42.609802 ], [ -104.71586, 42.609937 ], [ -104.720856, 42.609982 ], [ -104.723926, 42.610005 ], [ -104.733139, 42.610076 ], [ -104.73621, 42.6101 ], [ -104.736254, 42.610098 ], [ -104.73672, 42.61008 ], [ -104.738211, 42.610094 ], [ -104.74093, 42.61012 ], [ -104.7439, 42.61013 ], [ -104.744086, 42.610131 ], [ -104.746045, 42.61015 ], [ -104.747706, 42.610165 ], [ -104.74813, 42.61017 ], [ -104.75145, 42.61017 ], [ -104.752692, 42.610175 ], [ -104.75393, 42.61018 ], [ -104.754354, 42.61018 ], [ -104.75626, 42.61018 ], [ -104.76065, 42.61023 ], [ -104.764221, 42.61024 ], [ -104.765302, 42.61021 ], [ -104.766001, 42.610189 ], [ -104.7677, 42.610129 ], [ -104.77072, 42.61002 ], [ -104.774169, 42.609962 ], [ -104.77433, 42.60996 ], [ -104.776046, 42.609926 ], [ -104.77683, 42.60991 ], [ -104.77887, 42.60989 ], [ -104.779676, 42.609871 ], [ -104.77974, 42.60987 ], [ -104.78273, 42.60989 ], [ -104.78466, 42.60987 ], [ -104.78538, 42.60985 ], [ -104.78687, 42.60985 ], [ -104.79016, 42.60983 ], [ -104.790569, 42.609828 ], [ -104.7942, 42.60982 ], [ -104.794912, 42.609849 ], [ -104.797048, 42.609936 ], [ -104.797761, 42.609965 ], [ -104.803316, 42.609952 ], [ -104.819984, 42.609915 ], [ -104.825253, 42.609904 ], [ -104.82554, 42.609916 ], [ -104.826231, 42.609945 ], [ -104.828307, 42.610034 ], [ -104.828474, 42.610042 ], [ -104.829, 42.610064 ], [ -104.837788, 42.610029 ], [ -104.854635, 42.609964 ], [ -104.864153, 42.609925 ], [ -104.872942, 42.609889 ], [ -104.874053, 42.609692 ], [ -104.875522, 42.609433 ], [ -104.876532, 42.609403 ], [ -104.87688, 42.609393 ], [ -104.877415, 42.609377 ], [ -104.878361, 42.60935 ], [ -104.878543, 42.609345 ], [ -104.881321, 42.609263 ], [ -104.889658, 42.60902 ], [ -104.892437, 42.608939 ], [ -104.892421, 42.609083 ], [ -104.892377, 42.609515 ], [ -104.892363, 42.60966 ], [ -104.892364, 42.609892 ], [ -104.892369, 42.610594 ], [ -104.892372, 42.610828 ], [ -104.892375, 42.611315 ], [ -104.892387, 42.612778 ], [ -104.892392, 42.613267 ], [ -104.892355, 42.616275 ], [ -104.892249, 42.624956 ], [ -104.892249, 42.6253 ], [ -104.892253, 42.628309 ], [ -104.892251, 42.630111 ], [ -104.892251, 42.630326 ], [ -104.89226, 42.63552 ], [ -104.892266, 42.637323 ], [ -104.892266, 42.639744 ], [ -104.892276, 42.647011 ], [ -104.892281, 42.649437 ], [ -104.89228, 42.650019 ], [ -104.892285, 42.651775 ], [ -104.892289, 42.652361 ], [ -104.892292, 42.654178 ], [ -104.892294, 42.655535 ], [ -104.892296, 42.656923 ], [ -104.8923, 42.659632 ], [ -104.892303, 42.661451 ], [ -104.892303, 42.661999 ], [ -104.892305, 42.663647 ], [ -104.892308, 42.664197 ], [ -104.892306, 42.667226 ], [ -104.892306, 42.676321 ], [ -104.892307, 42.679354 ], [ -104.892307, 42.679937 ], [ -104.89231, 42.681689 ], [ -104.892311, 42.682273 ], [ -104.892315, 42.683847 ], [ -104.892327, 42.688569 ], [ -104.892331, 42.690143 ], [ -104.892332, 42.690165 ], [ -104.892336, 42.690236 ], [ -104.892338, 42.69026 ], [ -104.892411, 42.691531 ], [ -104.892634, 42.695346 ], [ -104.892709, 42.696618 ], [ -104.892709, 42.696647 ], [ -104.892709, 42.696734 ], [ -104.89271, 42.696763 ], [ -104.892713, 42.699596 ], [ -104.892716, 42.701146 ], [ -104.892836, 42.708097 ], [ -104.892846, 42.708662 ], [ -104.892865, 42.710931 ], [ -104.892884, 42.713061 ], [ -104.89293, 42.717869 ], [ -104.892955, 42.719451 ], [ -104.892967, 42.72021 ], [ -104.893133, 42.721001 ], [ -104.893413, 42.72149 ], [ -104.893363, 42.721961 ], [ -104.893213, 42.723374 ], [ -104.893164, 42.723846 ], [ -104.893157, 42.72418 ], [ -104.893137, 42.725181 ], [ -104.893131, 42.725516 ], [ -104.893127, 42.725686 ], [ -104.89312, 42.726199 ], [ -104.89312, 42.726371 ], [ -104.89311, 42.72711 ], [ -104.893086, 42.729334 ], [ -104.893078, 42.730077 ], [ -104.893048, 42.732757 ], [ -104.893032, 42.734363 ], [ -104.893011, 42.740803 ], [ -104.893003, 42.743486 ], [ -104.893, 42.744257 ], [ -104.892994, 42.746574 ], [ -104.892993, 42.747346 ], [ -104.892991, 42.747515 ], [ -104.892989, 42.748027 ], [ -104.892991, 42.748199 ], [ -104.892988, 42.748556 ], [ -104.892986, 42.749614 ], [ -104.892986, 42.749967 ], [ -104.892985, 42.751953 ], [ -104.892984, 42.757395 ], [ -104.892984, 42.757426 ], [ -104.892973, 42.757911 ], [ -104.892932, 42.759897 ], [ -104.892934, 42.76 ], [ -104.892942, 42.760284 ], [ -104.892943, 42.760312 ], [ -104.892946, 42.760416 ], [ -104.89295, 42.760654 ], [ -104.892967, 42.761371 ], [ -104.892975, 42.761611 ], [ -104.892976, 42.761679 ], [ -104.892981, 42.761886 ], [ -104.892983, 42.761957 ], [ -104.89304, 42.764373 ], [ -104.893212, 42.771625 ], [ -104.893214, 42.771686 ], [ -104.893271, 42.774044 ], [ -104.893275, 42.77423 ], [ -104.89331, 42.775798 ], [ -104.893435, 42.781063 ], [ -104.893479, 42.78282 ], [ -104.89434, 42.78286 ], [ -104.894478, 42.782865 ], [ -104.897479, 42.782988 ], [ -104.89848, 42.78303 ], [ -104.898453, 42.784193 ], [ -104.898374, 42.787685 ], [ -104.89836, 42.78832 ], [ -104.898352, 42.788849 ], [ -104.898341, 42.789589 ], [ -104.89832, 42.79113 ], [ -104.898313, 42.791812 ], [ -104.898307, 42.792554 ], [ -104.898298, 42.793552 ], [ -104.898271, 42.796546 ], [ -104.89827, 42.79676 ], [ -104.8983, 42.79741 ], [ -104.898323, 42.797542 ], [ -104.898393, 42.797958 ], [ -104.89844, 42.79823 ], [ -104.898622, 42.799204 ], [ -104.898674, 42.799482 ], [ -104.8987, 42.79962 ], [ -104.898709, 42.799862 ], [ -104.898727, 42.800276 ], [ -104.898742, 42.800588 ], [ -104.898756, 42.80083 ], [ -104.898764, 42.800941 ], [ -104.89895, 42.802367 ], [ -104.899031, 42.802982 ], [ -104.899373, 42.804524 ], [ -104.89917, 42.806327 ], [ -104.899094, 42.806958 ], [ -104.898912, 42.808497 ], [ -104.898861, 42.809096 ], [ -104.89871, 42.810894 ], [ -104.898661, 42.811494 ], [ -104.898668, 42.811587 ], [ -104.898689, 42.811867 ], [ -104.898697, 42.811961 ], [ -104.898704, 42.81206 ], [ -104.898728, 42.812358 ], [ -104.898736, 42.812458 ], [ -104.898738, 42.812492 ], [ -104.898747, 42.812596 ], [ -104.89875, 42.812631 ], [ -104.898769, 42.812882 ], [ -104.898828, 42.81364 ], [ -104.898849, 42.813895 ], [ -104.898852, 42.813961 ], [ -104.898868, 42.814162 ], [ -104.898875, 42.814232 ], [ -104.898896, 42.814643 ], [ -104.898873, 42.814928 ], [ -104.898872, 42.814951 ], [ -104.898934, 42.817028 ], [ -104.898958, 42.817729 ], [ -104.89896, 42.818013 ], [ -104.898962, 42.818085 ], [ -104.899019, 42.818873 ], [ -104.899036, 42.819116 ], [ -104.899045, 42.819161 ], [ -104.899055, 42.819392 ], [ -104.899312, 42.822767 ], [ -104.899333, 42.823127 ], [ -104.899325, 42.823452 ], [ -104.899206, 42.828805 ], [ -104.899092, 42.834632 ], [ -104.899025, 42.836358 ], [ -104.898904, 42.839508 ], [ -104.898893, 42.84066 ], [ -104.898877, 42.84222 ], [ -104.898858, 42.844099 ], [ -104.898843, 42.846901 ], [ -104.898836, 42.848462 ], [ -104.898834, 42.84863 ], [ -104.898832, 42.849134 ], [ -104.898832, 42.849303 ], [ -104.898828, 42.850104 ], [ -104.898823, 42.851117 ], [ -104.898743, 42.852506 ], [ -104.898697, 42.853307 ], [ -104.898603, 42.856155 ], [ -104.898515, 42.858827 ], [ -104.898199, 42.864377 ], [ -104.898164, 42.864692 ], [ -104.897854, 42.867525 ], [ -104.897746, 42.868509 ], [ -104.897687, 42.869059 ], [ -104.897701, 42.871445 ], [ -104.8977, 42.871476 ], [ -104.897679, 42.872466 ], [ -104.89765, 42.873828 ], [ -104.898135, 42.874813 ], [ -104.898211, 42.874967 ], [ -104.898128, 42.881949 ], [ -104.898135, 42.882179 ], [ -104.898211, 42.884639 ], [ -104.898234, 42.885732 ], [ -104.898255, 42.886699 ], [ -104.898243, 42.889012 ], [ -104.898238, 42.890106 ], [ -104.898258, 42.891765 ], [ -104.898296, 42.894781 ], [ -104.898093, 42.896734 ], [ -104.897922, 42.898386 ], [ -104.897931, 42.898572 ], [ -104.897958, 42.899133 ], [ -104.897968, 42.89932 ], [ -104.897968, 42.90007 ], [ -104.897971, 42.902321 ], [ -104.897972, 42.903072 ], [ -104.897973, 42.904775 ], [ -104.89798, 42.909884 ], [ -104.897982, 42.911587 ], [ -104.897983, 42.912677 ], [ -104.897984, 42.91387 ], [ -104.897987, 42.915948 ], [ -104.897989, 42.917039 ], [ -104.897989, 42.917178 ], [ -104.897989, 42.917597 ], [ -104.89799, 42.917737 ], [ -104.897991, 42.919036 ], [ -104.897996, 42.922933 ], [ -104.897998, 42.924233 ], [ -104.898003, 42.925933 ], [ -104.898021, 42.931033 ], [ -104.898027, 42.932734 ], [ -104.898027, 42.932964 ], [ -104.898028, 42.933655 ], [ -104.898029, 42.933886 ], [ -104.898029, 42.934116 ], [ -104.89803, 42.934806 ], [ -104.898031, 42.935037 ], [ -104.898034, 42.937422 ], [ -104.898044, 42.944578 ], [ -104.898048, 42.946964 ], [ -104.898048, 42.947423 ], [ -104.898051, 42.948801 ], [ -104.898052, 42.949261 ], [ -104.898052, 42.949733 ], [ -104.898055, 42.951149 ], [ -104.898056, 42.951622 ], [ -104.898057, 42.952411 ], [ -104.89806, 42.954778 ], [ -104.898062, 42.955567 ], [ -104.898063, 42.956336 ], [ -104.898066, 42.958643 ], [ -104.898068, 42.959413 ], [ -104.898071, 42.962247 ], [ -104.898083, 42.970752 ], [ -104.898087, 42.973587 ], [ -104.898087, 42.973844 ], [ -104.898088, 42.974617 ], [ -104.898089, 42.974875 ], [ -104.898083, 42.976748 ], [ -104.898068, 42.982368 ], [ -104.898063, 42.984242 ], [ -104.898065, 42.986522 ], [ -104.898073, 42.993363 ], [ -104.898076, 42.995644 ], [ -104.898068, 42.996254 ], [ -104.898044, 42.998084 ], [ -104.898036, 42.998694 ], [ -104.898033, 42.998884 ], [ -104.898032, 42.998957 ], [ -104.898051, 42.999457 ], [ -104.898059, 42.999648 ], [ -104.898061, 42.999711 ], [ -104.898069, 42.999903 ], [ -104.898072, 42.999967 ], [ -104.898003, 43.001035 ], [ -104.897799, 43.00424 ], [ -104.897732, 43.005309 ], [ -104.897731, 43.0057 ], [ -104.897729, 43.006875 ], [ -104.897729, 43.007267 ], [ -104.897727, 43.007858 ], [ -104.897725, 43.009634 ], [ -104.897725, 43.010226 ], [ -104.897722, 43.012158 ], [ -104.897715, 43.017958 ], [ -104.897713, 43.019891 ], [ -104.89771, 43.021855 ], [ -104.897703, 43.02775 ], [ -104.897701, 43.029716 ], [ -104.897701, 43.029867 ], [ -104.8977, 43.030201 ], [ -104.897698, 43.031658 ], [ -104.897698, 43.032144 ], [ -104.897699, 43.032541 ], [ -104.897702, 43.033734 ], [ -104.897704, 43.034132 ], [ -104.897712, 43.036535 ], [ -104.897738, 43.043744 ], [ -104.897747, 43.046146 ], [ -104.897747, 43.046201 ], [ -104.897747, 43.046367 ], [ -104.897748, 43.04642 ], [ -104.89775, 43.046835 ], [ -104.897753, 43.047744 ], [ -104.897754, 43.048189 ], [ -104.897772, 43.053489 ], [ -104.897779, 43.055257 ], [ -104.897784, 43.056666 ], [ -104.897799, 43.060896 ], [ -104.897804, 43.062306 ], [ -104.897802, 43.062964 ], [ -104.897798, 43.064939 ], [ -104.897797, 43.065598 ], [ -104.897795, 43.066199 ], [ -104.897793, 43.068004 ], [ -104.897792, 43.068606 ], [ -104.89779, 43.069393 ], [ -104.897787, 43.071756 ], [ -104.897786, 43.072544 ], [ -104.897784, 43.073116 ], [ -104.897781, 43.074835 ], [ -104.897781, 43.075408 ], [ -104.897805, 43.07634 ], [ -104.897878, 43.079136 ], [ -104.897903, 43.080069 ], [ -104.897913, 43.080475 ], [ -104.897946, 43.081695 ], [ -104.897957, 43.082102 ], [ -104.897981, 43.08373 ], [ -104.898053, 43.088616 ], [ -104.898077, 43.090245 ], [ -104.898089, 43.090811 ], [ -104.898126, 43.092509 ], [ -104.898139, 43.093075 ], [ -104.898144, 43.093323 ], [ -104.898161, 43.094038 ], [ -104.898161, 43.094071 ], [ -104.898167, 43.09432 ], [ -104.898179, 43.094918 ], [ -104.898213, 43.096714 ], [ -104.898226, 43.097314 ], [ -104.898235, 43.097776 ], [ -104.898263, 43.099165 ], [ -104.898273, 43.099628 ], [ -104.898286, 43.100259 ], [ -104.898325, 43.102152 ], [ -104.898332, 43.102496 ], [ -104.898337, 43.102784 ], [ -104.898364, 43.104073 ], [ -104.898443, 43.10794 ], [ -104.89847, 43.10923 ], [ -104.898464, 43.109383 ], [ -104.898449, 43.109842 ], [ -104.898448, 43.109899 ], [ -104.898445, 43.109996 ], [ -104.898449, 43.110219 ], [ -104.898462, 43.110888 ], [ -104.898467, 43.111112 ], [ -104.89847, 43.111304 ], [ -104.898482, 43.11188 ], [ -104.898486, 43.112072 ], [ -104.898504, 43.11304 ], [ -104.898561, 43.115946 ], [ -104.89858, 43.116915 ], [ -104.898582, 43.117025 ], [ -104.898588, 43.117356 ], [ -104.898591, 43.117467 ], [ -104.898598, 43.117763 ], [ -104.898502, 43.118653 ], [ -104.898119, 43.122208 ], [ -104.897992, 43.123393 ], [ -104.897961, 43.123742 ], [ -104.89787, 43.124791 ], [ -104.897858, 43.12494 ], [ -104.897833, 43.12514 ], [ -104.897808, 43.125332 ], [ -104.897734, 43.125911 ], [ -104.89771, 43.126104 ], [ -104.897514, 43.12762 ], [ -104.896992, 43.131685 ], [ -104.897201, 43.131685 ], [ -104.897196, 43.131965 ], [ -104.897173, 43.133495 ], [ -104.897148, 43.134909 ], [ -104.897076, 43.139154 ], [ -104.897052, 43.14057 ], [ -104.896986, 43.144413 ], [ -104.896966, 43.145635 ], [ -104.897066, 43.155946 ], [ -104.897104, 43.159791 ], [ -104.897115, 43.16095 ], [ -104.897149, 43.16443 ], [ -104.897161, 43.16559 ], [ -104.897164, 43.165935 ], [ -104.897174, 43.16697 ], [ -104.897178, 43.167315 ], [ -104.89718, 43.167549 ], [ -104.897188, 43.168253 ], [ -104.897191, 43.168488 ], [ -104.897194, 43.168826 ], [ -104.897204, 43.169842 ], [ -104.897208, 43.170181 ], [ -104.89723, 43.172413 ], [ -104.897296, 43.179111 ], [ -104.897319, 43.181344 ], [ -104.897341, 43.183613 ], [ -104.897409, 43.190423 ], [ -104.897432, 43.192693 ], [ -104.89744, 43.193543 ], [ -104.897465, 43.196094 ], [ -104.897474, 43.196945 ], [ -104.89748, 43.197567 ], [ -104.897498, 43.199435 ], [ -104.897505, 43.200058 ], [ -104.897517, 43.200734 ], [ -104.897554, 43.202762 ], [ -104.897567, 43.203438 ], [ -104.89758, 43.204702 ], [ -104.897619, 43.208497 ], [ -104.897633, 43.209762 ], [ -104.897658, 43.212196 ], [ -104.897734, 43.219498 ], [ -104.89776, 43.221932 ], [ -104.897769, 43.222819 ], [ -104.897796, 43.22548 ], [ -104.897806, 43.226368 ], [ -104.897816, 43.227354 ], [ -104.897847, 43.230315 ], [ -104.897859, 43.231303 ], [ -104.897874, 43.232829 ], [ -104.897922, 43.237408 ], [ -104.897939, 43.238936 ], [ -104.897949, 43.239939 ], [ -104.897971, 43.242026 ], [ -104.89798, 43.242949 ], [ -104.897991, 43.243953 ], [ -104.897997, 43.244542 ], [ -104.898015, 43.246309 ], [ -104.898022, 43.246898 ], [ -104.898024, 43.24707 ], [ -104.898075, 43.247878 ], [ -104.898207, 43.249967 ], [ -104.89821, 43.250819 ], [ -104.898214, 43.251801 ], [ -104.898215, 43.252137 ], [ -104.898219, 43.253145 ], [ -104.898221, 43.253481 ], [ -104.898226, 43.254691 ], [ -104.898243, 43.258321 ], [ -104.898249, 43.259532 ], [ -104.898253, 43.260619 ], [ -104.898268, 43.263883 ], [ -104.898273, 43.264971 ], [ -104.898283, 43.267314 ], [ -104.898289, 43.268586 ], [ -104.898297, 43.270343 ], [ -104.898313, 43.273887 ], [ -104.898314, 43.274343 ], [ -104.898325, 43.276687 ], [ -104.898325, 43.276792 ], [ -104.898326, 43.277042 ], [ -104.898326, 43.277111 ], [ -104.898326, 43.27713 ], [ -104.898328, 43.277219 ], [ -104.898325, 43.277313 ], [ -104.898326, 43.27741 ], [ -104.898326, 43.277474 ], [ -104.898331, 43.278248 ], [ -104.898334, 43.278508 ], [ -104.898334, 43.278689 ], [ -104.898335, 43.278772 ], [ -104.898336, 43.279234 ], [ -104.898338, 43.279416 ], [ -104.898341, 43.280016 ], [ -104.898351, 43.281816 ], [ -104.898355, 43.282417 ], [ -104.898354, 43.282463 ], [ -104.898354, 43.282601 ], [ -104.898354, 43.282647 ], [ -104.898353, 43.282685 ], [ -104.898353, 43.2828 ], [ -104.898354, 43.282839 ], [ -104.898358, 43.283807 ], [ -104.898385, 43.28815 ], [ -104.898387, 43.288824 ], [ -104.898405, 43.291847 ], [ -104.898408, 43.292931 ], [ -104.898442, 43.300312 ], [ -104.898448, 43.301166 ], [ -104.898453, 43.301682 ], [ -104.898451, 43.302143 ], [ -104.898458, 43.303731 ], [ -104.898463, 43.304587 ], [ -104.898463, 43.305018 ], [ -104.898469, 43.306315 ], [ -104.898472, 43.306749 ], [ -104.898476, 43.307634 ], [ -104.898477, 43.30798 ], [ -104.898495, 43.311676 ], [ -104.898503, 43.312908 ], [ -104.898506, 43.313382 ], [ -104.89844, 43.316898 ], [ -104.898216, 43.328871 ], [ -104.898142, 43.332862 ], [ -104.898133, 43.333063 ], [ -104.898176, 43.333669 ], [ -104.898193, 43.333872 ], [ -104.898197, 43.333984 ], [ -104.898177, 43.334787 ], [ -104.898159, 43.335468 ], [ -104.898137, 43.336354 ], [ -104.898156, 43.340251 ], [ -104.898164, 43.341847 ], [ -104.898049, 43.345887 ], [ -104.898022, 43.346929 ], [ -104.897832, 43.354544 ], [ -104.897833, 43.35471 ], [ -104.8979, 43.362179 ], [ -104.897903, 43.362483 ], [ -104.897945, 43.367263 ], [ -104.89796, 43.368585 ], [ -104.898258, 43.371279 ], [ -104.898667, 43.37497 ], [ -104.898717, 43.383356 ], [ -104.898742, 43.387389 ], [ -104.898743, 43.387411 ], [ -104.898749, 43.387479 ], [ -104.898751, 43.387502 ], [ -104.898738, 43.387919 ], [ -104.898727, 43.388307 ], [ -104.898728, 43.389172 ], [ -104.898729, 43.389591 ], [ -104.898726, 43.389662 ], [ -104.898724, 43.389882 ], [ -104.898726, 43.389957 ], [ -104.898725, 43.390057 ], [ -104.898725, 43.390363 ], [ -104.898726, 43.390466 ], [ -104.898725, 43.390843 ], [ -104.898726, 43.391513 ], [ -104.898726, 43.391977 ], [ -104.898727, 43.392355 ], [ -104.898755, 43.393326 ], [ -104.898841, 43.396239 ], [ -104.89887, 43.39721 ], [ -104.898916, 43.398265 ], [ -104.89894, 43.39881 ], [ -104.898964, 43.40015 ], [ -104.898986, 43.401433 ], [ -104.89899, 43.40166 ], [ -104.899, 43.40249 ], [ -104.898949, 43.403134 ], [ -104.898799, 43.405067 ], [ -104.898749, 43.405712 ], [ -104.898756, 43.406007 ], [ -104.898777, 43.406895 ], [ -104.898785, 43.407191 ], [ -104.898797, 43.410084 ], [ -104.898817, 43.414335 ], [ -104.898836, 43.418765 ], [ -104.898849, 43.421659 ], [ -104.898854, 43.422717 ], [ -104.898869, 43.425896 ], [ -104.898874, 43.426912 ], [ -104.89888, 43.426957 ], [ -104.898902, 43.427116 ], [ -104.898925, 43.427261 ], [ -104.898921, 43.427601 ], [ -104.898921, 43.427766 ], [ -104.898925, 43.427813 ], [ -104.89893, 43.42783 ], [ -104.898925, 43.427849 ], [ -104.898915, 43.428239 ], [ -104.898915, 43.428394 ], [ -104.898919, 43.430037 ], [ -104.898921, 43.430586 ], [ -104.898934, 43.431232 ], [ -104.898973, 43.43317 ], [ -104.898987, 43.433816 ], [ -104.898988, 43.434068 ], [ -104.898993, 43.434825 ], [ -104.898995, 43.435078 ], [ -104.89901, 43.437184 ], [ -104.899055, 43.443504 ], [ -104.899071, 43.445611 ], [ -104.899076, 43.446127 ], [ -104.899076, 43.446241 ], [ -104.899076, 43.446355 ], [ -104.899084, 43.447548 ], [ -104.899091, 43.448359 ], [ -104.899127, 43.453361 ], [ -104.899141, 43.455299 ], [ -104.899154, 43.457142 ], [ -104.899173, 43.459936 ], [ -104.899188, 43.461903 ], [ -104.899272, 43.473847 ], [ -104.899276, 43.474271 ], [ -104.899297, 43.477213 ], [ -104.899303, 43.477987 ], [ -104.8998, 43.478019 ], [ -104.899803, 43.478488 ], [ -104.899812, 43.479895 ], [ -104.899816, 43.480364 ], [ -104.899839, 43.483993 ], [ -104.899861, 43.487307 ], [ -104.899909, 43.49488 ], [ -104.899933, 43.49851 ], [ -104.899934, 43.498736 ], [ -104.899939, 43.499414 ], [ -104.899941, 43.49964 ], [ -104.899534, 43.499642 ], [ -104.898315, 43.49965 ], [ -104.897909, 43.499653 ], [ -104.896235, 43.499664 ], [ -104.894861, 43.499672 ], [ -104.885719, 43.499732 ], [ -104.882672, 43.499752 ], [ -104.882441, 43.499753 ], [ -104.881331, 43.49976 ], [ -104.877308, 43.499786 ], [ -104.876296, 43.499793 ], [ -104.875968, 43.499795 ], [ -104.875522, 43.499798 ], [ -104.873973, 43.499826 ], [ -104.867988, 43.499934 ], [ -104.865994, 43.499971 ], [ -104.865472, 43.499971 ], [ -104.863458, 43.499971 ], [ -104.851031, 43.500122 ], [ -104.850726, 43.500125 ], [ -104.850064, 43.500134 ], [ -104.849991, 43.500135 ], [ -104.847644, 43.500163 ], [ -104.845499, 43.500189 ], [ -104.845457, 43.50019 ], [ -104.840481, 43.50025 ], [ -104.824275, 43.500448 ], [ -104.821499, 43.500478 ], [ -104.821338, 43.50048 ], [ -104.819564, 43.500499 ], [ -104.814243, 43.500558 ], [ -104.81255, 43.500577 ], [ -104.81247, 43.500578 ], [ -104.810564, 43.500598 ], [ -104.805526, 43.500652 ], [ -104.804847, 43.500659 ], [ -104.802942, 43.500679 ], [ -104.802316, 43.500685 ], [ -104.800442, 43.500706 ], [ -104.799817, 43.500713 ], [ -104.799668, 43.500714 ], [ -104.796664, 43.500736 ], [ -104.792252, 43.500769 ], [ -104.787208, 43.500806 ], [ -104.784306, 43.500828 ], [ -104.784057, 43.500831 ], [ -104.783434, 43.500837 ], [ -104.781568, 43.500856 ], [ -104.780946, 43.500863 ], [ -104.779252, 43.50088 ], [ -104.778654, 43.500886 ], [ -104.772566, 43.500949 ], [ -104.771782, 43.500956 ], [ -104.771372, 43.500961 ], [ -104.769491, 43.50098 ], [ -104.76938, 43.500981 ], [ -104.769009, 43.500978 ], [ -104.767565, 43.500967 ], [ -104.767405, 43.500966 ], [ -104.767084, 43.500969 ], [ -104.766899, 43.500971 ], [ -104.766361, 43.500977 ], [ -104.766344, 43.500977 ], [ -104.766159, 43.500979 ], [ -104.764157, 43.500999 ], [ -104.763863, 43.501002 ], [ -104.758153, 43.501058 ], [ -104.756152, 43.501078 ], [ -104.754604, 43.501093 ], [ -104.750519, 43.501134 ], [ -104.749966, 43.501214 ], [ -104.74858, 43.501416 ], [ -104.748433, 43.501419 ], [ -104.745499, 43.501482 ], [ -104.741631, 43.501566 ], [ -104.740844, 43.501582 ], [ -104.737469, 43.501655 ], [ -104.736696, 43.501671 ], [ -104.735466, 43.501698 ], [ -104.733763, 43.501735 ], [ -104.732932, 43.501736 ], [ -104.723637, 43.501749 ], [ -104.717523, 43.501757 ], [ -104.714823, 43.501761 ], [ -104.712838, 43.501764 ], [ -104.712635, 43.501765 ], [ -104.711397, 43.501769 ], [ -104.707683, 43.501784 ], [ -104.70732, 43.501786 ], [ -104.706805, 43.501788 ], [ -104.706446, 43.501791 ], [ -104.703259, 43.5018 ], [ -104.694841, 43.501825 ], [ -104.693698, 43.501827 ], [ -104.690512, 43.501836 ], [ -104.690404, 43.501836 ], [ -104.688252, 43.501841 ], [ -104.681472, 43.501856 ], [ -104.6793, 43.501862 ], [ -104.679213, 43.501862 ], [ -104.677078, 43.501866 ], [ -104.670676, 43.501881 ], [ -104.668757, 43.501886 ], [ -104.668542, 43.501886 ], [ -104.664715, 43.501894 ], [ -104.664222, 43.501896 ], [ -104.655447, 43.501917 ], [ -104.653236, 43.501922 ], [ -104.64941, 43.501931 ], [ -104.649142, 43.501932 ], [ -104.644568, 43.501942 ], [ -104.644191, 43.501943 ], [ -104.63608, 43.501959 ], [ -104.63563, 43.50196 ], [ -104.628027, 43.501975 ], [ -104.62786, 43.501974 ], [ -104.625363, 43.501979 ], [ -104.615579, 43.501974 ], [ -104.603062, 43.501968 ], [ -104.602941, 43.501968 ], [ -104.597275, 43.50195 ], [ -104.597101, 43.501949 ], [ -104.597087, 43.501949 ], [ -104.596526, 43.501982 ], [ -104.596379, 43.501991 ], [ -104.59634, 43.501991 ], [ -104.594606, 43.501984 ], [ -104.589407, 43.501965 ], [ -104.587674, 43.501959 ], [ -104.587533, 43.501958 ], [ -104.583146, 43.501941 ], [ -104.575784, 43.501915 ], [ -104.569565, 43.501892 ], [ -104.565038, 43.501876 ], [ -104.564216, 43.501873 ], [ -104.56175, 43.501864 ], [ -104.560928, 43.501861 ], [ -104.560785, 43.50186 ], [ -104.560358, 43.50186 ], [ -104.560216, 43.50186 ], [ -104.557845, 43.501851 ], [ -104.55434, 43.501839 ], [ -104.552596, 43.501832 ], [ -104.550734, 43.501825 ], [ -104.548364, 43.501817 ], [ -104.54769, 43.501813 ], [ -104.545668, 43.501804 ], [ -104.545539, 43.501804 ], [ -104.544994, 43.501804 ], [ -104.54452, 43.501801 ], [ -104.543288, 43.501796 ], [ -104.543101, 43.501795 ], [ -104.542628, 43.501794 ], [ -104.540597, 43.501786 ], [ -104.539849, 43.501784 ], [ -104.531512, 43.501754 ], [ -104.528734, 43.501744 ], [ -104.526542, 43.501733 ], [ -104.52505, 43.501726 ], [ -104.523558, 43.501719 ], [ -104.519966, 43.501701 ], [ -104.51868, 43.501695 ], [ -104.517832, 43.501691 ], [ -104.517775, 43.501692 ], [ -104.517633, 43.501694 ], [ -104.517491, 43.501696 ], [ -104.516879, 43.501704 ], [ -104.514192, 43.501742 ], [ -104.513297, 43.501756 ], [ -104.512438, 43.501765 ], [ -104.509862, 43.501791 ], [ -104.509004, 43.501801 ], [ -104.508011, 43.501826 ], [ -104.507517, 43.501838 ], [ -104.503057, 43.501951 ], [ -104.501571, 43.50199 ], [ -104.499814, 43.502023 ], [ -104.499273, 43.502032 ], [ -104.498007, 43.502046 ], [ -104.497912, 43.502046 ], [ -104.49724, 43.50205 ], [ -104.496136, 43.502038 ], [ -104.495556, 43.502024 ], [ -104.495436, 43.502008 ], [ -104.495395, 43.502003 ], [ -104.49475, 43.502007 ], [ -104.490263, 43.502038 ], [ -104.489724, 43.502042 ], [ -104.48955, 43.502043 ], [ -104.485762, 43.502017 ], [ -104.485582, 43.502016 ], [ -104.484149, 43.502023 ], [ -104.47931, 43.50205 ], [ -104.478102, 43.502057 ], [ -104.478018, 43.502056 ], [ -104.477935, 43.502056 ], [ -104.477831, 43.502058 ], [ -104.477698, 43.502059 ], [ -104.477658, 43.502059 ], [ -104.475514, 43.502056 ], [ -104.468962, 43.502047 ], [ -104.466843, 43.502045 ], [ -104.466778, 43.502045 ], [ -104.46515, 43.502048 ], [ -104.462695, 43.502055 ], [ -104.460269, 43.502062 ], [ -104.458683, 43.502068 ], [ -104.458643, 43.502068 ], [ -104.456814, 43.502073 ], [ -104.452527, 43.502086 ], [ -104.451328, 43.502089 ], [ -104.450025, 43.502093 ], [ -104.4495, 43.502095 ], [ -104.445504, 43.502106 ], [ -104.438658, 43.502125 ], [ -104.433519, 43.502139 ], [ -104.432135, 43.502144 ], [ -104.429524, 43.502151 ], [ -104.42948, 43.502151 ], [ -104.429234, 43.502151 ], [ -104.428366, 43.502154 ], [ -104.428253, 43.502155 ], [ -104.428119, 43.502155 ], [ -104.428077, 43.502155 ], [ -104.427968, 43.502156 ], [ -104.427859, 43.502156 ], [ -104.426549, 43.502159 ], [ -104.421965, 43.502172 ], [ -104.420437, 43.502177 ], [ -104.420241, 43.502188 ], [ -104.420071, 43.502201 ], [ -104.420038, 43.502204 ], [ -104.419864, 43.502248 ], [ -104.41963, 43.502281 ], [ -104.419344, 43.502298 ], [ -104.419125, 43.502287 ], [ -104.418985, 43.502249 ], [ -104.418899, 43.502226 ], [ -104.418733, 43.502215 ], [ -104.418622, 43.502218 ], [ -104.418507, 43.502221 ], [ -104.418436, 43.50224 ], [ -104.418409, 43.502248 ], [ -104.418235, 43.502265 ], [ -104.418062, 43.502248 ], [ -104.417934, 43.50221 ], [ -104.417879, 43.502206 ], [ -104.417692, 43.502193 ], [ -104.4173, 43.502179 ], [ -104.416807, 43.502176 ], [ -104.414154, 43.502163 ], [ -104.41327, 43.502159 ], [ -104.412661, 43.502156 ], [ -104.411471, 43.502157 ], [ -104.406075, 43.502166 ], [ -104.405178, 43.502168 ], [ -104.404277, 43.502169 ], [ -104.403672, 43.50217 ], [ -104.403125, 43.502171 ], [ -104.401857, 43.502173 ], [ -104.401252, 43.502174 ], [ -104.400852, 43.502174 ], [ -104.400743, 43.502175 ], [ -104.399655, 43.502188 ], [ -104.399256, 43.502193 ], [ -104.399034, 43.502193 ], [ -104.398372, 43.502196 ], [ -104.398151, 43.502197 ], [ -104.397978, 43.502197 ], [ -104.397906, 43.502192 ], [ -104.397256, 43.502151 ], [ -104.397171, 43.502153 ], [ -104.396927, 43.502162 ], [ -104.396846, 43.502164 ], [ -104.396604, 43.502172 ], [ -104.396524, 43.502175 ], [ -104.396409, 43.502179 ], [ -104.393689, 43.502183 ], [ -104.390657, 43.502188 ], [ -104.390467, 43.502188 ], [ -104.385187, 43.502196 ], [ -104.382353, 43.502201 ], [ -104.382278, 43.502201 ], [ -104.381661, 43.502202 ], [ -104.379524, 43.502205 ], [ -104.375503, 43.502212 ], [ -104.373204, 43.502213 ], [ -104.371039, 43.502213 ], [ -104.368359, 43.502214 ], [ -104.368211, 43.50221 ], [ -104.367828, 43.502198 ], [ -104.366822, 43.502169 ], [ -104.366681, 43.50216 ], [ -104.3663, 43.502139 ], [ -104.366237, 43.502144 ], [ -104.36605, 43.50216 ], [ -104.365988, 43.502166 ], [ -104.36561, 43.502198 ], [ -104.365597, 43.502198 ], [ -104.365139, 43.502221 ], [ -104.364531, 43.502222 ], [ -104.364421, 43.502213 ], [ -104.364214, 43.502196 ], [ -104.36403, 43.502188 ], [ -104.363975, 43.502186 ], [ -104.363857, 43.502184 ], [ -104.363396, 43.50218 ], [ -104.36334, 43.502174 ], [ -104.363265, 43.502168 ], [ -104.36317, 43.50215 ], [ -104.362293, 43.502134 ], [ -104.359666, 43.502087 ], [ -104.35879, 43.502072 ], [ -104.35672, 43.50208 ], [ -104.35051, 43.502106 ], [ -104.348874, 43.502113 ], [ -104.348441, 43.502115 ], [ -104.348129, 43.502116 ], [ -104.347195, 43.502118 ], [ -104.346884, 43.50212 ], [ -104.346735, 43.502121 ], [ -104.346297, 43.502122 ], [ -104.344537, 43.502129 ], [ -104.343951, 43.502132 ], [ -104.342681, 43.502137 ], [ -104.338873, 43.502152 ], [ -104.337604, 43.502158 ], [ -104.337555, 43.502158 ], [ -104.332428, 43.502179 ], [ -104.316903, 43.502243 ], [ -104.311728, 43.502265 ], [ -104.310527, 43.50227 ], [ -104.306926, 43.502284 ], [ -104.305726, 43.50229 ], [ -104.305445, 43.502291 ], [ -104.304731, 43.502293 ], [ -104.301747, 43.502306 ], [ -104.300846, 43.50231 ], [ -104.300753, 43.50231 ], [ -104.296689, 43.502327 ], [ -104.295106, 43.502334 ], [ -104.29203, 43.502346 ], [ -104.291864, 43.502347 ], [ -104.291698, 43.502348 ], [ -104.291616, 43.502348 ], [ -104.291535, 43.502349 ], [ -104.284499, 43.502378 ], [ -104.280652, 43.502394 ], [ -104.280436, 43.502395 ], [ -104.278435, 43.502403 ], [ -104.272432, 43.502427 ], [ -104.270432, 43.502436 ], [ -104.268913, 43.502442 ], [ -104.264358, 43.502461 ], [ -104.26284, 43.502468 ], [ -104.262712, 43.502468 ], [ -104.257411, 43.502448 ], [ -104.250497, 43.502423 ], [ -104.250247, 43.502623 ], [ -104.241196, 43.502644 ], [ -104.235768, 43.502658 ], [ -104.235739, 43.502658 ], [ -104.235443, 43.502658 ], [ -104.234468, 43.502661 ], [ -104.234144, 43.502662 ], [ -104.234032, 43.502662 ], [ -104.233818, 43.502662 ], [ -104.23284, 43.502665 ], [ -104.232515, 43.502666 ], [ -104.232134, 43.502667 ], [ -104.231513, 43.502668 ], [ -104.229879, 43.502671 ], [ -104.221974, 43.50269 ], [ -104.219439, 43.502697 ], [ -104.21934, 43.502698 ], [ -104.219263, 43.502698 ], [ -104.219244, 43.502698 ], [ -104.215588, 43.502706 ], [ -104.204332, 43.502733 ], [ -104.200581, 43.502743 ], [ -104.200026, 43.502744 ], [ -104.198361, 43.502748 ], [ -104.197807, 43.50275 ], [ -104.19765, 43.50275 ], [ -104.197228, 43.502751 ], [ -104.196412, 43.502753 ], [ -104.195491, 43.502755 ], [ -104.195107, 43.502756 ], [ -104.194913, 43.502757 ], [ -104.19106, 43.502765 ], [ -104.179504, 43.502793 ], [ -104.175867, 43.502802 ], [ -104.175653, 43.502803 ], [ -104.172879, 43.502809 ], [ -104.164559, 43.502829 ], [ -104.162218, 43.502835 ], [ -104.161786, 43.502836 ], [ -104.161696, 43.502836 ], [ -104.155743, 43.50285 ], [ -104.137615, 43.502894 ], [ -104.131573, 43.502909 ], [ -104.131362, 43.502909 ], [ -104.130886, 43.50291 ], [ -104.128826, 43.502915 ], [ -104.12814, 43.502917 ], [ -104.127768, 43.502918 ], [ -104.125491, 43.502923 ], [ -104.121636, 43.502931 ], [ -104.10744, 43.502961 ], [ -104.107354, 43.502961 ], [ -104.102124, 43.502974 ], [ -104.095661, 43.502991 ], [ -104.095621, 43.502991 ], [ -104.09444, 43.502992 ], [ -104.090897, 43.502997 ], [ -104.089717, 43.502999 ], [ -104.089184, 43.503002 ], [ -104.08894, 43.503002 ], [ -104.088398, 43.503002 ], [ -104.088061, 43.503003 ], [ -104.086609, 43.503004 ], [ -104.08656, 43.503005 ], [ -104.086296, 43.503006 ], [ -104.086228, 43.503008 ], [ -104.085833, 43.503007 ], [ -104.085433, 43.503008 ], [ -104.085336, 43.503008 ], [ -104.085239, 43.503008 ], [ -104.085053, 43.503008 ], [ -104.082716, 43.503013 ], [ -104.081938, 43.503015 ], [ -104.081915, 43.503015 ], [ -104.080572, 43.503017 ], [ -104.076474, 43.503026 ], [ -104.075237, 43.503029 ], [ -104.075109, 43.503029 ], [ -104.074378, 43.50303 ], [ -104.072189, 43.503035 ], [ -104.071459, 43.503037 ], [ -104.071048, 43.503038 ], [ -104.070057, 43.503039 ], [ -104.065854, 43.503048 ], [ -104.064453, 43.503051 ], [ -104.064213, 43.503052 ], [ -104.064029, 43.503052 ], [ -104.062757, 43.503055 ], [ -104.062333, 43.503056 ], [ -104.062268, 43.503056 ], [ -104.061758, 43.503056 ], [ -104.060036, 43.50306 ], [ -104.059552, 43.503062 ], [ -104.059463, 43.503067 ], [ -104.058527, 43.503118 ], [ -104.055721, 43.503275 ], [ -104.054786, 43.503328 ], [ -104.054786, 43.503072 ], [ -104.054796, 43.502489 ], [ -104.054797, 43.502371 ], [ -104.054812, 43.501483 ], [ -104.054837, 43.499973 ], [ -104.054836, 43.499501 ], [ -104.054835, 43.498545 ], [ -104.054834, 43.497939 ], [ -104.054832, 43.496121 ], [ -104.054832, 43.495516 ], [ -104.054831, 43.494931 ], [ -104.054828, 43.493176 ], [ -104.054828, 43.492591 ], [ -104.054827, 43.491862 ], [ -104.054824, 43.489678 ], [ -104.054824, 43.48895 ], [ -104.054824, 43.488733 ], [ -104.05482, 43.486722 ], [ -104.054807, 43.480041 ], [ -104.054803, 43.477815 ], [ -104.054806, 43.47766 ], [ -104.054817, 43.477194 ], [ -104.054821, 43.47704 ], [ -104.054821, 43.47662 ], [ -104.054821, 43.475361 ], [ -104.054822, 43.474942 ], [ -104.054818, 43.472463 ], [ -104.054809, 43.465026 ], [ -104.054806, 43.462547 ], [ -104.054803, 43.460374 ], [ -104.054795, 43.453855 ], [ -104.054793, 43.451683 ], [ -104.054788, 43.447875 ], [ -104.054774, 43.436451 ], [ -104.05477, 43.432643 ], [ -104.054769, 43.432339 ], [ -104.054768, 43.431427 ], [ -104.054768, 43.431159 ], [ -104.054768, 43.431123 ], [ -104.054767, 43.430727 ], [ -104.054766, 43.429542 ], [ -104.054766, 43.429147 ], [ -104.054766, 43.428914 ], [ -104.054766, 43.427282 ], [ -104.054767, 43.421687 ], [ -104.054768, 43.419823 ], [ -104.054777, 43.419602 ], [ -104.054789, 43.419352 ], [ -104.054796, 43.41894 ], [ -104.0548, 43.41872 ], [ -104.05478, 43.41846 ], [ -104.05478, 43.418326 ], [ -104.05478, 43.41748 ], [ -104.05477, 43.417144 ], [ -104.05476, 43.41675 ], [ -104.05479, 43.41654 ], [ -104.05479, 43.41642 ], [ -104.054773, 43.415777 ], [ -104.054698, 43.412855 ], [ -104.054674, 43.411881 ], [ -104.054674, 43.411624 ], [ -104.054654, 43.410655 ], [ -104.054579, 43.406979 ], [ -104.054554, 43.405754 ], [ -104.054549, 43.405518 ], [ -104.054643, 43.404809 ], [ -104.054643, 43.403606 ], [ -104.054644, 43.397144 ], [ -104.054645, 43.394991 ], [ -104.054645, 43.394791 ], [ -104.05464, 43.394219 ], [ -104.054622, 43.391906 ], [ -104.054616, 43.391136 ], [ -104.054637, 43.387841 ], [ -104.054702, 43.377959 ], [ -104.054721, 43.375102 ], [ -104.05461, 43.37468 ], [ -104.054598, 43.373487 ], [ -104.054563, 43.369908 ], [ -104.054552, 43.368716 ], [ -104.054547, 43.367121 ], [ -104.054543, 43.365734 ], [ -104.054533, 43.362338 ], [ -104.054529, 43.360744 ], [ -104.054528, 43.360336 ], [ -104.054522, 43.358588 ], [ -104.05451, 43.354961 ], [ -104.0545, 43.352122 ], [ -104.054494, 43.349967 ], [ -104.054487, 43.348071 ], [ -104.054469, 43.342383 ], [ -104.054463, 43.340487 ], [ -104.054458, 43.33966 ], [ -104.054445, 43.337182 ], [ -104.054441, 43.336356 ], [ -104.05444, 43.33624 ], [ -104.054437, 43.335601 ], [ -104.054429, 43.333337 ], [ -104.054427, 43.332583 ], [ -104.054427, 43.332473 ], [ -104.054422, 43.331262 ], [ -104.054417, 43.329732 ], [ -104.054393, 43.3273 ], [ -104.05438, 43.32598 ], [ -104.054363, 43.324627 ], [ -104.05436, 43.32437 ], [ -104.05434, 43.322 ], [ -104.054331, 43.320571 ], [ -104.054324, 43.319219 ], [ -104.054323, 43.319086 ], [ -104.05432, 43.318689 ], [ -104.05432, 43.31857 ], [ -104.05432, 43.318557 ], [ -104.05431, 43.317765 ], [ -104.05428, 43.315391 ], [ -104.05427, 43.3146 ], [ -104.05429, 43.3122 ], [ -104.05428, 43.3098 ], [ -104.054231, 43.305641 ], [ -104.05423, 43.30556 ], [ -104.05419, 43.30424 ], [ -104.054204, 43.30348 ], [ -104.053942, 43.298142 ], [ -104.053936, 43.297928 ], [ -104.053908, 43.296876 ], [ -104.053925, 43.295426 ], [ -104.05397, 43.291837 ], [ -104.053954, 43.291076 ], [ -104.053939, 43.29035 ], [ -104.053876, 43.289801 ], [ -104.053876, 43.28963 ], [ -104.053876, 43.289261 ], [ -104.053876, 43.288156 ], [ -104.053877, 43.287788 ], [ -104.053879, 43.284767 ], [ -104.05388, 43.283495 ], [ -104.053887, 43.275707 ], [ -104.05389, 43.272687 ], [ -104.053891, 43.270891 ], [ -104.053896, 43.265503 ], [ -104.053898, 43.263708 ], [ -104.053898, 43.263586 ], [ -104.0539, 43.260655 ], [ -104.053908, 43.251498 ], [ -104.05391, 43.249814 ], [ -104.053944, 43.248533 ], [ -104.053945, 43.248447 ], [ -104.053949, 43.247783 ], [ -104.053962, 43.245795 ], [ -104.053967, 43.245132 ], [ -104.053962, 43.243866 ], [ -104.053949, 43.240071 ], [ -104.053946, 43.238915 ], [ -104.053946, 43.238806 ], [ -104.05394, 43.237026 ], [ -104.053922, 43.231686 ], [ -104.053917, 43.229906 ], [ -104.053916, 43.229747 ], [ -104.053912, 43.228721 ], [ -104.0539, 43.225166 ], [ -104.053897, 43.223981 ], [ -104.053892, 43.222637 ], [ -104.053879, 43.218605 ], [ -104.053877, 43.217805 ], [ -104.053875, 43.217262 ], [ -104.053873, 43.216914 ], [ -104.053872, 43.216396 ], [ -104.05387, 43.215871 ], [ -104.053869, 43.215524 ], [ -104.053869, 43.215425 ], [ -104.053863, 43.213887 ], [ -104.053848, 43.208977 ], [ -104.053843, 43.207341 ], [ -104.05384, 43.206584 ], [ -104.053837, 43.205505 ], [ -104.053833, 43.204314 ], [ -104.053831, 43.203558 ], [ -104.053829, 43.203197 ], [ -104.053824, 43.202115 ], [ -104.053823, 43.201755 ], [ -104.053812, 43.201174 ], [ -104.05378, 43.199431 ], [ -104.05377, 43.198851 ], [ -104.053767, 43.198684 ], [ -104.053761, 43.197286 ], [ -104.053742, 43.192591 ], [ -104.053736, 43.191027 ], [ -104.053735, 43.190869 ], [ -104.053726, 43.188815 ], [ -104.053719, 43.186804 ], [ -104.053699, 43.182181 ], [ -104.05369, 43.17997 ], [ -104.053688, 43.179471 ], [ -104.053682, 43.177977 ], [ -104.053681, 43.177479 ], [ -104.053678, 43.176961 ], [ -104.053676, 43.176442 ], [ -104.053674, 43.175717 ], [ -104.053672, 43.17541 ], [ -104.05367, 43.174894 ], [ -104.053666, 43.17452 ], [ -104.053656, 43.173399 ], [ -104.053653, 43.173026 ], [ -104.053648, 43.171391 ], [ -104.053633, 43.166488 ], [ -104.053629, 43.164854 ], [ -104.05362, 43.162838 ], [ -104.053596, 43.156792 ], [ -104.053588, 43.154777 ], [ -104.053587, 43.154458 ], [ -104.053585, 43.15397 ], [ -104.053584, 43.153697 ], [ -104.053573, 43.150919 ], [ -104.053549, 43.144655 ], [ -104.053528, 43.139348 ], [ -104.053528, 43.139223 ], [ -104.053514, 43.135491 ], [ -104.053513, 43.135098 ], [ -104.053509, 43.134235 ], [ -104.053499, 43.131614 ], [ -104.053494, 43.130468 ], [ -104.053489, 43.129213 ], [ -104.053486, 43.128391 ], [ -104.053476, 43.125982 ], [ -104.053471, 43.124857 ], [ -104.053444, 43.123228 ], [ -104.05339, 43.12004 ], [ -104.053353, 43.117774 ], [ -104.053327, 43.116218 ], [ -104.053318, 43.113922 ], [ -104.053305, 43.110682 ], [ -104.053295, 43.108143 ], [ -104.053269, 43.101723 ], [ -104.053253, 43.092521 ], [ -104.053251, 43.090744 ], [ -104.053246, 43.087358 ], [ -104.053246, 43.087101 ], [ -104.053246, 43.083348 ], [ -104.053249, 43.076404 ], [ -104.053252, 43.072928 ], [ -104.053303, 43.058418 ], [ -104.053289, 43.055573 ], [ -104.053257, 43.04863 ], [ -104.053241, 43.045396 ], [ -104.053235, 43.043972 ], [ -104.053253, 43.035696 ], [ -104.053261, 43.032463 ], [ -104.053242, 43.030647 ], [ -104.053231, 43.029443 ], [ -104.0532, 43.025201 ], [ -104.053188, 43.023386 ], [ -104.053186, 43.023227 ], [ -104.053183, 43.02275 ], [ -104.053182, 43.022592 ], [ -104.053179, 43.022247 ], [ -104.053171, 43.021214 ], [ -104.053169, 43.02087 ], [ -104.053159, 43.019492 ], [ -104.053131, 43.015361 ], [ -104.053129, 43.014941 ], [ -104.053129, 43.013984 ], [ -104.053128, 43.012083 ], [ -104.053127, 43.00638 ], [ -104.053127, 43.004479 ], [ -104.053127, 43.003884 ], [ -104.053127, 43.002099 ], [ -104.053127, 43.001505 ], [ -104.053107, 43.001321 ], [ -104.053047, 43.000769 ], [ -104.053028, 43.000585 ], [ -104.053152, 42.999968 ], [ -104.053146, 42.996156 ], [ -104.053145, 42.995884 ], [ -104.053139, 42.990858 ], [ -104.053136, 42.989129 ], [ -104.053126, 42.983153 ], [ -104.053126, 42.982867 ], [ -104.053111, 42.97152 ], [ -104.053111, 42.97149 ], [ -104.053105, 42.967538 ], [ -104.053119, 42.953701 ], [ -104.0531, 42.943179 ], [ -104.0531, 42.943004 ], [ -104.053031, 42.930234 ], [ -104.05303, 42.930035 ], [ -104.053026, 42.925731 ], [ -104.053017, 42.913895 ], [ -104.053014, 42.910876 ], [ -104.053007, 42.906798 ], [ -104.053007, 42.906719 ], [ -104.052995, 42.898918 ], [ -104.052995, 42.898846 ], [ -104.052987, 42.894213 ], [ -104.052982, 42.891204 ], [ -104.052975, 42.886935 ], [ -104.052983, 42.875668 ], [ -104.052984, 42.874967 ], [ -104.053132, 42.870465 ], [ -104.053132, 42.870265 ], [ -104.053121, 42.865982 ], [ -104.053071, 42.863169 ], [ -104.053064, 42.859546 ], [ -104.053048, 42.851265 ], [ -104.053031, 42.841917 ], [ -104.05301, 42.831233 ], [ -104.052995, 42.824043 ], [ -104.052988, 42.823869 ], [ -104.05297, 42.81091 ], [ -104.05297, 42.810807 ], [ -104.052949, 42.800185 ], [ -104.052949, 42.800011 ], [ -104.052944, 42.798039 ], [ -104.052927, 42.789601 ], [ -104.052927, 42.789403 ], [ -104.052896, 42.772923 ], [ -104.052896, 42.772806 ], [ -104.052893, 42.771613 ], [ -104.052863, 42.754569 ], [ -104.052875, 42.753136 ], [ -104.052798, 42.751421 ], [ -104.052791, 42.750414 ], [ -104.052809, 42.749966 ], [ -104.052997, 42.741531 ], [ -104.052997, 42.741423 ], [ -104.052997, 42.74132 ], [ -104.052934, 42.727552 ], [ -104.052933, 42.72742 ], [ -104.052863, 42.712065 ], [ -104.052848, 42.708873 ], [ -104.052847, 42.708741 ], [ -104.052828, 42.704645 ], [ -104.05276, 42.698279 ], [ -104.052758, 42.697865 ], [ -104.052726, 42.68917 ], [ -104.052622, 42.66109 ], [ -104.05262, 42.660549 ], [ -104.052716, 42.655302 ], [ -104.052721, 42.655018 ], [ -104.052728, 42.654737 ], [ -104.052733, 42.654707 ], [ -104.052585, 42.650194 ], [ -104.052592, 42.650176 ], [ -104.052744, 42.649837 ], [ -104.05285, 42.6492 ], [ -104.052876, 42.64878 ], [ -104.052867, 42.648506 ], [ -104.052886, 42.648067 ], [ -104.052868, 42.64716 ], [ -104.052859, 42.644363 ], [ -104.052871, 42.643593 ], [ -104.052869, 42.641864 ], [ -104.05287, 42.641846 ], [ -104.05287, 42.639039 ], [ -104.052867, 42.63843 ], [ -104.05286, 42.636739 ], [ -104.05284, 42.63551 ], [ -104.052802, 42.634683 ], [ -104.052824, 42.634036 ], [ -104.052808, 42.633838 ], [ -104.052771, 42.63372 ], [ -104.052725, 42.633639 ], [ -104.052598, 42.631139 ], [ -104.052717, 42.630993 ], [ -104.052817, 42.630706 ], [ -104.052852, 42.630484 ], [ -104.052885, 42.629993 ], [ -104.052873, 42.628293 ], [ -104.052883, 42.627641 ], [ -104.052864, 42.625505 ], [ -104.052878, 42.624975 ], [ -104.05288, 42.624891 ], [ -104.052852, 42.622482 ], [ -104.052864, 42.622147 ], [ -104.052861, 42.620694 ], [ -104.052855, 42.61807 ], [ -104.052864, 42.617049 ], [ -104.052856, 42.616317 ], [ -104.052871, 42.614078 ], [ -104.052838, 42.611767 ], [ -104.053011, 42.611672 ], [ -104.053178, 42.611627 ], [ -104.055442, 42.611647 ], [ -104.057276, 42.611663 ], [ -104.060893, 42.611695 ], [ -104.061642, 42.6117 ], [ -104.06278, 42.611708 ], [ -104.064615, 42.611721 ], [ -104.065028, 42.611729 ], [ -104.066444, 42.611733 ], [ -104.069544, 42.611742 ], [ -104.071934, 42.611758 ], [ -104.073421, 42.611769 ], [ -104.073765, 42.61177 ], [ -104.074503, 42.611772 ], [ -104.076717, 42.611779 ], [ -104.077456, 42.611782 ], [ -104.077879, 42.611783 ], [ -104.079148, 42.611787 ], [ -104.079572, 42.611789 ], [ -104.080525, 42.611792 ], [ -104.080653, 42.611793 ], [ -104.08322, 42.611833 ], [ -104.083383, 42.611829 ], [ -104.083543, 42.611827 ], [ -104.083794, 42.611823 ], [ -104.084337, 42.611822 ], [ -104.084366, 42.611821 ], [ -104.084979, 42.611821 ], [ -104.085343, 42.611821 ], [ -104.086947, 42.611835 ], [ -104.09002, 42.611863 ], [ -104.0912, 42.611868 ], [ -104.091636, 42.611869 ], [ -104.091981, 42.611869 ], [ -104.093968, 42.611885 ], [ -104.094779, 42.611885 ], [ -104.097284, 42.611888 ], [ -104.09739, 42.611889 ], [ -104.098723, 42.611897 ], [ -104.100722, 42.61191 ], [ -104.102724, 42.611919 ], [ -104.104058, 42.611926 ], [ -104.105524, 42.611933 ], [ -104.108535, 42.611949 ], [ -104.109923, 42.611952 ], [ -104.111314, 42.611955 ], [ -104.11139, 42.611956 ], [ -104.111909, 42.611957 ], [ -104.113842, 42.611966 ], [ -104.116825, 42.61198 ], [ -104.11998, 42.611966 ], [ -104.121201, 42.611966 ], [ -104.122541, 42.611967 ], [ -104.122567, 42.611967 ], [ -104.123664, 42.611955 ], [ -104.124206, 42.611951 ], [ -104.125597, 42.611945 ], [ -104.127, 42.611939 ], [ -104.129509, 42.611939 ], [ -104.131429, 42.611948 ], [ -104.133373, 42.611959 ], [ -104.13374, 42.611956 ], [ -104.134843, 42.611949 ], [ -104.135211, 42.611947 ], [ -104.136459, 42.611939 ], [ -104.137484, 42.611933 ], [ -104.140205, 42.611923 ], [ -104.141454, 42.611919 ], [ -104.141517, 42.611918 ], [ -104.14183, 42.611917 ], [ -104.142961, 42.611914 ], [ -104.143338, 42.611913 ], [ -104.145247, 42.611917 ], [ -104.1468, 42.611922 ], [ -104.150975, 42.611925 ], [ -104.151839, 42.611926 ], [ -104.152885, 42.611934 ], [ -104.153023, 42.611934 ], [ -104.153474, 42.611938 ], [ -104.154877, 42.611948 ], [ -104.155242, 42.611948 ], [ -104.155832, 42.61195 ], [ -104.158142, 42.611939 ], [ -104.16329, 42.611929 ], [ -104.165093, 42.611931 ], [ -104.167409, 42.611935 ], [ -104.169655, 42.611937 ], [ -104.169748, 42.611938 ], [ -104.171277, 42.611934 ], [ -104.174761, 42.611945 ], [ -104.176393, 42.611938 ], [ -104.17864, 42.61193 ], [ -104.178802, 42.611929 ], [ -104.179288, 42.611927 ], [ -104.179451, 42.611927 ], [ -104.181245, 42.61192 ], [ -104.183053, 42.611933 ], [ -104.18451, 42.611944 ], [ -104.1894, 42.611964 ], [ -104.193612, 42.611994 ], [ -104.193859, 42.611993 ], [ -104.197462, 42.611987 ], [ -104.198427, 42.61199 ], [ -104.201324, 42.612002 ], [ -104.20229, 42.612007 ], [ -104.204011, 42.611997 ], [ -104.2054, 42.61199 ], [ -104.208451, 42.611997 ], [ -104.209177, 42.611994 ], [ -104.2109, 42.611989 ], [ -104.211335, 42.611988 ], [ -104.217102, 42.611948 ], [ -104.217555, 42.611945 ], [ -104.221581, 42.611958 ], [ -104.221897, 42.611956 ], [ -104.222324, 42.611882 ], [ -104.222931, 42.611858 ], [ -104.228466, 42.611857 ], [ -104.232989, 42.611873 ], [ -104.234034, 42.611856 ], [ -104.234505, 42.611883 ], [ -104.235033, 42.611954 ], [ -104.235491, 42.611962 ], [ -104.235695, 42.611962 ], [ -104.239742, 42.611976 ], [ -104.241671, 42.611969 ], [ -104.241877, 42.611971 ], [ -104.241898, 42.611972 ], [ -104.242645, 42.61198 ], [ -104.243639, 42.611977 ], [ -104.246239, 42.611971 ], [ -104.248039, 42.611959 ], [ -104.248863, 42.611956 ], [ -104.250605, 42.611951 ], [ -104.251452, 42.611948 ], [ -104.252785, 42.61196 ], [ -104.253136, 42.611964 ], [ -104.253582, 42.611928 ], [ -104.255595, 42.611913 ], [ -104.259325, 42.611899 ], [ -104.260763, 42.611894 ], [ -104.261441, 42.611889 ], [ -104.261506, 42.611889 ], [ -104.264221, 42.611873 ], [ -104.264705, 42.611873 ], [ -104.268486, 42.611877 ], [ -104.271293, 42.611833 ], [ -104.273351, 42.611822 ], [ -104.274302, 42.611801 ], [ -104.274713, 42.611792 ], [ -104.276281, 42.611769 ], [ -104.277481, 42.611744 ], [ -104.277501, 42.611744 ], [ -104.279707, 42.6117 ], [ -104.282024, 42.611648 ], [ -104.282091, 42.611648 ], [ -104.283921, 42.61166 ], [ -104.28503, 42.611657 ], [ -104.286295, 42.611627 ], [ -104.290573, 42.61163 ], [ -104.294418, 42.611601 ], [ -104.295865, 42.611601 ], [ -104.296037, 42.611601 ], [ -104.300345, 42.611567 ], [ -104.300457, 42.611567 ], [ -104.302031, 42.61154 ], [ -104.30338, 42.611518 ], [ -104.306755, 42.611498 ], [ -104.307064, 42.611497 ], [ -104.30833, 42.611496 ], [ -104.308535, 42.611496 ], [ -104.309116, 42.6115 ], [ -104.311641, 42.611482 ], [ -104.312374, 42.611477 ], [ -104.313987, 42.611462 ], [ -104.316846, 42.61147 ], [ -104.319058, 42.611483 ], [ -104.320839, 42.61147 ], [ -104.321576, 42.61147 ], [ -104.324142, 42.61147 ], [ -104.324888, 42.611467 ], [ -104.324989, 42.611466 ], [ -104.325465, 42.611464 ], [ -104.325759, 42.611465 ], [ -104.32762, 42.611472 ], [ -104.328372, 42.611471 ], [ -104.329251, 42.611469 ], [ -104.330471, 42.611469 ], [ -104.33292, 42.611459 ], [ -104.334355, 42.611454 ], [ -104.337988, 42.611408 ], [ -104.340292, 42.611398 ], [ -104.341589, 42.611377 ], [ -104.343951, 42.611356 ], [ -104.346305, 42.611337 ], [ -104.347628, 42.611344 ], [ -104.347806, 42.61134 ], [ -104.348342, 42.611331 ], [ -104.348521, 42.611328 ], [ -104.349034, 42.611319 ], [ -104.350838, 42.611324 ], [ -104.350905, 42.611325 ], [ -104.354757, 42.611289 ], [ -104.357789, 42.611267 ], [ -104.358074, 42.611265 ], [ -104.360106, 42.611243 ], [ -104.364048, 42.611103 ], [ -104.366061, 42.611033 ], [ -104.370393, 42.61087 ], [ -104.375505, 42.610677 ], [ -104.375873, 42.610673 ], [ -104.379818, 42.610631 ], [ -104.386721, 42.610555 ], [ -104.407431, 42.61033 ], [ -104.414335, 42.610255 ], [ -104.41749, 42.61022 ], [ -104.426955, 42.610118 ], [ -104.427357, 42.610114 ], [ -104.427516, 42.610112 ], [ -104.427675, 42.610109 ], [ -104.427729, 42.610108 ], [ -104.43011, 42.610084 ], [ -104.430219, 42.610068 ], [ -104.430546, 42.610023 ], [ -104.430656, 42.610008 ] ] ] } }
]
}
