{
"type": "FeatureCollection",
"name": "ur2002_albers",
"crs": { "type": "name", "properties": { "name": "urn:ogc:def:crs:OGC:1.3:CRS84" } },
"features": [
{ "type": "Feature", "properties": { "ICF_ID": 16940, "DB_ALIAS": 15, "DBUNIQUE": "0000000001", "LATITUDE": 43.444, "LONGITUDE": -103.843, "DATUM": null, "COUNTY_NAM": "Fall River", "CNTY_FIPS": "047", "STATE_NAME": "SOUTH DAKO", "STATE_CODE": "SD", "MINE_NAME": "Blue Chip (SDSMT)", "QC_FLAG": null, "ZIPCODE": null, "QAQC": "Y", "MADS": null }, "geometry": { "type": "Point", "coordinates": [ -103.843006041730803, 43.444004254596237 ] } },
{ "type": "Feature", "properties": { "ICF_ID": 16941, "DB_ALIAS": 15, "DBUNIQUE": "0000000002", "LATITUDE": 43.452, "LONGITUDE": -104.09, "DATUM": null, "COUNTY_NAM": "Fall River", "CNTY_FIPS": "047", "STATE_NAME": "SOUTH DAKO", "STATE_CODE": "SD", "MINE_NAME": "Trail Faction", "QC_FLAG": "9", "ZIPCODE": null, "QAQC": "Y", "MADS": null }, "geometry": { "type": "Point", "coordinates": [ -104.090005906549266, 43.452004220195562 ] } },
{ "type": "Feature", "properties": { "ICF_ID": 16942, "DB_ALIAS": 15, "DBUNIQUE": "0000000113", "LATITUDE": 43.41, "LONGITUDE": -103.827, "DATUM": null, "COUNTY_NAM": "Fall River", "CNTY_FIPS": "047", "STATE_NAME": "SOUTH DAKO", "STATE_CODE": "SD", "MINE_NAME": "King 1 (SDSMT)", "QC_FLAG": null, "ZIPCODE": null, "QAQC": "Y", "MADS": null }, "geometry": { "type": "Point", "coordinates": [ -103.827006084022571, 43.410004383332044 ] } },
{ "type": "Feature", "properties": { "ICF_ID": 16943, "DB_ALIAS": 15, "DBUNIQUE": "0000000114", "LATITUDE": 43.408, "LONGITUDE": -103.854, "DATUM": null, "COUNTY_NAM": "Fall River", "CNTY_FIPS": "047", "STATE_NAME": "SOUTH DAKO", "STATE_CODE": "SD", "MINE_NAME": "Virginia C. 1 (SDSMT)", "QC_FLAG": null, "ZIPCODE": null, "QAQC": "Y", "MADS": null }, "geometry": { "type": "Point", "coordinates": [ -103.85400612336467, 43.40800439551812 ] } },
{ "type": "Feature", "properties": { "ICF_ID": 16944, "DB_ALIAS": 15, "DBUNIQUE": "0000000321", "LATITUDE": 43.417, "LONGITUDE": -103.835, "DATUM": null, "COUNTY_NAM": "Fall River", "CNTY_FIPS": "047", "STATE_NAME": "SOUTH DAKO", "STATE_CODE": "SD", "MINE_NAME": "Lucky Strike 2 (SDSMT)", "QC_FLAG": null, "ZIPCODE": null, "QAQC": "Y", "MADS": null }, "geometry": { "type": "Point", "coordinates": [ -103.835006080218818, 43.417004357879556 ] } },
{ "type": "Feature", "properties": { "ICF_ID": 16945, "DB_ALIAS": 15, "DBUNIQUE": "0000000303", "LATITUDE": 43.381, "LONGITUDE": -103.764, "DATUM": null, "COUNTY_NAM": "Fall River", "CNTY_FIPS": "047", "STATE_NAME": "SOUTH DAKO", "STATE_CODE": "SD", "MINE_NAME": "Crandall No.1 (SDSMT)", "QC_FLAG": null, "ZIPCODE": null, "QAQC": "Y", "MADS": null }, "geometry": { "type": "Point", "coordinates": [ -103.764006111141924, 43.381004473146227 ] } },
{ "type": "Feature", "properties": { "ICF_ID": 16946, "DB_ALIAS": 15, "DBUNIQUE": "0000000302", "LATITUDE": 43.418, "LONGITUDE": -103.854, "DATUM": null, "COUNTY_NAM": "Fall River", "CNTY_FIPS": "047", "STATE_NAME": "SOUTH DAKO", "STATE_CODE": "SD", "MINE_NAME": "Coal Canyon Group", "QC_FLAG": null, "ZIPCODE": null, "QAQC": "Y", "MADS": null }, "geometry": { "type": "Point", "coordinates": [ -103.854006107368676, 43.418004356318761 ] } },
{ "type": "Feature", "properties": { "ICF_ID": 16947, "DB_ALIAS": 15, "DBUNIQUE": "0000000330", "LATITUDE": 43.42, "LONGITUDE": -103.838, "DATUM": null, "COUNTY_NAM": "Fall River", "CNTY_FIPS": "047", "STATE_NAME": "SOUTH DAKO", "STATE_CODE": "SD", "MINE_NAME": "Trail Wind (SDSMT)", "QC_FLAG": null, "ZIPCODE": null, "QAQC": "Y", "MADS": null }, "geometry": { "type": "Point", "coordinates": [ -103.838006078762845, 43.420004346744619 ] } },
{ "type": "Feature", "properties": { "ICF_ID": 16948, "DB_ALIAS": 15, "DBUNIQUE": "0000000327", "LATITUDE": 43.42, "LONGITUDE": -103.835, "DATUM": null, "COUNTY_NAM": "Fall River", "CNTY_FIPS": "047", "STATE_NAME": "SOUTH DAKO", "STATE_CODE": "SD", "MINE_NAME": "Rowena (SDSMT)", "QC_FLAG": null, "ZIPCODE": null, "QAQC": "Y", "MADS": null }, "geometry": { "type": "Point", "coordinates": [ -103.835006073999097, 43.420004346419439 ] } },
{ "type": "Feature", "properties": { "ICF_ID": 16949, "DB_ALIAS": 15, "DBUNIQUE": "0000000331", "LATITUDE": 43.409, "LONGITUDE": -103.838, "DATUM": null, "COUNTY_NAM": "Fall River", "CNTY_FIPS": "047", "STATE_NAME": "SOUTH DAKO", "STATE_CODE": "SD", "MINE_NAME": "Valley View (SDSMT)", "QC_FLAG": null, "ZIPCODE": null, "QAQC": "Y", "MADS": null }, "geometry": { "type": "Point", "coordinates": [ -103.838006100745915, 43.409004388938534 ] } },
{ "type": "Feature", "properties": { "ICF_ID": 16950, "DB_ALIAS": 15, "DBUNIQUE": "0000000332", "LATITUDE": 43.414, "LONGITUDE": -103.83, "DATUM": null, "COUNTY_NAM": "Fall River", "CNTY_FIPS": "047", "STATE_NAME": "SOUTH DAKO", "STATE_CODE": "SD", "MINE_NAME": "Verde (SDSMT)", "QC_FLAG": null, "ZIPCODE": null, "QAQC": "Y", "MADS": null }, "geometry": { "type": "Point", "coordinates": [ -103.830006079246886, 43.414004368639972 ] } },
{ "type": "Feature", "properties": { "ICF_ID": 16951, "DB_ALIAS": 15, "DBUNIQUE": "0000000324", "LATITUDE": 43.417, "LONGITUDE": -103.815, "DATUM": null, "COUNTY_NAM": "Fall River", "CNTY_FIPS": "047", "STATE_NAME": "SOUTH DAKO", "STATE_CODE": "SD", "MINE_NAME": "Pictograph (SDSMT)", "QC_FLAG": null, "ZIPCODE": null, "QAQC": "Y", "MADS": null }, "geometry": { "type": "Point", "coordinates": [ -103.815006049956281, 43.417004355396266 ] } },
{ "type": "Feature", "properties": { "ICF_ID": 16952, "DB_ALIAS": 15, "DBUNIQUE": "0000000299", "LATITUDE": 43.425, "LONGITUDE": -103.817, "DATUM": null, "COUNTY_NAM": "Fall River", "CNTY_FIPS": "047", "STATE_NAME": "SOUTH DAKO", "STATE_CODE": "SD", "MINE_NAME": "Clara (SDSMT)", "QC_FLAG": null, "ZIPCODE": null, "QAQC": "Y", "MADS": null }, "geometry": { "type": "Point", "coordinates": [ -103.817006032806788, 43.425004325841421 ] } },
{ "type": "Feature", "properties": { "ICF_ID": 16953, "DB_ALIAS": 15, "DBUNIQUE": "0000000304", "LATITUDE": 43.425, "LONGITUDE": -103.815, "DATUM": null, "COUNTY_NAM": "Fall River", "CNTY_FIPS": "047", "STATE_NAME": "SOUTH DAKO", "STATE_CODE": "SD", "MINE_NAME": "Dagmar (SDSMT)", "QC_FLAG": null, "ZIPCODE": null, "QAQC": "Y", "MADS": null }, "geometry": { "type": "Point", "coordinates": [ -103.815006029381678, 43.425004325677229 ] } },
{ "type": "Feature", "properties": { "ICF_ID": 16954, "DB_ALIAS": 15, "DBUNIQUE": "0000000307", "LATITUDE": 43.427, "LONGITUDE": -103.808, "DATUM": null, "COUNTY_NAM": "Fall River", "CNTY_FIPS": "047", "STATE_NAME": "SOUTH DAKO", "STATE_CODE": "SD", "MINE_NAME": "Gertrude (SDSMT)", "QC_FLAG": null, "ZIPCODE": null, "QAQC": "Y", "MADS": null }, "geometry": { "type": "Point", "coordinates": [ -103.808006011901099, 43.427004317746331 ] } },
{ "type": "Feature", "properties": { "ICF_ID": 16955, "DB_ALIAS": 15, "DBUNIQUE": "0000000329", "LATITUDE": 43.39, "LONGITUDE": -103.751, "DATUM": null, "COUNTY_NAM": "Fall River", "CNTY_FIPS": "047", "STATE_NAME": "SOUTH DAKO", "STATE_CODE": "SD", "MINE_NAME": "Too Late (SDSMT)", "QC_FLAG": null, "ZIPCODE": null, "QAQC": "Y", "MADS": null }, "geometry": { "type": "Point", "coordinates": [ -103.751006065632509, 43.390004438665969 ] } },
{ "type": "Feature", "properties": { "ICF_ID": 16956, "DB_ALIAS": 15, "DBUNIQUE": "0000000312", "LATITUDE": 43.321, "LONGITUDE": -103.704, "DATUM": null, "COUNTY_NAM": "Fall River", "CNTY_FIPS": "047", "STATE_NAME": "SOUTH DAKO", "STATE_CODE": "SD", "MINE_NAME": "Gull (SDSMT)", "QC_FLAG": null, "ZIPCODE": null, "QAQC": "Y", "MADS": null }, "geometry": { "type": "Point", "coordinates": [ -103.704005541434867, 43.32100474314921 ] } },
{ "type": "Feature", "properties": { "ICF_ID": 16957, "DB_ALIAS": 15, "DBUNIQUE": "0000000295", "LATITUDE": 43.19, "LONGITUDE": -103.415, "DATUM": null, "COUNTY_NAM": "Fall River", "CNTY_FIPS": "047", "STATE_NAME": "SOUTH DAKO", "STATE_CODE": "SD", "MINE_NAME": "Accidental Group", "QC_FLAG": null, "ZIPCODE": null, "QAQC": "Y", "MADS": null }, "geometry": { "type": "Point", "coordinates": [ -103.415002356809723, 43.190005286811122 ] } },
{ "type": "Feature", "properties": { "ICF_ID": 16958, "DB_ALIAS": 15, "DBUNIQUE": "0000000323", "LATITUDE": 43.4, "LONGITUDE": -103.742, "DATUM": null, "COUNTY_NAM": "Fall River", "CNTY_FIPS": "047", "STATE_NAME": "SOUTH DAKO", "STATE_CODE": "SD", "MINE_NAME": "Matias Peak Group", "QC_FLAG": null, "ZIPCODE": null, "QAQC": "Y", "MADS": null }, "geometry": { "type": "Point", "coordinates": [ -103.742005878626813, 43.400004429749551 ] } },
{ "type": "Feature", "properties": { "ICF_ID": 16959, "DB_ALIAS": 15, "DBUNIQUE": "0000000296", "LATITUDE": 43.241, "LONGITUDE": -103.455, "DATUM": null, "COUNTY_NAM": "Fall River", "CNTY_FIPS": "047", "STATE_NAME": "SOUTH DAKO", "STATE_CODE": "SD", "MINE_NAME": "Band H No.3, No.5                                       F", "QC_FLAG": null, "ZIPCODE": null, "QAQC": "Y", "MADS": null }, "geometry": { "type": "Point", "coordinates": [ -103.455002120518301, 43.241005060886941 ] } },
{ "type": "Feature", "properties": { "ICF_ID": 16960, "DB_ALIAS": 15, "DBUNIQUE": "0000000297", "LATITUDE": 43.408, "LONGITUDE": -103.85, "DATUM": null, "COUNTY_NAM": "Fall River", "CNTY_FIPS": "047", "STATE_NAME": "SOUTH DAKO", "STATE_CODE": "SD", "MINE_NAME": "Berit No.1 (berit Group)", "QC_FLAG": null, "ZIPCODE": null, "QAQC": "Y", "MADS": null }, "geometry": { "type": "Point", "coordinates": [ -103.850006118209592, 43.408004394832147 ] } },
{ "type": "Feature", "properties": { "ICF_ID": 16961, "DB_ALIAS": 15, "DBUNIQUE": "0000000300", "LATITUDE": 43.25, "LONGITUDE": -103.48, "DATUM": null, "COUNTY_NAM": "Fall River", "CNTY_FIPS": "047", "STATE_NAME": "SOUTH DAKO", "STATE_CODE": "SD", "MINE_NAME": "Clarabelle No.1 And No.2 (clarabelle Group)", "QC_FLAG": null, "ZIPCODE": null, "QAQC": "Y", "MADS": null }, "geometry": { "type": "Point", "coordinates": [ -103.480002194210698, 43.250004985272255 ] } },
{ "type": "Feature", "properties": { "ICF_ID": 16962, "DB_ALIAS": 15, "DBUNIQUE": "0000000326", "LATITUDE": 43.417, "LONGITUDE": -103.854, "DATUM": null, "COUNTY_NAM": "Fall River", "CNTY_FIPS": "047", "STATE_NAME": "SOUTH DAKO", "STATE_CODE": "SD", "MINE_NAME": "Road Hog (road Hog Group)", "QC_FLAG": null, "ZIPCODE": null, "QAQC": "Y", "MADS": null }, "geometry": { "type": "Point", "coordinates": [ -103.854006108968278, 43.417004360238707 ] } },
{ "type": "Feature", "properties": { "ICF_ID": 16963, "DB_ALIAS": 15, "DBUNIQUE": "0000000305", "LATITUDE": 43.25, "LONGITUDE": -103.501, "DATUM": null, "COUNTY_NAM": "Fall River", "CNTY_FIPS": "047", "STATE_NAME": "SOUTH DAKO", "STATE_CODE": "SD", "MINE_NAME": "Diane A (Blue Lagoon)", "QC_FLAG": null, "ZIPCODE": null, "QAQC": "Y", "MADS": null }, "geometry": { "type": "Point", "coordinates": [ -103.501002334593011, 43.250004949095455 ] } },
{ "type": "Feature", "properties": { "ICF_ID": 16964, "DB_ALIAS": 15, "DBUNIQUE": "0000000306", "LATITUDE": 43.235, "LONGITUDE": -103.451, "DATUM": null, "COUNTY_NAM": "Fall River", "CNTY_FIPS": "047", "STATE_NAME": "SOUTH DAKO", "STATE_CODE": "SD", "MINE_NAME": "Freezeout (Freezeout No. 3-4)", "QC_FLAG": null, "ZIPCODE": null, "QAQC": "Y", "MADS": null }, "geometry": { "type": "Point", "coordinates": [ -103.451002150028373, 43.235005087996448 ] } },
{ "type": "Feature", "properties": { "ICF_ID": 16965, "DB_ALIAS": 15, "DBUNIQUE": "0000000308", "LATITUDE": 43.243, "LONGITUDE": -103.512, "DATUM": null, "COUNTY_NAM": "Fall River", "CNTY_FIPS": "047", "STATE_NAME": "SOUTH DAKO", "STATE_CODE": "SD", "MINE_NAME": "Get Me Rich", "QC_FLAG": null, "ZIPCODE": null, "QAQC": "Y", "MADS": null }, "geometry": { "type": "Point", "coordinates": [ -103.512002579573888, 43.243004973721561 ] } },
{ "type": "Feature", "properties": { "ICF_ID": 16966, "DB_ALIAS": 15, "DBUNIQUE": "0000000309", "LATITUDE": 43.24, "LONGITUDE": -103.46, "DATUM": null, "COUNTY_NAM": "Fall River", "CNTY_FIPS": "047", "STATE_NAME": "SOUTH DAKO", "STATE_CODE": "SD", "MINE_NAME": "Green Acre No.1 (Greenacre Group)", "QC_FLAG": null, "ZIPCODE": null, "QAQC": "Y", "MADS": null }, "geometry": { "type": "Point", "coordinates": [ -103.460002159589123, 43.240005055684968 ] } },
{ "type": "Feature", "properties": { "ICF_ID": 16967, "DB_ALIAS": 15, "DBUNIQUE": "0000000311", "LATITUDE": 43.255, "LONGITUDE": -103.48, "DATUM": null, "COUNTY_NAM": "Fall River", "CNTY_FIPS": "047", "STATE_NAME": "SOUTH DAKO", "STATE_CODE": "SD", "MINE_NAME": "Greenslipper Group (Greenslipper No.2, No.3, No. 4-6)", "QC_FLAG": null, "ZIPCODE": null, "QAQC": "Y", "MADS": null }, "geometry": { "type": "Point", "coordinates": [ -103.480002166789902, 43.255004992630411 ] } },
{ "type": "Feature", "properties": { "ICF_ID": 16968, "DB_ALIAS": 15, "DBUNIQUE": "0000000313", "LATITUDE": 43.425, "LONGITUDE": -103.792, "DATUM": null, "COUNTY_NAM": "Fall River", "CNTY_FIPS": "047", "STATE_NAME": "SOUTH DAKO", "STATE_CODE": "SD", "MINE_NAME": "Hay And Fay (SDSMT)", "QC_FLAG": null, "ZIPCODE": null, "QAQC": "Y", "MADS": null }, "geometry": { "type": "Point", "coordinates": [ -103.792005989992788, 43.425004323788833 ] } },
{ "type": "Feature", "properties": { "ICF_ID": 16969, "DB_ALIAS": 15, "DBUNIQUE": "0000000314", "LATITUDE": 43.396, "LONGITUDE": -103.758, "DATUM": null, "COUNTY_NAM": "Fall River", "CNTY_FIPS": "047", "STATE_NAME": "SOUTH DAKO", "STATE_CODE": "SD", "MINE_NAME": "Holdup Group (Holdup No.15, No.17)", "QC_FLAG": null, "ZIPCODE": null, "QAQC": "Y", "MADS": null }, "geometry": { "type": "Point", "coordinates": [ -103.758006047556194, 43.396004420037741 ] } },
{ "type": "Feature", "properties": { "ICF_ID": 16970, "DB_ALIAS": 15, "DBUNIQUE": "0000000315", "LATITUDE": 43.408, "LONGITUDE": -103.783, "DATUM": null, "COUNTY_NAM": "Fall River", "CNTY_FIPS": "047", "STATE_NAME": "SOUTH DAKO", "STATE_CODE": "SD", "MINE_NAME": "Hot Point Group", "QC_FLAG": null, "ZIPCODE": null, "QAQC": "Y", "MADS": null }, "geometry": { "type": "Point", "coordinates": [ -103.783006031862115, 43.40800438334265 ] } },
{ "type": "Feature", "properties": { "ICF_ID": 16971, "DB_ALIAS": 15, "DBUNIQUE": "0000000319", "LATITUDE": 43.361, "LONGITUDE": -103.742, "DATUM": null, "COUNTY_NAM": "Fall River", "CNTY_FIPS": "047", "STATE_NAME": "SOUTH DAKO", "STATE_CODE": "SD", "MINE_NAME": "Lion-McKnight (SDSMT)", "QC_FLAG": null, "ZIPCODE": null, "QAQC": "Y", "MADS": null }, "geometry": { "type": "Point", "coordinates": [ -103.742006043563535, 43.36100455510163 ] } },
{ "type": "Feature", "properties": { "ICF_ID": 16972, "DB_ALIAS": 15, "DBUNIQUE": "0000000320", "LATITUDE": 43.364, "LONGITUDE": -103.746, "DATUM": null, "COUNTY_NAM": "Fall River", "CNTY_FIPS": "047", "STATE_NAME": "SOUTH DAKO", "STATE_CODE": "SD", "MINE_NAME": "Lion No.1 And No.4, Unnamed (in Lion Group)", "QC_FLAG": null, "ZIPCODE": null, "QAQC": "Y", "MADS": null }, "geometry": { "type": "Point", "coordinates": [ -103.746006102332942, 43.364004535780118 ] } },
{ "type": "Feature", "properties": { "ICF_ID": 16973, "DB_ALIAS": 15, "DBUNIQUE": "0000000322", "LATITUDE": 43.371, "LONGITUDE": -103.742, "DATUM": null, "COUNTY_NAM": "Fall River", "CNTY_FIPS": "047", "STATE_NAME": "SOUTH DAKO", "STATE_CODE": "SD", "MINE_NAME": "Mary Jac Group", "QC_FLAG": null, "ZIPCODE": null, "QAQC": "Y", "MADS": null }, "geometry": { "type": "Point", "coordinates": [ -103.742006001272074, 43.371004522960064 ] } },
{ "type": "Feature", "properties": { "ICF_ID": 16974, "DB_ALIAS": 15, "DBUNIQUE": "0000000325", "LATITUDE": 43.417, "LONGITUDE": -103.85, "DATUM": null, "COUNTY_NAM": "Fall River", "CNTY_FIPS": "047", "STATE_NAME": "SOUTH DAKO", "STATE_CODE": "SD", "MINE_NAME": "Ridge Runner", "QC_FLAG": null, "ZIPCODE": null, "QAQC": "Y", "MADS": null }, "geometry": { "type": "Point", "coordinates": [ -103.850006102915756, 43.41700435974203 ] } },
{ "type": "Feature", "properties": { "ICF_ID": 16975, "DB_ALIAS": 15, "DBUNIQUE": "0000000328", "LATITUDE": 43.433, "LONGITUDE": -103.806, "DATUM": null, "COUNTY_NAM": "Fall River", "CNTY_FIPS": "047", "STATE_NAME": "SOUTH DAKO", "STATE_CODE": "SD", "MINE_NAME": "Shamrock", "QC_FLAG": null, "ZIPCODE": null, "QAQC": "Y", "MADS": null }, "geometry": { "type": "Point", "coordinates": [ -103.806005991599136, 43.433004295597783 ] } },
{ "type": "Feature", "properties": { "ICF_ID": 18590, "DB_ALIAS": 19, "DBUNIQUE": "CNVR0019", "LATITUDE": 43.0156, "LONGITUDE": -105.4486, "DATUM": "NAD83", "COUNTY_NAM": "CONVERSE", "CNTY_FIPS": "009", "STATE_NAME": "WYOMING", "STATE_CODE": "WY", "MINE_NAME": "MORTON RANCH", "QC_FLAG": null, "ZIPCODE": null, "QAQC": "Y", "MADS": null }, "geometry": { "type": "Point", "coordinates": [ -105.448615438103701, 43.015561603167988 ] } },
{ "type": "Feature", "properties": { "ICF_ID": 18602, "DB_ALIAS": 19, "DBUNIQUE": "CNVR1055", "LATITUDE": 43.2438, "LONGITUDE": -105.6147, "DATUM": "NAD83", "COUNTY_NAM": "CONVERSE", "CNTY_FIPS": "009", "STATE_NAME": "WYOMING", "STATE_CODE": "WY", "MINE_NAME": "SPOOK SITE", "QC_FLAG": null, "ZIPCODE": null, "QAQC": "Y", "MADS": null }, "geometry": { "type": "Point", "coordinates": [ -105.614697462927793, 43.243821388177267 ] } },
{ "type": "Feature", "properties": { "ICF_ID": 18603, "DB_ALIAS": 19, "DBUNIQUE": "CROK0014", "LATITUDE": 44.6825, "LONGITUDE": -104.8446, "DATUM": "NAD83", "COUNTY_NAM": "CROOK", "CNTY_FIPS": "011", "STATE_NAME": "WYOMING", "STATE_CODE": "WY", "MINE_NAME": null, "QC_FLAG": null, "ZIPCODE": null, "QAQC": "Y", "MADS": null }, "geometry": { "type": "Point", "coordinates": [ -104.844559384910241, 44.682487684093545 ] } },
{ "type": "Feature", "properties": { "ICF_ID": 18604, "DB_ALIAS": 19, "DBUNIQUE": "CROK0053", "LATITUDE": 44.4674, "LONGITUDE": -104.7693, "DATUM": "NAD83", "COUNTY_NAM": "CROOK", "CNTY_FIPS": "011", "STATE_NAME": "WYOMING", "STATE_CODE": "WY", "MINE_NAME": null, "QC_FLAG": null, "ZIPCODE": null, "QAQC": "Y", "MADS": null }, "geometry": { "type": "Point", "coordinates": [ -104.769337379429714, 44.467419922488737 ] } },
{ "type": "Feature", "properties": { "ICF_ID": 18605, "DB_ALIAS": 19, "DBUNIQUE": "CROK0054", "LATITUDE": 44.4611, "LONGITUDE": -104.7544, "DATUM": "NAD83", "COUNTY_NAM": "CROOK", "CNTY_FIPS": "011", "STATE_NAME": "WYOMING", "STATE_CODE": "WY", "MINE_NAME": null, "QC_FLAG": null, "ZIPCODE": null, "QAQC": "Y", "MADS": null }, "geometry": { "type": "Point", "coordinates": [ -104.754448274378618, 44.461113866239067 ] } },
{ "type": "Feature", "properties": { "ICF_ID": 18606, "DB_ALIAS": 19, "DBUNIQUE": "CROK1065", "LATITUDE": 44.471, "LONGITUDE": -104.7714, "DATUM": "NAD83", "COUNTY_NAM": "CROOK", "CNTY_FIPS": "011", "STATE_NAME": "WYOMING", "STATE_CODE": "WY", "MINE_NAME": null, "QC_FLAG": null, "ZIPCODE": null, "QAQC": "Y", "MADS": null }, "geometry": { "type": "Point", "coordinates": [ -104.771431396117251, 44.470975938830009 ] } },
{ "type": "Feature", "properties": { "ICF_ID": 18607, "DB_ALIAS": 19, "DBUNIQUE": "CROK1066", "LATITUDE": 44.46, "LONGITUDE": -104.7516, "DATUM": "NAD83", "COUNTY_NAM": "CROOK", "CNTY_FIPS": "011", "STATE_NAME": "WYOMING", "STATE_CODE": "WY", "MINE_NAME": "PIONEER NUCLEAR MINE", "QC_FLAG": null, "ZIPCODE": null, "QAQC": "Y", "MADS": null }, "geometry": { "type": "Point", "coordinates": [ -104.751615254035073, 44.460037855858587 ] } },
{ "type": "Feature", "properties": { "ICF_ID": 18608, "DB_ALIAS": 19, "DBUNIQUE": "CROK1075", "LATITUDE": 44.6973, "LONGITUDE": -104.1037, "DATUM": "NAD83", "COUNTY_NAM": "CROOK", "CNTY_FIPS": "011", "STATE_NAME": "WYOMING", "STATE_CODE": "WY", "MINE_NAME": null, "QC_FLAG": null, "ZIPCODE": null, "QAQC": "Y", "MADS": null }, "geometry": { "type": "Point", "coordinates": [ -104.10373510213735, 44.697279848099932 ] } },
{ "type": "Feature", "properties": { "ICF_ID": 18609, "DB_ALIAS": 19, "DBUNIQUE": "CROK1076", "LATITUDE": 44.6973, "LONGITUDE": -104.119, "DATUM": "NAD83", "COUNTY_NAM": "CROOK", "CNTY_FIPS": "011", "STATE_NAME": "WYOMING", "STATE_CODE": "WY", "MINE_NAME": null, "QC_FLAG": null, "ZIPCODE": null, "QAQC": "Y", "MADS": null }, "geometry": { "type": "Point", "coordinates": [ -104.11896715898358, 44.69727983023494 ] } },
{ "type": "Feature", "properties": { "ICF_ID": 18610, "DB_ALIAS": 19, "DBUNIQUE": "CROK1126", "LATITUDE": 44.7795, "LONGITUDE": -104.8866, "DATUM": "NAD83", "COUNTY_NAM": "CROOK", "CNTY_FIPS": "011", "STATE_NAME": "WYOMING", "STATE_CODE": "WY", "MINE_NAME": "HAUBER MINE", "QC_FLAG": null, "ZIPCODE": null, "QAQC": "Y", "MADS": null }, "geometry": { "type": "Point", "coordinates": [ -104.88662148812449, 44.779547998894763 ] } },
{ "type": "Feature", "properties": { "ICF_ID": 19082, "DB_ALIAS": 5, "DBUNIQUE": "0300110003", "LATITUDE": 45.1419, "LONGITUDE": -104.9258, "DATUM": null, "COUNTY_NAM": null, "CNTY_FIPS": "011", "STATE_NAME": "MONTANA", "STATE_CODE": null, "MINE_NAME": "RICHARDSON RANCH", "QC_FLAG": null, "ZIPCODE": null, "QAQC": null, "MADS": null }, "geometry": { "type": "Point", "coordinates": [ -104.925836107540306, 45.141947696548044 ] } },
{ "type": "Feature", "properties": { "ICF_ID": 19087, "DB_ALIAS": 5, "DBUNIQUE": "0300110008", "LATITUDE": 45.5428, "LONGITUDE": -104.2158, "DATUM": null, "COUNTY_NAM": null, "CNTY_FIPS": "011", "STATE_NAME": "MONTANA", "STATE_CODE": null, "MINE_NAME": "LONG PINE HILLS", "QC_FLAG": null, "ZIPCODE": null, "QAQC": null, "MADS": null }, "geometry": { "type": "Point", "coordinates": [ -104.215836484138549, 45.542782680697414 ] } },
{ "type": "Feature", "properties": { "ICF_ID": 19207, "DB_ALIAS": 5, "DBUNIQUE": "0300750018", "LATITUDE": 45.0078, "LONGITUDE": -105.6406, "DATUM": null, "COUNTY_NAM": null, "CNTY_FIPS": "075", "STATE_NAME": "MONTANA", "STATE_CODE": null, "MINE_NAME": "BAY HORSE CREEK", "QC_FLAG": null, "ZIPCODE": null, "QAQC": null, "MADS": null }, "geometry": { "type": "Point", "coordinates": [ -105.640561194135884, 45.007784067539184 ] } },
{ "type": "Feature", "properties": { "ICF_ID": 19208, "DB_ALIAS": 5, "DBUNIQUE": "0300750019", "LATITUDE": 45.0797, "LONGITUDE": -105.6181, "DATUM": null, "COUNTY_NAM": null, "CNTY_FIPS": "075", "STATE_NAME": "MONTANA", "STATE_CODE": null, "MINE_NAME": "PORTWINE PROSPECT", "QC_FLAG": null, "ZIPCODE": null, "QAQC": null, "MADS": null }, "geometry": { "type": "Point", "coordinates": [ -105.618060684608324, 45.079728059181271 ] } },
{ "type": "Feature", "properties": { "ICF_ID": 19704, "DB_ALIAS": 5, "DBUNIQUE": "0460330011", "LATITUDE": 43.7694, "LONGITUDE": -103.5997, "DATUM": null, "COUNTY_NAM": null, "CNTY_FIPS": "033", "STATE_NAME": "SOUTH DAKO", "STATE_CODE": null, "MINE_NAME": "VIRGINIA MINE", "QC_FLAG": null, "ZIPCODE": null, "QAQC": null, "MADS": null }, "geometry": { "type": "Point", "coordinates": [ -103.599721220592386, 43.769448633975429 ] } },
{ "type": "Feature", "properties": { "ICF_ID": 19705, "DB_ALIAS": 5, "DBUNIQUE": "0460470001", "LATITUDE": 43.3097, "LONGITUDE": -103.8336, "DATUM": null, "COUNTY_NAM": null, "CNTY_FIPS": "047", "STATE_NAME": "SOUTH DAKO", "STATE_CODE": null, "MINE_NAME": "DARROW #3 PIT", "QC_FLAG": null, "ZIPCODE": null, "QAQC": "Y", "MADS": null }, "geometry": { "type": "Point", "coordinates": [ -103.833617304245706, 43.309726766729455 ] } },
{ "type": "Feature", "properties": { "ICF_ID": 19706, "DB_ALIAS": 5, "DBUNIQUE": "0460470007", "LATITUDE": 43.2931, "LONGITUDE": -103.8336, "DATUM": null, "COUNTY_NAM": null, "CNTY_FIPS": "047", "STATE_NAME": "SOUTH DAKO", "STATE_CODE": null, "MINE_NAME": "HECK LEASE", "QC_FLAG": null, "ZIPCODE": null, "QAQC": "Y", "MADS": null }, "geometry": { "type": "Point", "coordinates": [ -103.83361733937555, 43.293060830272459 ] } },
{ "type": "Feature", "properties": { "ICF_ID": 19707, "DB_ALIAS": 5, "DBUNIQUE": "0460470009", "LATITUDE": 43.2931, "LONGITUDE": -103.8336, "DATUM": null, "COUNTY_NAM": null, "CNTY_FIPS": "047", "STATE_NAME": "SOUTH DAKO", "STATE_CODE": null, "MINE_NAME": "LION #2 PIT", "QC_FLAG": null, "ZIPCODE": null, "QAQC": "Y", "MADS": null }, "geometry": { "type": "Point", "coordinates": [ -103.83361733937555, 43.293060830272459 ] } },
{ "type": "Feature", "properties": { "ICF_ID": 19708, "DB_ALIAS": 5, "DBUNIQUE": "0460470010", "LATITUDE": 43.2931, "LONGITUDE": -103.8336, "DATUM": null, "COUNTY_NAM": null, "CNTY_FIPS": "047", "STATE_NAME": "SOUTH DAKO", "STATE_CODE": null, "MINE_NAME": "PETERSON LEASE", "QC_FLAG": null, "ZIPCODE": null, "QAQC": "Y", "MADS": null }, "geometry": { "type": "Point", "coordinates": [ -103.83361733937555, 43.293060830272459 ] } },
{ "type": "Feature", "properties": { "ICF_ID": 19709, "DB_ALIAS": 5, "DBUNIQUE": "0460470013", "LATITUDE": 43.2931, "LONGITUDE": -103.8336, "DATUM": null, "COUNTY_NAM": null, "CNTY_FIPS": "047", "STATE_NAME": "SOUTH DAKO", "STATE_CODE": null, "MINE_NAME": "DARROW LEASE", "QC_FLAG": null, "ZIPCODE": null, "QAQC": "Y", "MADS": null }, "geometry": { "type": "Point", "coordinates": [ -103.83361733937555, 43.293060830272459 ] } },
{ "type": "Feature", "properties": { "ICF_ID": 19710, "DB_ALIAS": 5, "DBUNIQUE": "0460470015", "LATITUDE": 43.3156, "LONGITUDE": -103.6867, "DATUM": null, "COUNTY_NAM": null, "CNTY_FIPS": "047", "STATE_NAME": "SOUTH DAKO", "STATE_CODE": null, "MINE_NAME": "ACCIDENTAL NO. 1", "QC_FLAG": null, "ZIPCODE": null, "QAQC": "Y", "MADS": null }, "geometry": { "type": "Point", "coordinates": [ -103.686672259650734, 43.315560781792591 ] } },
{ "type": "Feature", "properties": { "ICF_ID": 19711, "DB_ALIAS": 5, "DBUNIQUE": "0460470016", "LATITUDE": 43.3178, "LONGITUDE": -103.6892, "DATUM": null, "COUNTY_NAM": null, "CNTY_FIPS": "047", "STATE_NAME": "SOUTH DAKO", "STATE_CODE": null, "MINE_NAME": "ACCIDENTAL NO. 3", "QC_FLAG": null, "ZIPCODE": null, "QAQC": "Y", "MADS": null }, "geometry": { "type": "Point", "coordinates": [ -103.689172293812732, 43.317782773340696 ] } },
{ "type": "Feature", "properties": { "ICF_ID": 19712, "DB_ALIAS": 5, "DBUNIQUE": "0460470017", "LATITUDE": 43.3153, "LONGITUDE": -103.6892, "DATUM": null, "COUNTY_NAM": null, "CNTY_FIPS": "047", "STATE_NAME": "SOUTH DAKO", "STATE_CODE": null, "MINE_NAME": "ACCIDENTAL NO. 10", "QC_FLAG": null, "ZIPCODE": null, "QAQC": "Y", "MADS": null }, "geometry": { "type": "Point", "coordinates": [ -103.689172304995537, 43.315282778751474 ] } },
{ "type": "Feature", "properties": { "ICF_ID": 19713, "DB_ALIAS": 5, "DBUNIQUE": "0460470018", "LATITUDE": 43.3608, "LONGITUDE": -103.6228, "DATUM": null, "COUNTY_NAM": null, "CNTY_FIPS": "047", "STATE_NAME": "SOUTH DAKO", "STATE_CODE": null, "MINE_NAME": "ACME", "QC_FLAG": null, "ZIPCODE": null, "QAQC": "Y", "MADS": null }, "geometry": { "type": "Point", "coordinates": [ -103.622781916206492, 43.360837836623858 ] } },
{ "type": "Feature", "properties": { "ICF_ID": 19714, "DB_ALIAS": 5, "DBUNIQUE": "0460470019", "LATITUDE": 43.4219, "LONGITUDE": -103.8172, "DATUM": null, "COUNTY_NAM": null, "CNTY_FIPS": "047", "STATE_NAME": "SOUTH DAKO", "STATE_CODE": null, "MINE_NAME": "ALICE", "QC_FLAG": null, "ZIPCODE": null, "QAQC": "Y", "MADS": null }, "geometry": { "type": "Point", "coordinates": [ -103.817228040877183, 43.421948337248004 ] } },
{ "type": "Feature", "properties": { "ICF_ID": 19715, "DB_ALIAS": 5, "DBUNIQUE": "0460470020", "LATITUDE": 43.1947, "LONGITUDE": -103.7361, "DATUM": null, "COUNTY_NAM": null, "CNTY_FIPS": "047", "STATE_NAME": "SOUTH DAKO", "STATE_CODE": null, "MINE_NAME": "AMY NO. 1", "QC_FLAG": null, "ZIPCODE": null, "QAQC": "Y", "MADS": null }, "geometry": { "type": "Point", "coordinates": [ -103.736117202767417, 43.19472711819008 ] } },
{ "type": "Feature", "properties": { "ICF_ID": 19716, "DB_ALIAS": 5, "DBUNIQUE": "0460470022", "LATITUDE": 43.4075, "LONGITUDE": -103.8644, "DATUM": null, "COUNTY_NAM": null, "CNTY_FIPS": "047", "STATE_NAME": "SOUTH DAKO", "STATE_CODE": null, "MINE_NAME": "APPLE PIE", "QC_FLAG": null, "ZIPCODE": null, "QAQC": "Y", "MADS": null }, "geometry": { "type": "Point", "coordinates": [ -103.864450137494188, 43.407504399296528 ] } },
{ "type": "Feature", "properties": { "ICF_ID": 19717, "DB_ALIAS": 5, "DBUNIQUE": "0460470023", "LATITUDE": 43.4042, "LONGITUDE": -103.7667, "DATUM": null, "COUNTY_NAM": null, "CNTY_FIPS": "047", "STATE_NAME": "SOUTH DAKO", "STATE_CODE": null, "MINE_NAME": "B AND H NOS. 1-6", "QC_FLAG": null, "ZIPCODE": null, "QAQC": "Y", "MADS": null }, "geometry": { "type": "Point", "coordinates": [ -103.76667302528881, 43.404171393806848 ] } },
{ "type": "Feature", "properties": { "ICF_ID": 19718, "DB_ALIAS": 5, "DBUNIQUE": "0460470024", "LATITUDE": 43.3983, "LONGITUDE": -103.8258, "DATUM": null, "COUNTY_NAM": null, "CNTY_FIPS": "047", "STATE_NAME": "SOUTH DAKO", "STATE_CODE": null, "MINE_NAME": "BARBER", "QC_FLAG": null, "ZIPCODE": null, "QAQC": "Y", "MADS": null }, "geometry": { "type": "Point", "coordinates": [ -103.825839109315169, 43.398337427150231 ] } },
{ "type": "Feature", "properties": { "ICF_ID": 19719, "DB_ALIAS": 5, "DBUNIQUE": "0460470025", "LATITUDE": 43.4278, "LONGITUDE": -103.8861, "DATUM": null, "COUNTY_NAM": null, "CNTY_FIPS": "047", "STATE_NAME": "SOUTH DAKO", "STATE_CODE": null, "MINE_NAME": "BARKER AND HOWELL", "QC_FLAG": null, "ZIPCODE": null, "QAQC": "Y", "MADS": null }, "geometry": { "type": "Point", "coordinates": [ -103.886117148943541, 43.427782320157036 ] } },
{ "type": "Feature", "properties": { "ICF_ID": 19720, "DB_ALIAS": 5, "DBUNIQUE": "0460470026", "LATITUDE": 43.2667, "LONGITUDE": -103.7333, "DATUM": null, "COUNTY_NAM": null, "CNTY_FIPS": "047", "STATE_NAME": "SOUTH DAKO", "STATE_CODE": null, "MINE_NAME": "BAXTER", "QC_FLAG": null, "ZIPCODE": null, "QAQC": "Y", "MADS": null }, "geometry": { "type": "Point", "coordinates": [ -103.733339291578034, 43.266671862511586 ] } },
{ "type": "Feature", "properties": { "ICF_ID": 19721, "DB_ALIAS": 5, "DBUNIQUE": "0460470027", "LATITUDE": 43.3417, "LONGITUDE": -103.7153, "DATUM": null, "COUNTY_NAM": null, "CNTY_FIPS": "047", "STATE_NAME": "SOUTH DAKO", "STATE_CODE": null, "MINE_NAME": "BEADLE GROUP", "QC_FLAG": null, "ZIPCODE": null, "QAQC": "Y", "MADS": null }, "geometry": { "type": "Point", "coordinates": [ -103.715283650714014, 43.341671670042899 ] } },
{ "type": "Feature", "properties": { "ICF_ID": 19722, "DB_ALIAS": 5, "DBUNIQUE": "0460470029", "LATITUDE": 43.4417, "LONGITUDE": -103.875, "DATUM": null, "COUNTY_NAM": null, "CNTY_FIPS": "047", "STATE_NAME": "SOUTH DAKO", "STATE_CODE": null, "MINE_NAME": "BEAR LODGE", "QC_FLAG": null, "ZIPCODE": null, "QAQC": "Y", "MADS": null }, "geometry": { "type": "Point", "coordinates": [ -103.875006114199991, 43.441671263429605 ] } },
{ "type": "Feature", "properties": { "ICF_ID": 19723, "DB_ALIAS": 5, "DBUNIQUE": "0460470032", "LATITUDE": 43.4347, "LONGITUDE": -103.8853, "DATUM": null, "COUNTY_NAM": null, "CNTY_FIPS": "047", "STATE_NAME": "SOUTH DAKO", "STATE_CODE": null, "MINE_NAME": "BITS", "QC_FLAG": null, "ZIPCODE": null, "QAQC": "Y", "MADS": null }, "geometry": { "type": "Point", "coordinates": [ -103.885284141766107, 43.434726291738826 ] } },
{ "type": "Feature", "properties": { "ICF_ID": 19724, "DB_ALIAS": 5, "DBUNIQUE": "0460470033", "LATITUDE": 43.4072, "LONGITUDE": -103.8378, "DATUM": null, "COUNTY_NAM": null, "CNTY_FIPS": "047", "STATE_NAME": "SOUTH DAKO", "STATE_CODE": null, "MINE_NAME": "BLUE CHIP", "QC_FLAG": null, "ZIPCODE": null, "QAQC": "Y", "MADS": null }, "geometry": { "type": "Point", "coordinates": [ -103.837784104017388, 43.407226395719611 ] } },
{ "type": "Feature", "properties": { "ICF_ID": 19725, "DB_ALIAS": 5, "DBUNIQUE": "0460470034", "LATITUDE": 43.4281, "LONGITUDE": -103.8175, "DATUM": null, "COUNTY_NAM": null, "CNTY_FIPS": "047", "STATE_NAME": "SOUTH DAKO", "STATE_CODE": null, "MINE_NAME": "BLUE NOTE", "QC_FLAG": null, "ZIPCODE": null, "QAQC": "Y", "MADS": null }, "geometry": { "type": "Point", "coordinates": [ -103.817506025994021, 43.42806031448962 ] } },
{ "type": "Feature", "properties": { "ICF_ID": 19726, "DB_ALIAS": 5, "DBUNIQUE": "0460470036", "LATITUDE": 43.3472, "LONGITUDE": -103.6383, "DATUM": null, "COUNTY_NAM": null, "CNTY_FIPS": "047", "STATE_NAME": "SOUTH DAKO", "STATE_CODE": null, "MINE_NAME": "CARABOU", "QC_FLAG": null, "ZIPCODE": null, "QAQC": "Y", "MADS": null }, "geometry": { "type": "Point", "coordinates": [ -103.638337257935476, 43.347226815672933 ] } },
{ "type": "Feature", "properties": { "ICF_ID": 19727, "DB_ALIAS": 5, "DBUNIQUE": "0460470037", "LATITUDE": 44.1669, "LONGITUDE": -103.7156, "DATUM": null, "COUNTY_NAM": null, "CNTY_FIPS": "047", "STATE_NAME": "SOUTH DAKO", "STATE_CODE": null, "MINE_NAME": "CARNOTITE CAVE", "QC_FLAG": null, "ZIPCODE": null, "QAQC": null, "MADS": null }, "geometry": { "type": "Point", "coordinates": [ -103.715556514453738, 44.166946371955603 ] } },
{ "type": "Feature", "properties": { "ICF_ID": 19728, "DB_ALIAS": 5, "DBUNIQUE": "0460470039", "LATITUDE": 43.3681, "LONGITUDE": -103.7064, "DATUM": null, "COUNTY_NAM": null, "CNTY_FIPS": "047", "STATE_NAME": "SOUTH DAKO", "STATE_CODE": null, "MINE_NAME": "CHILSON CANYON NO. 1", "QC_FLAG": null, "ZIPCODE": null, "QAQC": "Y", "MADS": null }, "geometry": { "type": "Point", "coordinates": [ -103.7063943768933, 43.368060621462654 ] } },
{ "type": "Feature", "properties": { "ICF_ID": 19729, "DB_ALIAS": 5, "DBUNIQUE": "0460470040", "LATITUDE": 43.42, "LONGITUDE": -103.8069, "DATUM": null, "COUNTY_NAM": null, "CNTY_FIPS": "047", "STATE_NAME": "SOUTH DAKO", "STATE_CODE": null, "MINE_NAME": "CLARABELL NOS. 1-5", "QC_FLAG": null, "ZIPCODE": null, "QAQC": "Y", "MADS": null }, "geometry": { "type": "Point", "coordinates": [ -103.806950029448558, 43.420004343378409 ] } },
{ "type": "Feature", "properties": { "ICF_ID": 19730, "DB_ALIAS": 5, "DBUNIQUE": "0460470041", "LATITUDE": 43.4169, "LONGITUDE": -103.8586, "DATUM": null, "COUNTY_NAM": null, "CNTY_FIPS": "047", "STATE_NAME": "SOUTH DAKO", "STATE_CODE": null, "MINE_NAME": "COAL CANYON NO. 1", "QC_FLAG": null, "ZIPCODE": null, "QAQC": "Y", "MADS": null }, "geometry": { "type": "Point", "coordinates": [ -103.858617116028441, 43.416948361032091 ] } },
{ "type": "Feature", "properties": { "ICF_ID": 19731, "DB_ALIAS": 5, "DBUNIQUE": "0460470042", "LATITUDE": 43.4228, "LONGITUDE": -103.8592, "DATUM": null, "COUNTY_NAM": null, "CNTY_FIPS": "047", "STATE_NAME": "SOUTH DAKO", "STATE_CODE": null, "MINE_NAME": "COAL CANYON NO. 4", "QC_FLAG": null, "ZIPCODE": null, "QAQC": "Y", "MADS": null }, "geometry": { "type": "Point", "coordinates": [ -103.859173108288374, 43.422782338073894 ] } },
{ "type": "Feature", "properties": { "ICF_ID": 19732, "DB_ALIAS": 5, "DBUNIQUE": "0460470043", "LATITUDE": 43.4417, "LONGITUDE": -103.875, "DATUM": null, "COUNTY_NAM": null, "CNTY_FIPS": "047", "STATE_NAME": "SOUTH DAKO", "STATE_CODE": null, "MINE_NAME": "COAL CANYON 6DE", "QC_FLAG": null, "ZIPCODE": null, "QAQC": "Y", "MADS": null }, "geometry": { "type": "Point", "coordinates": [ -103.875006114199991, 43.441671263429605 ] } },
{ "type": "Feature", "properties": { "ICF_ID": 19733, "DB_ALIAS": 5, "DBUNIQUE": "0460470044", "LATITUDE": 43.4264, "LONGITUDE": -103.8594, "DATUM": null, "COUNTY_NAM": null, "CNTY_FIPS": "047", "STATE_NAME": "SOUTH DAKO", "STATE_CODE": null, "MINE_NAME": "COAL CANYON LODE", "QC_FLAG": null, "ZIPCODE": null, "QAQC": "Y", "MADS": null }, "geometry": { "type": "Point", "coordinates": [ -103.859450103461313, 43.426393323841658 ] } },
{ "type": "Feature", "properties": { "ICF_ID": 19734, "DB_ALIAS": 5, "DBUNIQUE": "0460470045", "LATITUDE": 43.3694, "LONGITUDE": -103.7069, "DATUM": null, "COUNTY_NAM": null, "CNTY_FIPS": "047", "STATE_NAME": "SOUTH DAKO", "STATE_CODE": null, "MINE_NAME": "CRAM LEASE", "QC_FLAG": null, "ZIPCODE": null, "QAQC": "Y", "MADS": null }, "geometry": { "type": "Point", "coordinates": [ -103.706949380723586, 43.369448616580598 ] } },
{ "type": "Feature", "properties": { "ICF_ID": 19735, "DB_ALIAS": 5, "DBUNIQUE": "0460470046", "LATITUDE": 43.3833, "LONGITUDE": -103.8856, "DATUM": null, "COUNTY_NAM": null, "CNTY_FIPS": "047", "STATE_NAME": "SOUTH DAKO", "STATE_CODE": null, "MINE_NAME": "CRANDAL GROUP", "QC_FLAG": null, "ZIPCODE": null, "QAQC": "Y", "MADS": null }, "geometry": { "type": "Point", "coordinates": [ -103.885562184085927, 43.383337501715147 ] } },
{ "type": "Feature", "properties": { "ICF_ID": 19736, "DB_ALIAS": 5, "DBUNIQUE": "0460470047", "LATITUDE": 43.4044, "LONGITUDE": -103.7381, "DATUM": null, "COUNTY_NAM": null, "CNTY_FIPS": "047", "STATE_NAME": "SOUTH DAKO", "STATE_CODE": null, "MINE_NAME": "CYCAD NO. 1", "QC_FLAG": null, "ZIPCODE": null, "QAQC": "Y", "MADS": null }, "geometry": { "type": "Point", "coordinates": [ -103.73806178863947, 43.404448428179037 ] } },
{ "type": "Feature", "properties": { "ICF_ID": 19737, "DB_ALIAS": 5, "DBUNIQUE": "0460470048", "LATITUDE": 43.4244, "LONGITUDE": -103.8147, "DATUM": null, "COUNTY_NAM": null, "CNTY_FIPS": "047", "STATE_NAME": "SOUTH DAKO", "STATE_CODE": null, "MINE_NAME": "DAGMAR", "QC_FLAG": null, "ZIPCODE": null, "QAQC": "Y", "MADS": null }, "geometry": { "type": "Point", "coordinates": [ -103.814728030339367, 43.424448327719055 ] } },
{ "type": "Feature", "properties": { "ICF_ID": 19738, "DB_ALIAS": 5, "DBUNIQUE": "0460470049", "LATITUDE": 43.3764, "LONGITUDE": -103.7417, "DATUM": null, "COUNTY_NAM": null, "CNTY_FIPS": "047", "STATE_NAME": "SOUTH DAKO", "STATE_CODE": null, "MINE_NAME": "DAKOTA", "QC_FLAG": null, "ZIPCODE": null, "QAQC": "Y", "MADS": null }, "geometry": { "type": "Point", "coordinates": [ -103.741672972513371, 43.376393506526732 ] } },
{ "type": "Feature", "properties": { "ICF_ID": 19739, "DB_ALIAS": 5, "DBUNIQUE": "0460470050", "LATITUDE": 43.4125, "LONGITUDE": -103.8358, "DATUM": null, "COUNTY_NAM": null, "CNTY_FIPS": "047", "STATE_NAME": "SOUTH DAKO", "STATE_CODE": null, "MINE_NAME": "DAKOTA FLAT", "QC_FLAG": null, "ZIPCODE": null, "QAQC": "Y", "MADS": null }, "geometry": { "type": "Point", "coordinates": [ -103.835839090715439, 43.412504375192867 ] } },
{ "type": "Feature", "properties": { "ICF_ID": 19740, "DB_ALIAS": 5, "DBUNIQUE": "0460470051", "LATITUDE": 43.3083, "LONGITUDE": -103.6964, "DATUM": null, "COUNTY_NAM": null, "CNTY_FIPS": "047", "STATE_NAME": "SOUTH DAKO", "STATE_CODE": null, "MINE_NAME": "DAMSITE", "QC_FLAG": null, "ZIPCODE": null, "QAQC": "Y", "MADS": null }, "geometry": { "type": "Point", "coordinates": [ -103.696394463220187, 43.30833778429578 ] } },
{ "type": "Feature", "properties": { "ICF_ID": 19741, "DB_ALIAS": 5, "DBUNIQUE": "0460470052", "LATITUDE": 43.4708, "LONGITUDE": -103.9653, "DATUM": null, "COUNTY_NAM": null, "CNTY_FIPS": "047", "STATE_NAME": "SOUTH DAKO", "STATE_CODE": null, "MINE_NAME": "DARROW LEASE", "QC_FLAG": null, "ZIPCODE": null, "QAQC": "Y", "MADS": null }, "geometry": { "type": "Point", "coordinates": [ -103.965284340569667, 43.470837131537408 ] } },
{ "type": "Feature", "properties": { "ICF_ID": 19742, "DB_ALIAS": 5, "DBUNIQUE": "0460470053", "LATITUDE": 43.3986, "LONGITUDE": -104.4783, "DATUM": null, "COUNTY_NAM": null, "CNTY_FIPS": "047", "STATE_NAME": "SOUTH DAKO", "STATE_CODE": null, "MINE_NAME": "DIANA A", "QC_FLAG": "9", "ZIPCODE": null, "QAQC": "Y", "MADS": null }, "geometry": { "type": "Point", "coordinates": [ -104.478337377488899, 43.398614789482799 ] } },
{ "type": "Feature", "properties": { "ICF_ID": 19743, "DB_ALIAS": 5, "DBUNIQUE": "0460470055", "LATITUDE": 43.3792, "LONGITUDE": -103.77, "DATUM": null, "COUNTY_NAM": null, "CNTY_FIPS": "047", "STATE_NAME": "SOUTH DAKO", "STATE_CODE": null, "MINE_NAME": "EAGLE EYRIE", "QC_FLAG": null, "ZIPCODE": null, "QAQC": "Y", "MADS": null }, "geometry": { "type": "Point", "coordinates": [ -103.770006121606485, 43.379171481402572 ] } },
{ "type": "Feature", "properties": { "ICF_ID": 19744, "DB_ALIAS": 5, "DBUNIQUE": "0460470057", "LATITUDE": 43.4272, "LONGITUDE": -103.8258, "DATUM": null, "COUNTY_NAM": null, "CNTY_FIPS": "047", "STATE_NAME": "SOUTH DAKO", "STATE_CODE": null, "MINE_NAME": "EDGEMONT 1-6", "QC_FLAG": null, "ZIPCODE": null, "QAQC": "Y", "MADS": null }, "geometry": { "type": "Point", "coordinates": [ -103.825839042819283, 43.427226318185603 ] } },
{ "type": "Feature", "properties": { "ICF_ID": 19745, "DB_ALIAS": 5, "DBUNIQUE": "0460470059", "LATITUDE": 43.4236, "LONGITUDE": -103.8114, "DATUM": null, "COUNTY_NAM": null, "CNTY_FIPS": "047", "STATE_NAME": "SOUTH DAKO", "STATE_CODE": null, "MINE_NAME": "EUNICE", "QC_FLAG": null, "ZIPCODE": null, "QAQC": "Y", "MADS": null }, "geometry": { "type": "Point", "coordinates": [ -103.811395026894914, 43.42361533051433 ] } },
{ "type": "Feature", "properties": { "ICF_ID": 19746, "DB_ALIAS": 5, "DBUNIQUE": "0460470061", "LATITUDE": 43.4281, "LONGITUDE": -103.8114, "DATUM": null, "COUNTY_NAM": null, "CNTY_FIPS": "047", "STATE_NAME": "SOUTH DAKO", "STATE_CODE": null, "MINE_NAME": "FLORA", "QC_FLAG": null, "ZIPCODE": null, "QAQC": "Y", "MADS": null }, "geometry": { "type": "Point", "coordinates": [ -103.811395015063013, 43.428060314086075 ] } },
{ "type": "Feature", "properties": { "ICF_ID": 19747, "DB_ALIAS": 5, "DBUNIQUE": "0460470062", "LATITUDE": 43.3975, "LONGITUDE": -103.7533, "DATUM": null, "COUNTY_NAM": null, "CNTY_FIPS": "047", "STATE_NAME": "SOUTH DAKO", "STATE_CODE": null, "MINE_NAME": "FREEZEOUT NO. 3", "QC_FLAG": null, "ZIPCODE": null, "QAQC": "Y", "MADS": null }, "geometry": { "type": "Point", "coordinates": [ -103.753339036773966, 43.397504413856979 ] } },
{ "type": "Feature", "properties": { "ICF_ID": 19748, "DB_ALIAS": 5, "DBUNIQUE": "0460470064", "LATITUDE": 43.4264, "LONGITUDE": -103.81, "DATUM": null, "COUNTY_NAM": null, "CNTY_FIPS": "047", "STATE_NAME": "SOUTH DAKO", "STATE_CODE": null, "MINE_NAME": "GERTRUDE", "QC_FLAG": null, "ZIPCODE": null, "QAQC": "Y", "MADS": null }, "geometry": { "type": "Point", "coordinates": [ -103.810006017073476, 43.426393320143248 ] } },
{ "type": "Feature", "properties": { "ICF_ID": 19749, "DB_ALIAS": 5, "DBUNIQUE": "0460470065", "LATITUDE": 43.4136, "LONGITUDE": -103.8519, "DATUM": null, "COUNTY_NAM": null, "CNTY_FIPS": "047", "STATE_NAME": "SOUTH DAKO", "STATE_CODE": null, "MINE_NAME": "GET ME RICH NO. 1", "QC_FLAG": null, "ZIPCODE": null, "QAQC": "Y", "MADS": null }, "geometry": { "type": "Point", "coordinates": [ -103.851950111452027, 43.41361537323143 ] } },
{ "type": "Feature", "properties": { "ICF_ID": 19750, "DB_ALIAS": 5, "DBUNIQUE": "0460470066", "LATITUDE": 43.37, "LONGITUDE": -103.7181, "DATUM": null, "COUNTY_NAM": null, "CNTY_FIPS": "047", "STATE_NAME": "SOUTH DAKO", "STATE_CODE": null, "MINE_NAME": "GOULD LEASE", "QC_FLAG": null, "ZIPCODE": null, "QAQC": "Y", "MADS": null }, "geometry": { "type": "Point", "coordinates": [ -103.718061577097174, 43.370004586967639 ] } },
{ "type": "Feature", "properties": { "ICF_ID": 19751, "DB_ALIAS": 5, "DBUNIQUE": "0460470070", "LATITUDE": 43.4008, "LONGITUDE": -103.7806, "DATUM": null, "COUNTY_NAM": null, "CNTY_FIPS": "047", "STATE_NAME": "SOUTH DAKO", "STATE_CODE": null, "MINE_NAME": "GREEN ACRE", "QC_FLAG": null, "ZIPCODE": null, "QAQC": "Y", "MADS": null }, "geometry": { "type": "Point", "coordinates": [ -103.780562053298624, 43.400837408250148 ] } },
{ "type": "Feature", "properties": { "ICF_ID": 19752, "DB_ALIAS": 5, "DBUNIQUE": "0460470071", "LATITUDE": 43.4008, "LONGITUDE": -103.7756, "DATUM": null, "COUNTY_NAM": null, "CNTY_FIPS": "047", "STATE_NAME": "SOUTH DAKO", "STATE_CODE": null, "MINE_NAME": "GREEN ACRE NO. 3", "QC_FLAG": null, "ZIPCODE": null, "QAQC": "Y", "MADS": null }, "geometry": { "type": "Point", "coordinates": [ -103.775562047748096, 43.400837407204293 ] } },
{ "type": "Feature", "properties": { "ICF_ID": 19753, "DB_ALIAS": 5, "DBUNIQUE": "0460470072", "LATITUDE": 43.4281, "LONGITUDE": -103.8028, "DATUM": null, "COUNTY_NAM": null, "CNTY_FIPS": "047", "STATE_NAME": "SOUTH DAKO", "STATE_CODE": null, "MINE_NAME": "GREENSLIPPER", "QC_FLAG": null, "ZIPCODE": null, "QAQC": "Y", "MADS": null }, "geometry": { "type": "Point", "coordinates": [ -103.802783999660164, 43.428060313517442 ] } },
{ "type": "Feature", "properties": { "ICF_ID": 19754, "DB_ALIAS": 5, "DBUNIQUE": "0460470073", "LATITUDE": 43.3936, "LONGITUDE": -103.7981, "DATUM": null, "COUNTY_NAM": null, "CNTY_FIPS": "047", "STATE_NAME": "SOUTH DAKO", "STATE_CODE": null, "MINE_NAME": "GREENSLIPPER 1", "QC_FLAG": null, "ZIPCODE": null, "QAQC": "Y", "MADS": null }, "geometry": { "type": "Point", "coordinates": [ -103.798062094349675, 43.393615438096056 ] } },
{ "type": "Feature", "properties": { "ICF_ID": 19755, "DB_ALIAS": 5, "DBUNIQUE": "0460470074", "LATITUDE": 43.43, "LONGITUDE": -103.8, "DATUM": null, "COUNTY_NAM": null, "CNTY_FIPS": "047", "STATE_NAME": "SOUTH DAKO", "STATE_CODE": null, "MINE_NAME": "GREENSLIPPER 2", "QC_FLAG": null, "ZIPCODE": null, "QAQC": "Y", "MADS": null }, "geometry": { "type": "Point", "coordinates": [ -103.800005988964458, 43.430004306265594 ] } },
{ "type": "Feature", "properties": { "ICF_ID": 19756, "DB_ALIAS": 5, "DBUNIQUE": "0460470075", "LATITUDE": 43.4278, "LONGITUDE": -103.7967, "DATUM": null, "COUNTY_NAM": null, "CNTY_FIPS": "047", "STATE_NAME": "SOUTH DAKO", "STATE_CODE": null, "MINE_NAME": "GREENSLIPPER 3", "QC_FLAG": null, "ZIPCODE": null, "QAQC": "Y", "MADS": null }, "geometry": { "type": "Point", "coordinates": [ -103.796672989571178, 43.427782314119852 ] } },
{ "type": "Feature", "properties": { "ICF_ID": 19757, "DB_ALIAS": 5, "DBUNIQUE": "0460470076", "LATITUDE": 43.3286, "LONGITUDE": -103.7431, "DATUM": null, "COUNTY_NAM": null, "CNTY_FIPS": "047", "STATE_NAME": "SOUTH DAKO", "STATE_CODE": null, "MINE_NAME": "GULL LEASES 1 AND 3", "QC_FLAG": null, "ZIPCODE": null, "QAQC": "Y", "MADS": null }, "geometry": { "type": "Point", "coordinates": [ -103.743062199233393, 43.328615657392241 ] } },
{ "type": "Feature", "properties": { "ICF_ID": 19758, "DB_ALIAS": 5, "DBUNIQUE": "0460470077", "LATITUDE": 43.3214, "LONGITUDE": -103.7042, "DATUM": null, "COUNTY_NAM": null, "CNTY_FIPS": "047", "STATE_NAME": "SOUTH DAKO", "STATE_CODE": null, "MINE_NAME": "GULL", "QC_FLAG": null, "ZIPCODE": null, "QAQC": "Y", "MADS": null }, "geometry": { "type": "Point", "coordinates": [ -103.704172542671941, 43.321393741929967 ] } },
{ "type": "Feature", "properties": { "ICF_ID": 19759, "DB_ALIAS": 5, "DBUNIQUE": "0460470078", "LATITUDE": 43.4256, "LONGITUDE": -103.8008, "DATUM": null, "COUNTY_NAM": null, "CNTY_FIPS": "047", "STATE_NAME": "SOUTH DAKO", "STATE_CODE": null, "MINE_NAME": "HELEN", "QC_FLAG": null, "ZIPCODE": null, "QAQC": "Y", "MADS": null }, "geometry": { "type": "Point", "coordinates": [ -103.80083900349355, 43.425560322490007 ] } },
{ "type": "Feature", "properties": { "ICF_ID": 19760, "DB_ALIAS": 5, "DBUNIQUE": "0460470079", "LATITUDE": 43.3508, "LONGITUDE": -103.6783, "DATUM": null, "COUNTY_NAM": null, "CNTY_FIPS": "047", "STATE_NAME": "SOUTH DAKO", "STATE_CODE": null, "MINE_NAME": "HELL'S CANYON", "QC_FLAG": null, "ZIPCODE": null, "QAQC": "Y", "MADS": null }, "geometry": { "type": "Point", "coordinates": [ -103.678337953071704, 43.350837725180611 ] } },
{ "type": "Feature", "properties": { "ICF_ID": 19761, "DB_ALIAS": 5, "DBUNIQUE": "0460470080", "LATITUDE": 43.425, "LONGITUDE": -103.7931, "DATUM": null, "COUNTY_NAM": null, "CNTY_FIPS": "047", "STATE_NAME": "SOUTH DAKO", "STATE_CODE": null, "MINE_NAME": "HEY AND FAY", "QC_FLAG": null, "ZIPCODE": null, "QAQC": "Y", "MADS": null }, "geometry": { "type": "Point", "coordinates": [ -103.793061991801267, 43.425004323875541 ] } },
{ "type": "Feature", "properties": { "ICF_ID": 19762, "DB_ALIAS": 5, "DBUNIQUE": "0460470081", "LATITUDE": 43.4228, "LONGITUDE": -103.7756, "DATUM": null, "COUNTY_NAM": null, "CNTY_FIPS": "047", "STATE_NAME": "SOUTH DAKO", "STATE_CODE": null, "MINE_NAME": "HI POCKETS", "QC_FLAG": null, "ZIPCODE": null, "QAQC": "Y", "MADS": null }, "geometry": { "type": "Point", "coordinates": [ -103.77556196973093, 43.422782330232373 ] } },
{ "type": "Feature", "properties": { "ICF_ID": 19763, "DB_ALIAS": 5, "DBUNIQUE": "0460470082", "LATITUDE": 43.3967, "LONGITUDE": -103.6417, "DATUM": null, "COUNTY_NAM": null, "CNTY_FIPS": "047", "STATE_NAME": "SOUTH DAKO", "STATE_CODE": null, "MINE_NAME": "HOLDUP NO. 2", "QC_FLAG": null, "ZIPCODE": null, "QAQC": "Y", "MADS": null }, "geometry": { "type": "Point", "coordinates": [ -103.641671085217624, 43.396671748373002 ] } },
{ "type": "Feature", "properties": { "ICF_ID": 19764, "DB_ALIAS": 5, "DBUNIQUE": "0460470083", "LATITUDE": 43.3972, "LONGITUDE": -103.7581, "DATUM": null, "COUNTY_NAM": null, "CNTY_FIPS": "047", "STATE_NAME": "SOUTH DAKO", "STATE_CODE": null, "MINE_NAME": "HOLDUP NO. 15", "QC_FLAG": null, "ZIPCODE": null, "QAQC": "Y", "MADS": null }, "geometry": { "type": "Point", "coordinates": [ -103.758062042734153, 43.397226415877142 ] } },
{ "type": "Feature", "properties": { "ICF_ID": 19765, "DB_ALIAS": 5, "DBUNIQUE": "0460470084", "LATITUDE": 43.3981, "LONGITUDE": -103.7667, "DATUM": null, "COUNTY_NAM": null, "CNTY_FIPS": "047", "STATE_NAME": "SOUTH DAKO", "STATE_CODE": null, "MINE_NAME": "HOLDUP NO. 17", "QC_FLAG": null, "ZIPCODE": null, "QAQC": "Y", "MADS": null }, "geometry": { "type": "Point", "coordinates": [ -103.766673048368332, 43.398060414955516 ] } },
{ "type": "Feature", "properties": { "ICF_ID": 19766, "DB_ALIAS": 5, "DBUNIQUE": "0460470085", "LATITUDE": 43.4189, "LONGITUDE": -103.7753, "DATUM": null, "COUNTY_NAM": null, "CNTY_FIPS": "047", "STATE_NAME": "SOUTH DAKO", "STATE_CODE": null, "MINE_NAME": "HOT POINT", "QC_FLAG": null, "ZIPCODE": null, "QAQC": "Y", "MADS": null }, "geometry": { "type": "Point", "coordinates": [ -103.775283983123074, 43.418893343841255 ] } },
{ "type": "Feature", "properties": { "ICF_ID": 19767, "DB_ALIAS": 5, "DBUNIQUE": "0460470088", "LATITUDE": 43.425, "LONGITUDE": -103.8097, "DATUM": null, "COUNTY_NAM": null, "CNTY_FIPS": "047", "STATE_NAME": "SOUTH DAKO", "STATE_CODE": null, "MINE_NAME": "IMOGENE", "QC_FLAG": null, "ZIPCODE": null, "QAQC": "Y", "MADS": null }, "geometry": { "type": "Point", "coordinates": [ -103.809728020342774, 43.425004325243869 ] } },
{ "type": "Feature", "properties": { "ICF_ID": 19768, "DB_ALIAS": 5, "DBUNIQUE": "0460470089", "LATITUDE": 43.4131, "LONGITUDE": -103.8658, "DATUM": null, "COUNTY_NAM": null, "CNTY_FIPS": "047", "STATE_NAME": "SOUTH DAKO", "STATE_CODE": null, "MINE_NAME": "JACKPINE", "QC_FLAG": null, "ZIPCODE": null, "QAQC": "Y", "MADS": null }, "geometry": { "type": "Point", "coordinates": [ -103.865839132018536, 43.413060377413558 ] } },
{ "type": "Feature", "properties": { "ICF_ID": 19769, "DB_ALIAS": 5, "DBUNIQUE": "0460470091", "LATITUDE": 43.4208, "LONGITUDE": -103.8153, "DATUM": null, "COUNTY_NAM": null, "CNTY_FIPS": "047", "STATE_NAME": "SOUTH DAKO", "STATE_CODE": null, "MINE_NAME": "JO ANN", "QC_FLAG": null, "ZIPCODE": null, "QAQC": "Y", "MADS": null }, "geometry": { "type": "Point", "coordinates": [ -103.815284040545691, 43.420837341186051 ] } },
{ "type": "Feature", "properties": { "ICF_ID": 19770, "DB_ALIAS": 5, "DBUNIQUE": "0460470092", "LATITUDE": 43.2036, "LONGITUDE": -103.7294, "DATUM": null, "COUNTY_NAM": null, "CNTY_FIPS": "047", "STATE_NAME": "SOUTH DAKO", "STATE_CODE": null, "MINE_NAME": "JOHNSON-STARLITE", "QC_FLAG": null, "ZIPCODE": null, "QAQC": "Y", "MADS": null }, "geometry": { "type": "Point", "coordinates": [ -103.729450136538716, 43.203616086250989 ] } },
{ "type": "Feature", "properties": { "ICF_ID": 19771, "DB_ALIAS": 5, "DBUNIQUE": "0460470093", "LATITUDE": 43.4108, "LONGITUDE": -103.8283, "DATUM": null, "COUNTY_NAM": null, "CNTY_FIPS": "047", "STATE_NAME": "SOUTH DAKO", "STATE_CODE": null, "MINE_NAME": "KING MINE", "QC_FLAG": null, "ZIPCODE": null, "QAQC": "Y", "MADS": null }, "geometry": { "type": "Point", "coordinates": [ -103.828339083941486, 43.410837380393723 ] } },
{ "type": "Feature", "properties": { "ICF_ID": 19772, "DB_ALIAS": 5, "DBUNIQUE": "0460470094", "LATITUDE": 43.34, "LONGITUDE": -103.6881, "DATUM": null, "COUNTY_NAM": null, "CNTY_FIPS": "047", "STATE_NAME": "SOUTH DAKO", "STATE_CODE": null, "MINE_NAME": "KL-15", "QC_FLAG": null, "ZIPCODE": null, "QAQC": "Y", "MADS": null }, "geometry": { "type": "Point", "coordinates": [ -103.688061174687093, 43.340004727404001 ] } },
{ "type": "Feature", "properties": { "ICF_ID": 19773, "DB_ALIAS": 5, "DBUNIQUE": "0460470095", "LATITUDE": 43.3753, "LONGITUDE": -103.7781, "DATUM": null, "COUNTY_NAM": null, "CNTY_FIPS": "047", "STATE_NAME": "SOUTH DAKO", "STATE_CODE": null, "MINE_NAME": "KOLLER", "QC_FLAG": null, "ZIPCODE": null, "QAQC": "Y", "MADS": null }, "geometry": { "type": "Point", "coordinates": [ -103.778062139781838, 43.375282497697107 ] } },
{ "type": "Feature", "properties": { "ICF_ID": 19774, "DB_ALIAS": 5, "DBUNIQUE": "0460470096", "LATITUDE": 43.4208, "LONGITUDE": -103.7853, "DATUM": null, "COUNTY_NAM": null, "CNTY_FIPS": "047", "STATE_NAME": "SOUTH DAKO", "STATE_CODE": null, "MINE_NAME": "LAZYMAN", "QC_FLAG": null, "ZIPCODE": null, "QAQC": "Y", "MADS": null }, "geometry": { "type": "Point", "coordinates": [ -103.785283992285258, 43.420837338065674 ] } },
{ "type": "Feature", "properties": { "ICF_ID": 19775, "DB_ALIAS": 5, "DBUNIQUE": "0460470097", "LATITUDE": 43.3625, "LONGITUDE": -103.7472, "DATUM": null, "COUNTY_NAM": null, "CNTY_FIPS": "047", "STATE_NAME": "SOUTH DAKO", "STATE_CODE": null, "MINE_NAME": "LION", "QC_FLAG": null, "ZIPCODE": null, "QAQC": "Y", "MADS": null }, "geometry": { "type": "Point", "coordinates": [ -103.747228130470546, 43.362504537800042 ] } },
{ "type": "Feature", "properties": { "ICF_ID": 19776, "DB_ALIAS": 5, "DBUNIQUE": "0460470098", "LATITUDE": 43.4131, "LONGITUDE": -103.8264, "DATUM": null, "COUNTY_NAM": null, "CNTY_FIPS": "047", "STATE_NAME": "SOUTH DAKO", "STATE_CODE": null, "MINE_NAME": "LITTLE ANN", "QC_FLAG": null, "ZIPCODE": null, "QAQC": "Y", "MADS": null }, "geometry": { "type": "Point", "coordinates": [ -103.826395076212833, 43.413060371698037 ] } },
{ "type": "Feature", "properties": { "ICF_ID": 19777, "DB_ALIAS": 5, "DBUNIQUE": "0460470099", "LATITUDE": 43.4119, "LONGITUDE": -103.8147, "DATUM": null, "COUNTY_NAM": null, "CNTY_FIPS": "047", "STATE_NAME": "SOUTH DAKO", "STATE_CODE": null, "MINE_NAME": "LITTLE WINDY", "QC_FLAG": null, "ZIPCODE": null, "QAQC": "Y", "MADS": null }, "geometry": { "type": "Point", "coordinates": [ -103.814728062573806, 43.411948374136763 ] } },
{ "type": "Feature", "properties": { "ICF_ID": 19778, "DB_ALIAS": 5, "DBUNIQUE": "0460470100", "LATITUDE": 43.2758, "LONGITUDE": -103.7306, "DATUM": null, "COUNTY_NAM": null, "CNTY_FIPS": "047", "STATE_NAME": "SOUTH DAKO", "STATE_CODE": null, "MINE_NAME": "LO RA NO. 1", "QC_FLAG": null, "ZIPCODE": null, "QAQC": "Y", "MADS": null }, "geometry": { "type": "Point", "coordinates": [ -103.730562203968532, 43.275837836483674 ] } },
{ "type": "Feature", "properties": { "ICF_ID": 19779, "DB_ALIAS": 5, "DBUNIQUE": "0460470101", "LATITUDE": 43.4189, "LONGITUDE": -103.8322, "DATUM": null, "COUNTY_NAM": null, "CNTY_FIPS": "047", "STATE_NAME": "SOUTH DAKO", "STATE_CODE": null, "MINE_NAME": "LUCKY STRIKE", "QC_FLAG": null, "ZIPCODE": null, "QAQC": "Y", "MADS": null }, "geometry": { "type": "Point", "coordinates": [ -103.832228071968174, 43.418893350346167 ] } },
{ "type": "Feature", "properties": { "ICF_ID": 19780, "DB_ALIAS": 5, "DBUNIQUE": "0460470102", "LATITUDE": 43.4108, "LONGITUDE": -103.8533, "DATUM": null, "COUNTY_NAM": null, "CNTY_FIPS": "047", "STATE_NAME": "SOUTH DAKO", "STATE_CODE": null, "MINE_NAME": "LUCKY NO. 1", "QC_FLAG": null, "ZIPCODE": null, "QAQC": "Y", "MADS": null }, "geometry": { "type": "Point", "coordinates": [ -103.853339117926311, 43.410837384308472 ] } },
{ "type": "Feature", "properties": { "ICF_ID": 19781, "DB_ALIAS": 5, "DBUNIQUE": "0460470103", "LATITUDE": 43.41, "LONGITUDE": -103.81, "DATUM": null, "COUNTY_NAM": null, "CNTY_FIPS": "047", "STATE_NAME": "SOUTH DAKO", "STATE_CODE": null, "MINE_NAME": "LUCKY TOSS", "QC_FLAG": null, "ZIPCODE": null, "QAQC": "Y", "MADS": null }, "geometry": { "type": "Point", "coordinates": [ -103.810006061265938, 43.410004380595566 ] } },
{ "type": "Feature", "properties": { "ICF_ID": 19782, "DB_ALIAS": 5, "DBUNIQUE": "0460470104", "LATITUDE": 43.4208, "LONGITUDE": -103.8147, "DATUM": null, "COUNTY_NAM": null, "CNTY_FIPS": "047", "STATE_NAME": "SOUTH DAKO", "STATE_CODE": null, "MINE_NAME": "LUCY", "QC_FLAG": null, "ZIPCODE": null, "QAQC": "Y", "MADS": null }, "geometry": { "type": "Point", "coordinates": [ -103.814728039651243, 43.420837341128212 ] } },
{ "type": "Feature", "properties": { "ICF_ID": 19783, "DB_ALIAS": 5, "DBUNIQUE": "0460470106", "LATITUDE": 43.4131, "LONGITUDE": -103.8658, "DATUM": null, "COUNTY_NAM": null, "CNTY_FIPS": "047", "STATE_NAME": "SOUTH DAKO", "STATE_CODE": null, "MINE_NAME": "MARTINSON", "QC_FLAG": null, "ZIPCODE": null, "QAQC": "Y", "MADS": null }, "geometry": { "type": "Point", "coordinates": [ -103.865839132018536, 43.413060377413558 ] } },
{ "type": "Feature", "properties": { "ICF_ID": 19784, "DB_ALIAS": 5, "DBUNIQUE": "0460470107", "LATITUDE": 43.3681, "LONGITUDE": -103.7183, "DATUM": null, "COUNTY_NAM": null, "CNTY_FIPS": "047", "STATE_NAME": "SOUTH DAKO", "STATE_CODE": null, "MINE_NAME": "MARTY'S TIMBER CLAIM", "QC_FLAG": null, "ZIPCODE": null, "QAQC": "Y", "MADS": null }, "geometry": { "type": "Point", "coordinates": [ -103.718338590487136, 43.368060591598422 ] } },
{ "type": "Feature", "properties": { "ICF_ID": 19785, "DB_ALIAS": 5, "DBUNIQUE": "0460470108", "LATITUDE": 43.3717, "LONGITUDE": -103.7406, "DATUM": null, "COUNTY_NAM": null, "CNTY_FIPS": "047", "STATE_NAME": "SOUTH DAKO", "STATE_CODE": null, "MINE_NAME": "MARY JAC NO.9", "QC_FLAG": null, "ZIPCODE": null, "QAQC": "Y", "MADS": null }, "geometry": { "type": "Point", "coordinates": [ -103.740561972604169, 43.371671524530356 ] } },
{ "type": "Feature", "properties": { "ICF_ID": 19786, "DB_ALIAS": 5, "DBUNIQUE": "0460470109", "LATITUDE": 43.4, "LONGITUDE": -103.7389, "DATUM": null, "COUNTY_NAM": null, "CNTY_FIPS": "047", "STATE_NAME": "SOUTH DAKO", "STATE_CODE": null, "MINE_NAME": "MATIAS PEAK", "QC_FLAG": null, "ZIPCODE": null, "QAQC": "Y", "MADS": null }, "geometry": { "type": "Point", "coordinates": [ -103.738894822534093, 43.400004439502908 ] } },
{ "type": "Feature", "properties": { "ICF_ID": 19787, "DB_ALIAS": 5, "DBUNIQUE": "0460470110", "LATITUDE": 43.3528, "LONGITUDE": -103.7444, "DATUM": null, "COUNTY_NAM": null, "CNTY_FIPS": "047", "STATE_NAME": "SOUTH DAKO", "STATE_CODE": null, "MINE_NAME": "MCKNIGHT", "QC_FLAG": null, "ZIPCODE": null, "QAQC": "Y", "MADS": null }, "geometry": { "type": "Point", "coordinates": [ -103.74445012186905, 43.352782576159527 ] } },
{ "type": "Feature", "properties": { "ICF_ID": 19788, "DB_ALIAS": 5, "DBUNIQUE": "0460470111", "LATITUDE": 43.3256, "LONGITUDE": -103.5889, "DATUM": null, "COUNTY_NAM": null, "CNTY_FIPS": "047", "STATE_NAME": "SOUTH DAKO", "STATE_CODE": null, "MINE_NAME": "NIGGER GULCH", "QC_FLAG": null, "ZIPCODE": null, "QAQC": "Y", "MADS": null }, "geometry": { "type": "Point", "coordinates": [ -103.58889248543548, 43.325560922550281 ] } },
{ "type": "Feature", "properties": { "ICF_ID": 19789, "DB_ALIAS": 5, "DBUNIQUE": "0460470112", "LATITUDE": 43.42, "LONGITUDE": -103.8136, "DATUM": null, "COUNTY_NAM": null, "CNTY_FIPS": "047", "STATE_NAME": "SOUTH DAKO", "STATE_CODE": null, "MINE_NAME": "OPHELIA", "QC_FLAG": null, "ZIPCODE": null, "QAQC": "Y", "MADS": null }, "geometry": { "type": "Point", "coordinates": [ -103.813617040035183, 43.420004344101031 ] } },
{ "type": "Feature", "properties": { "ICF_ID": 19790, "DB_ALIAS": 5, "DBUNIQUE": "0460470113", "LATITUDE": 43.3611, "LONGITUDE": -103.7156, "DATUM": null, "COUNTY_NAM": null, "CNTY_FIPS": "047", "STATE_NAME": "SOUTH DAKO", "STATE_CODE": null, "MINE_NAME": "PABST NO. 3", "QC_FLAG": null, "ZIPCODE": null, "QAQC": "Y", "MADS": null }, "geometry": { "type": "Point", "coordinates": [ -103.715561571045725, 43.36111561721485 ] } },
{ "type": "Feature", "properties": { "ICF_ID": 19791, "DB_ALIAS": 5, "DBUNIQUE": "0460470114", "LATITUDE": 43.3692, "LONGITUDE": -103.7069, "DATUM": null, "COUNTY_NAM": null, "CNTY_FIPS": "047", "STATE_NAME": "SOUTH DAKO", "STATE_CODE": null, "MINE_NAME": "PAYDAY", "QC_FLAG": null, "ZIPCODE": null, "QAQC": "Y", "MADS": null }, "geometry": { "type": "Point", "coordinates": [ -103.706949381939893, 43.369171617277956 ] } },
{ "type": "Feature", "properties": { "ICF_ID": 19792, "DB_ALIAS": 5, "DBUNIQUE": "0460470115", "LATITUDE": 43.3694, "LONGITUDE": -103.7486, "DATUM": null, "COUNTY_NAM": null, "CNTY_FIPS": "047", "STATE_NAME": "SOUTH DAKO", "STATE_CODE": null, "MINE_NAME": "PAT 2", "QC_FLAG": null, "ZIPCODE": null, "QAQC": "Y", "MADS": null }, "geometry": { "type": "Point", "coordinates": [ -103.7486171261191, 43.36944851124909 ] } },
{ "type": "Feature", "properties": { "ICF_ID": 19793, "DB_ALIAS": 5, "DBUNIQUE": "0460470116", "LATITUDE": 43.4347, "LONGITUDE": -103.875, "DATUM": null, "COUNTY_NAM": null, "CNTY_FIPS": "047", "STATE_NAME": "SOUTH DAKO", "STATE_CODE": null, "MINE_NAME": "PATSY", "QC_FLAG": null, "ZIPCODE": null, "QAQC": "Y", "MADS": null }, "geometry": { "type": "Point", "coordinates": [ -103.875006121673451, 43.43472629142034 ] } },
{ "type": "Feature", "properties": { "ICF_ID": 19794, "DB_ALIAS": 5, "DBUNIQUE": "0460470117", "LATITUDE": 43.4125, "LONGITUDE": -103.7669, "DATUM": null, "COUNTY_NAM": null, "CNTY_FIPS": "047", "STATE_NAME": "SOUTH DAKO", "STATE_CODE": null, "MINE_NAME": "PEE WEE", "QC_FLAG": null, "ZIPCODE": null, "QAQC": "Y", "MADS": null }, "geometry": { "type": "Point", "coordinates": [ -103.766949994205518, 43.412504365009319 ] } },
{ "type": "Feature", "properties": { "ICF_ID": 19795, "DB_ALIAS": 5, "DBUNIQUE": "0460470118", "LATITUDE": 43.4128, "LONGITUDE": -103.8558, "DATUM": null, "COUNTY_NAM": null, "CNTY_FIPS": "047", "STATE_NAME": "SOUTH DAKO", "STATE_CODE": null, "MINE_NAME": "PENNYWITT", "QC_FLAG": null, "ZIPCODE": null, "QAQC": "Y", "MADS": null }, "geometry": { "type": "Point", "coordinates": [ -103.855839118302441, 43.412782377056963 ] } },
{ "type": "Feature", "properties": { "ICF_ID": 19796, "DB_ALIAS": 5, "DBUNIQUE": "0460470119", "LATITUDE": 43.4172, "LONGITUDE": -103.8147, "DATUM": null, "COUNTY_NAM": null, "CNTY_FIPS": "047", "STATE_NAME": "SOUTH DAKO", "STATE_CODE": null, "MINE_NAME": "PICTOGRAPH", "QC_FLAG": null, "ZIPCODE": null, "QAQC": "Y", "MADS": null }, "geometry": { "type": "Point", "coordinates": [ -103.814728048963147, 43.41722635453737 ] } },
{ "type": "Feature", "properties": { "ICF_ID": 19797, "DB_ALIAS": 5, "DBUNIQUE": "0460470120", "LATITUDE": 43.3542, "LONGITUDE": -103.7486, "DATUM": null, "COUNTY_NAM": null, "CNTY_FIPS": "047", "STATE_NAME": "SOUTH DAKO", "STATE_CODE": null, "MINE_NAME": "RAM 1", "QC_FLAG": null, "ZIPCODE": null, "QAQC": "Y", "MADS": null }, "geometry": { "type": "Point", "coordinates": [ -103.748617190261413, 43.354171562358651 ] } },
{ "type": "Feature", "properties": { "ICF_ID": 19798, "DB_ALIAS": 5, "DBUNIQUE": "0460470122", "LATITUDE": 43.3708, "LONGITUDE": -103.8153, "DATUM": null, "COUNTY_NAM": null, "CNTY_FIPS": "047", "STATE_NAME": "SOUTH DAKO", "STATE_CODE": null, "MINE_NAME": "REUTTER GROUP", "QC_FLAG": null, "ZIPCODE": null, "QAQC": "Y", "MADS": null }, "geometry": { "type": "Point", "coordinates": [ -103.815284168790512, 43.370837527003125 ] } },
{ "type": "Feature", "properties": { "ICF_ID": 19799, "DB_ALIAS": 5, "DBUNIQUE": "0460470123", "LATITUDE": 43.4156, "LONGITUDE": -103.8494, "DATUM": null, "COUNTY_NAM": null, "CNTY_FIPS": "047", "STATE_NAME": "SOUTH DAKO", "STATE_CODE": null, "MINE_NAME": "RIDGE RUNNER NO. 1A", "QC_FLAG": null, "ZIPCODE": null, "QAQC": "Y", "MADS": null }, "geometry": { "type": "Point", "coordinates": [ -103.849450104548282, 43.415560365298802 ] } },
{ "type": "Feature", "properties": { "ICF_ID": 19800, "DB_ALIAS": 5, "DBUNIQUE": "0460470124", "LATITUDE": 43.4172, "LONGITUDE": -103.8469, "DATUM": null, "COUNTY_NAM": null, "CNTY_FIPS": "047", "STATE_NAME": "SOUTH DAKO", "STATE_CODE": null, "MINE_NAME": "RIDGE RUNNER NO. 3", "QC_FLAG": null, "ZIPCODE": null, "QAQC": "Y", "MADS": null }, "geometry": { "type": "Point", "coordinates": [ -103.846950097897476, 43.417226358500614 ] } },
{ "type": "Feature", "properties": { "ICF_ID": 19801, "DB_ALIAS": 5, "DBUNIQUE": "0460470125", "LATITUDE": 43.4172, "LONGITUDE": -103.8447, "DATUM": null, "COUNTY_NAM": null, "CNTY_FIPS": "047", "STATE_NAME": "SOUTH DAKO", "STATE_CODE": null, "MINE_NAME": "RIDGE RUNNER NO. 4", "QC_FLAG": null, "ZIPCODE": null, "QAQC": "Y", "MADS": null }, "geometry": { "type": "Point", "coordinates": [ -103.844728094523035, 43.417226358227296 ] } },
{ "type": "Feature", "properties": { "ICF_ID": 19802, "DB_ALIAS": 5, "DBUNIQUE": "0460470126", "LATITUDE": 43.3614, "LONGITUDE": -103.7536, "DATUM": null, "COUNTY_NAM": null, "CNTY_FIPS": "047", "STATE_NAME": "SOUTH DAKO", "STATE_CODE": null, "MINE_NAME": "RIP SNORTER", "QC_FLAG": null, "ZIPCODE": null, "QAQC": "Y", "MADS": null }, "geometry": { "type": "Point", "coordinates": [ -103.753617185193534, 43.361393536412514 ] } },
{ "type": "Feature", "properties": { "ICF_ID": 19803, "DB_ALIAS": 5, "DBUNIQUE": "0460470127", "LATITUDE": 43.4136, "LONGITUDE": -103.8544, "DATUM": null, "COUNTY_NAM": null, "CNTY_FIPS": "047", "STATE_NAME": "SOUTH DAKO", "STATE_CODE": null, "MINE_NAME": "ROAD HOG 1A", "QC_FLAG": null, "ZIPCODE": null, "QAQC": "Y", "MADS": null }, "geometry": { "type": "Point", "coordinates": [ -103.854450115023639, 43.413615373586396 ] } },
{ "type": "Feature", "properties": { "ICF_ID": 19804, "DB_ALIAS": 5, "DBUNIQUE": "0460470128", "LATITUDE": 43.4172, "LONGITUDE": -103.8544, "DATUM": null, "COUNTY_NAM": null, "CNTY_FIPS": "047", "STATE_NAME": "SOUTH DAKO", "STATE_CODE": null, "MINE_NAME": "ROAD HOG 3A", "QC_FLAG": null, "ZIPCODE": null, "QAQC": "Y", "MADS": null }, "geometry": { "type": "Point", "coordinates": [ -103.854450109287455, 43.417226359423104 ] } },
{ "type": "Feature", "properties": { "ICF_ID": 19805, "DB_ALIAS": 5, "DBUNIQUE": "0460470129", "LATITUDE": 43.4128, "LONGITUDE": -103.8258, "DATUM": null, "COUNTY_NAM": null, "CNTY_FIPS": "047", "STATE_NAME": "SOUTH DAKO", "STATE_CODE": null, "MINE_NAME": "ROWENA", "QC_FLAG": null, "ZIPCODE": null, "QAQC": "Y", "MADS": null }, "geometry": { "type": "Point", "coordinates": [ -103.825839076066075, 43.412782372666044 ] } },
{ "type": "Feature", "properties": { "ICF_ID": 19806, "DB_ALIAS": 5, "DBUNIQUE": "0460470130", "LATITUDE": 43.3872, "LONGITUDE": -103.8208, "DATUM": null, "COUNTY_NAM": null, "CNTY_FIPS": "047", "STATE_NAME": "SOUTH DAKO", "STATE_CODE": null, "MINE_NAME": "RUNGE", "QC_FLAG": null, "ZIPCODE": null, "QAQC": "Y", "MADS": null }, "geometry": { "type": "Point", "coordinates": [ -103.820839131036166, 43.387226467655452 ] } },
{ "type": "Feature", "properties": { "ICF_ID": 19807, "DB_ALIAS": 5, "DBUNIQUE": "0460470131", "LATITUDE": 43.38, "LONGITUDE": -103.8061, "DATUM": null, "COUNTY_NAM": null, "CNTY_FIPS": "047", "STATE_NAME": "SOUTH DAKO", "STATE_CODE": null, "MINE_NAME": "RUNGE WEST", "QC_FLAG": null, "ZIPCODE": null, "QAQC": "Y", "MADS": null }, "geometry": { "type": "Point", "coordinates": [ -103.806117139862579, 43.38000449001386 ] } },
{ "type": "Feature", "properties": { "ICF_ID": 19808, "DB_ALIAS": 5, "DBUNIQUE": "0460470132", "LATITUDE": 43.3872, "LONGITUDE": -103.7914, "DATUM": null, "COUNTY_NAM": null, "CNTY_FIPS": "047", "STATE_NAME": "SOUTH DAKO", "STATE_CODE": null, "MINE_NAME": "RUNGE EAST", "QC_FLAG": null, "ZIPCODE": null, "QAQC": "Y", "MADS": null }, "geometry": { "type": "Point", "coordinates": [ -103.791395108340865, 43.387226459389602 ] } },
{ "type": "Feature", "properties": { "ICF_ID": 19809, "DB_ALIAS": 5, "DBUNIQUE": "0460470133", "LATITUDE": 43.2933, "LONGITUDE": -103.7072, "DATUM": null, "COUNTY_NAM": null, "CNTY_FIPS": "047", "STATE_NAME": "SOUTH DAKO", "STATE_CODE": null, "MINE_NAME": "SEC. 36-8S-3E", "QC_FLAG": null, "ZIPCODE": null, "QAQC": "Y", "MADS": null }, "geometry": { "type": "Point", "coordinates": [ -103.707227719804635, 43.293337807911826 ] } },
{ "type": "Feature", "properties": { "ICF_ID": 19810, "DB_ALIAS": 5, "DBUNIQUE": "0460470134", "LATITUDE": 43.4275, "LONGITUDE": -103.8061, "DATUM": null, "COUNTY_NAM": null, "CNTY_FIPS": "047", "STATE_NAME": "SOUTH DAKO", "STATE_CODE": null, "MINE_NAME": "SHAMROCK GROUP", "QC_FLAG": null, "ZIPCODE": null, "QAQC": "Y", "MADS": null }, "geometry": { "type": "Point", "coordinates": [ -103.806117007175175, 43.427504315777043 ] } },
{ "type": "Feature", "properties": { "ICF_ID": 19811, "DB_ALIAS": 5, "DBUNIQUE": "0460470135", "LATITUDE": 43.3306, "LONGITUDE": -103.7458, "DATUM": null, "COUNTY_NAM": null, "CNTY_FIPS": "047", "STATE_NAME": "SOUTH DAKO", "STATE_CODE": null, "MINE_NAME": "SHEEP CANYON", "QC_FLAG": null, "ZIPCODE": null, "QAQC": "Y", "MADS": null }, "geometry": { "type": "Point", "coordinates": [ -103.745839240197256, 43.330560646225727 ] } },
{ "type": "Feature", "properties": { "ICF_ID": 19812, "DB_ALIAS": 5, "DBUNIQUE": "0460470136", "LATITUDE": 43.3472, "LONGITUDE": -103.6389, "DATUM": null, "COUNTY_NAM": null, "CNTY_FIPS": "047", "STATE_NAME": "SOUTH DAKO", "STATE_CODE": null, "MINE_NAME": "SHELTON-WARREN", "QC_FLAG": null, "ZIPCODE": null, "QAQC": "Y", "MADS": null }, "geometry": { "type": "Point", "coordinates": [ -103.638893267824898, 43.347226814512908 ] } },
{ "type": "Feature", "properties": { "ICF_ID": 19813, "DB_ALIAS": 5, "DBUNIQUE": "0460470137", "LATITUDE": 43.4272, "LONGITUDE": -103.8258, "DATUM": null, "COUNTY_NAM": null, "CNTY_FIPS": "047", "STATE_NAME": "SOUTH DAKO", "STATE_CODE": null, "MINE_NAME": "SKINNY SOB", "QC_FLAG": null, "ZIPCODE": null, "QAQC": "Y", "MADS": null }, "geometry": { "type": "Point", "coordinates": [ -103.825839042819283, 43.427226318185603 ] } },
{ "type": "Feature", "properties": { "ICF_ID": 19814, "DB_ALIAS": 5, "DBUNIQUE": "0460470138", "LATITUDE": 43.4283, "LONGITUDE": -103.8644, "DATUM": null, "COUNTY_NAM": null, "CNTY_FIPS": "047", "STATE_NAME": "SOUTH DAKO", "STATE_CODE": null, "MINE_NAME": "SKIPPER NO. 4", "QC_FLAG": null, "ZIPCODE": null, "QAQC": "Y", "MADS": null }, "geometry": { "type": "Point", "coordinates": [ -103.864450109593761, 43.428337316488552 ] } },
{ "type": "Feature", "properties": { "ICF_ID": 19815, "DB_ALIAS": 5, "DBUNIQUE": "0460470139", "LATITUDE": 43.4103, "LONGITUDE": -103.8447, "DATUM": null, "COUNTY_NAM": null, "CNTY_FIPS": "047", "STATE_NAME": "SOUTH DAKO", "STATE_CODE": null, "MINE_NAME": "SOUTH VIEW NO. 3", "QC_FLAG": null, "ZIPCODE": null, "QAQC": "Y", "MADS": null }, "geometry": { "type": "Point", "coordinates": [ -103.844728107236719, 43.410282385108594 ] } },
{ "type": "Feature", "properties": { "ICF_ID": 19816, "DB_ALIAS": 5, "DBUNIQUE": "0460470140", "LATITUDE": 43.4028, "LONGITUDE": -103.8447, "DATUM": null, "COUNTY_NAM": null, "CNTY_FIPS": "047", "STATE_NAME": "SOUTH DAKO", "STATE_CODE": null, "MINE_NAME": "TAYLOR LEASE", "QC_FLAG": null, "ZIPCODE": null, "QAQC": "Y", "MADS": null }, "geometry": { "type": "Point", "coordinates": [ -103.844728120968398, 43.402782414142202 ] } },
{ "type": "Feature", "properties": { "ICF_ID": 19817, "DB_ALIAS": 5, "DBUNIQUE": "0460470141", "LATITUDE": 43.4025, "LONGITUDE": -103.8022, "DATUM": null, "COUNTY_NAM": null, "CNTY_FIPS": "047", "STATE_NAME": "SOUTH DAKO", "STATE_CODE": null, "MINE_NAME": "TESS", "QC_FLAG": null, "ZIPCODE": null, "QAQC": "Y", "MADS": null }, "geometry": { "type": "Point", "coordinates": [ -103.802228072531861, 43.40250440670129 ] } },
{ "type": "Feature", "properties": { "ICF_ID": 19818, "DB_ALIAS": 5, "DBUNIQUE": "0460470142", "LATITUDE": 43.4125, "LONGITUDE": -103.8861, "DATUM": null, "COUNTY_NAM": null, "CNTY_FIPS": "047", "STATE_NAME": "SOUTH DAKO", "STATE_CODE": null, "MINE_NAME": "TIN SHACK", "QC_FLAG": null, "ZIPCODE": null, "QAQC": "Y", "MADS": null }, "geometry": { "type": "Point", "coordinates": [ -103.886117161152342, 43.412504382625208 ] } },
{ "type": "Feature", "properties": { "ICF_ID": 19819, "DB_ALIAS": 5, "DBUNIQUE": "0460470143", "LATITUDE": 43.3553, "LONGITUDE": -103.5933, "DATUM": null, "COUNTY_NAM": null, "CNTY_FIPS": "047", "STATE_NAME": "SOUTH DAKO", "STATE_CODE": null, "MINE_NAME": "TOO LATE", "QC_FLAG": null, "ZIPCODE": null, "QAQC": "Y", "MADS": null }, "geometry": { "type": "Point", "coordinates": [ -103.593336417931937, 43.355282907464748 ] } },
{ "type": "Feature", "properties": { "ICF_ID": 19820, "DB_ALIAS": 5, "DBUNIQUE": "0460470144", "LATITUDE": 43.4208, "LONGITUDE": -103.8294, "DATUM": null, "COUNTY_NAM": null, "CNTY_FIPS": "047", "STATE_NAME": "SOUTH DAKO", "STATE_CODE": null, "MINE_NAME": "TRAILL FRACTION", "QC_FLAG": null, "ZIPCODE": null, "QAQC": "Y", "MADS": null }, "geometry": { "type": "Point", "coordinates": [ -103.829450063334235, 43.420837342659468 ] } },
{ "type": "Feature", "properties": { "ICF_ID": 19821, "DB_ALIAS": 5, "DBUNIQUE": "0460470145", "LATITUDE": 43.4189, "LONGITUDE": -103.8372, "DATUM": null, "COUNTY_NAM": null, "CNTY_FIPS": "047", "STATE_NAME": "SOUTH DAKO", "STATE_CODE": null, "MINE_NAME": "TRAIL WIND", "QC_FLAG": null, "ZIPCODE": null, "QAQC": "Y", "MADS": null }, "geometry": { "type": "Point", "coordinates": [ -103.837228079769275, 43.41889335091733 ] } },
{ "type": "Feature", "properties": { "ICF_ID": 19822, "DB_ALIAS": 5, "DBUNIQUE": "0460470146", "LATITUDE": 43.4228, "LONGITUDE": -103.8161, "DATUM": null, "COUNTY_NAM": null, "CNTY_FIPS": "047", "STATE_NAME": "SOUTH DAKO", "STATE_CODE": null, "MINE_NAME": "UNKNOWN", "QC_FLAG": null, "ZIPCODE": null, "QAQC": "Y", "MADS": null }, "geometry": { "type": "Point", "coordinates": [ -103.816117036937385, 43.422782334035858 ] } },
{ "type": "Feature", "properties": { "ICF_ID": 19823, "DB_ALIAS": 5, "DBUNIQUE": "0460470147", "LATITUDE": 43.375, "LONGITUDE": -103.7494, "DATUM": null, "COUNTY_NAM": null, "CNTY_FIPS": "047", "STATE_NAME": "SOUTH DAKO", "STATE_CODE": null, "MINE_NAME": "URANIUM NO.1", "QC_FLAG": null, "ZIPCODE": null, "QAQC": "Y", "MADS": null }, "geometry": { "type": "Point", "coordinates": [ -103.749450117714787, 43.375004490463645 ] } },
{ "type": "Feature", "properties": { "ICF_ID": 19824, "DB_ALIAS": 5, "DBUNIQUE": "0460470148", "LATITUDE": 43.4067, "LONGITUDE": -103.8372, "DATUM": null, "COUNTY_NAM": null, "CNTY_FIPS": "047", "STATE_NAME": "SOUTH DAKO", "STATE_CODE": null, "MINE_NAME": "VALLEY VIEW NO. 6", "QC_FLAG": null, "ZIPCODE": null, "QAQC": "Y", "MADS": null }, "geometry": { "type": "Point", "coordinates": [ -103.837228104431532, 43.406671397748589 ] } },
{ "type": "Feature", "properties": { "ICF_ID": 19825, "DB_ALIAS": 5, "DBUNIQUE": "0460470149", "LATITUDE": 43.4086, "LONGITUDE": -103.8372, "DATUM": null, "COUNTY_NAM": null, "CNTY_FIPS": "047", "STATE_NAME": "SOUTH DAKO", "STATE_CODE": null, "MINE_NAME": "VALLEY VIEW", "QC_FLAG": null, "ZIPCODE": null, "QAQC": "Y", "MADS": null }, "geometry": { "type": "Point", "coordinates": [ -103.83722810050881, 43.408615390299744 ] } },
{ "type": "Feature", "properties": { "ICF_ID": 19826, "DB_ALIAS": 5, "DBUNIQUE": "0460470150", "LATITUDE": 43.4064, "LONGITUDE": -103.8533, "DATUM": null, "COUNTY_NAM": null, "CNTY_FIPS": "047", "STATE_NAME": "SOUTH DAKO", "STATE_CODE": null, "MINE_NAME": "VIRGINIA C", "QC_FLAG": null, "ZIPCODE": null, "QAQC": "Y", "MADS": null }, "geometry": { "type": "Point", "coordinates": [ -103.853339125108818, 43.406393401713082 ] } },
{ "type": "Feature", "properties": { "ICF_ID": 19827, "DB_ALIAS": 5, "DBUNIQUE": "0460470151", "LATITUDE": 43.4131, "LONGITUDE": -103.8297, "DATUM": null, "COUNTY_NAM": null, "CNTY_FIPS": "047", "STATE_NAME": "SOUTH DAKO", "STATE_CODE": null, "MINE_NAME": "VERDE", "QC_FLAG": null, "ZIPCODE": null, "QAQC": "Y", "MADS": null }, "geometry": { "type": "Point", "coordinates": [ -103.829728080928376, 43.413060372181 ] } },
{ "type": "Feature", "properties": { "ICF_ID": 19828, "DB_ALIAS": 5, "DBUNIQUE": "0460470152", "LATITUDE": 43.4136, "LONGITUDE": -103.8347, "DATUM": null, "COUNTY_NAM": null, "CNTY_FIPS": "047", "STATE_NAME": "SOUTH DAKO", "STATE_CODE": null, "MINE_NAME": "WAKAN", "QC_FLAG": null, "ZIPCODE": null, "QAQC": "Y", "MADS": null }, "geometry": { "type": "Point", "coordinates": [ -103.834728086847917, 43.413615370786189 ] } },
{ "type": "Feature", "properties": { "ICF_ID": 19829, "DB_ALIAS": 5, "DBUNIQUE": "0460470153", "LATITUDE": 43.3022, "LONGITUDE": -103.6931, "DATUM": null, "COUNTY_NAM": null, "CNTY_FIPS": "047", "STATE_NAME": "SOUTH DAKO", "STATE_CODE": null, "MINE_NAME": "WASHBOARD", "QC_FLAG": null, "ZIPCODE": null, "QAQC": "Y", "MADS": null }, "geometry": { "type": "Point", "coordinates": [ -103.693061431761024, 43.302226802372317 ] } },
{ "type": "Feature", "properties": { "ICF_ID": 19830, "DB_ALIAS": 5, "DBUNIQUE": "0460470154", "LATITUDE": 43.4169, "LONGITUDE": -103.8197, "DATUM": null, "COUNTY_NAM": null, "CNTY_FIPS": "047", "STATE_NAME": "SOUTH DAKO", "STATE_CODE": null, "MINE_NAME": "WESTERN EDGE", "QC_FLAG": null, "ZIPCODE": null, "QAQC": "Y", "MADS": null }, "geometry": { "type": "Point", "coordinates": [ -103.819728057238692, 43.416948356191966 ] } },
{ "type": "Feature", "properties": { "ICF_ID": 19831, "DB_ALIAS": 5, "DBUNIQUE": "0460470155", "LATITUDE": 43.4189, "LONGITUDE": -103.8, "DATUM": null, "COUNTY_NAM": null, "CNTY_FIPS": "047", "STATE_NAME": "SOUTH DAKO", "STATE_CODE": null, "MINE_NAME": "YELLOW CAT", "QC_FLAG": null, "ZIPCODE": null, "QAQC": "Y", "MADS": null }, "geometry": { "type": "Point", "coordinates": [ -103.800006021694813, 43.418893346665335 ] } },
{ "type": "Feature", "properties": { "ICF_ID": 19832, "DB_ALIAS": 5, "DBUNIQUE": "0460470156", "LATITUDE": 43.4119, "LONGITUDE": -103.8514, "DATUM": null, "COUNTY_NAM": null, "CNTY_FIPS": "047", "STATE_NAME": "SOUTH DAKO", "STATE_CODE": null, "MINE_NAME": "YELLOWCAT 1", "QC_FLAG": null, "ZIPCODE": null, "QAQC": "Y", "MADS": null }, "geometry": { "type": "Point", "coordinates": [ -103.851395113434165, 43.411948379664281 ] } },
{ "type": "Feature", "properties": { "ICF_ID": 19838, "DB_ALIAS": 5, "DBUNIQUE": "0460630108", "LATITUDE": 45.4917, "LONGITUDE": -103.1833, "DATUM": null, "COUNTY_NAM": null, "CNTY_FIPS": "063", "STATE_NAME": "SOUTH DAKO", "STATE_CODE": null, "MINE_NAME": "BOB CAT CLAIMS", "QC_FLAG": null, "ZIPCODE": null, "QAQC": "Y", "MADS": null }, "geometry": { "type": "Point", "coordinates": [ -103.18333418303844, 45.491670178533099 ] } },
{ "type": "Feature", "properties": { "ICF_ID": 19842, "DB_ALIAS": 5, "DBUNIQUE": "0460630112", "LATITUDE": 45.5969, "LONGITUDE": -103.2025, "DATUM": null, "COUNTY_NAM": null, "CNTY_FIPS": "063", "STATE_NAME": "SOUTH DAKO", "STATE_CODE": null, "MINE_NAME": "CALAMITY JANE GROUP", "QC_FLAG": null, "ZIPCODE": null, "QAQC": "Y", "MADS": null }, "geometry": { "type": "Point", "coordinates": [ -103.202501269957025, 45.5969473416176 ] } },
{ "type": "Feature", "properties": { "ICF_ID": 19843, "DB_ALIAS": 5, "DBUNIQUE": "0460630113", "LATITUDE": 45.3478, "LONGITUDE": -103.0536, "DATUM": null, "COUNTY_NAM": null, "CNTY_FIPS": "063", "STATE_NAME": "SOUTH DAKO", "STATE_CODE": null, "MINE_NAME": "CANYON GROUP", "QC_FLAG": null, "ZIPCODE": null, "QAQC": "Y", "MADS": null }, "geometry": { "type": "Point", "coordinates": [ -103.05361195124182, 45.347780846572448 ] } },
{ "type": "Feature", "properties": { "ICF_ID": 19844, "DB_ALIAS": 5, "DBUNIQUE": "0460630114", "LATITUDE": 45.365, "LONGITUDE": -103.1231, "DATUM": null, "COUNTY_NAM": null, "CNTY_FIPS": "063", "STATE_NAME": "SOUTH DAKO", "STATE_CODE": null, "MINE_NAME": "CAP CLAIMS", "QC_FLAG": null, "ZIPCODE": null, "QAQC": "Y", "MADS": null }, "geometry": { "type": "Point", "coordinates": [ -103.1230570562293, 45.365002930572679 ] } },
{ "type": "Feature", "properties": { "ICF_ID": 19846, "DB_ALIAS": 5, "DBUNIQUE": "0460630116", "LATITUDE": 45.3497, "LONGITUDE": -103.0892, "DATUM": null, "COUNTY_NAM": null, "CNTY_FIPS": "063", "STATE_NAME": "SOUTH DAKO", "STATE_CODE": null, "MINE_NAME": "CATTAIL CLAIMS", "QC_FLAG": null, "ZIPCODE": null, "QAQC": "Y", "MADS": null }, "geometry": { "type": "Point", "coordinates": [ -103.089168003881269, 45.349724882278103 ] } },
{ "type": "Feature", "properties": { "ICF_ID": 19848, "DB_ALIAS": 5, "DBUNIQUE": "0460630118", "LATITUDE": 45.3417, "LONGITUDE": -103.0592, "DATUM": null, "COUNTY_NAM": null, "CNTY_FIPS": "063", "STATE_NAME": "SOUTH DAKO", "STATE_CODE": null, "MINE_NAME": "CRAZY CLAIMS", "QC_FLAG": null, "ZIPCODE": null, "QAQC": "Y", "MADS": null }, "geometry": { "type": "Point", "coordinates": [ -103.059167959495511, 45.341669848763189 ] } },
{ "type": "Feature", "properties": { "ICF_ID": 19851, "DB_ALIAS": 5, "DBUNIQUE": "0460630121", "LATITUDE": 45.4219, "LONGITUDE": -103.9444, "DATUM": null, "COUNTY_NAM": null, "CNTY_FIPS": "063", "STATE_NAME": "SOUTH DAKO", "STATE_CODE": null, "MINE_NAME": "DAISY MAE NO.5", "QC_FLAG": null, "ZIPCODE": null, "QAQC": "Y", "MADS": null }, "geometry": { "type": "Point", "coordinates": [ -103.944446366466565, 45.421947710496703 ] } },
{ "type": "Feature", "properties": { "ICF_ID": 19854, "DB_ALIAS": 5, "DBUNIQUE": "0460630124", "LATITUDE": 45.3358, "LONGITUDE": -103.0686, "DATUM": null, "COUNTY_NAM": null, "CNTY_FIPS": "063", "STATE_NAME": "SOUTH DAKO", "STATE_CODE": null, "MINE_NAME": "DIVIDE CLAIMS", "QC_FLAG": null, "ZIPCODE": null, "QAQC": "Y", "MADS": null }, "geometry": { "type": "Point", "coordinates": [ -103.068611973229338, 45.33583585400811 ] } },
{ "type": "Feature", "properties": { "ICF_ID": 19855, "DB_ALIAS": 5, "DBUNIQUE": "0460630125", "LATITUDE": 45.4783, "LONGITUDE": -103.1417, "DATUM": null, "COUNTY_NAM": null, "CNTY_FIPS": "063", "STATE_NAME": "SOUTH DAKO", "STATE_CODE": null, "MINE_NAME": "DOT NO.1", "QC_FLAG": null, "ZIPCODE": null, "QAQC": "Y", "MADS": null }, "geometry": { "type": "Point", "coordinates": [ -103.141668105198079, 45.478336078874399 ] } },
{ "type": "Feature", "properties": { "ICF_ID": 19858, "DB_ALIAS": 5, "DBUNIQUE": "0460630128", "LATITUDE": 45.3778, "LONGITUDE": -103.0886, "DATUM": null, "COUNTY_NAM": null, "CNTY_FIPS": "063", "STATE_NAME": "SOUTH DAKO", "STATE_CODE": null, "MINE_NAME": "FINGER BUTTES GROUP", "QC_FLAG": null, "ZIPCODE": null, "QAQC": "Y", "MADS": null }, "geometry": { "type": "Point", "coordinates": [ -103.088612004751056, 45.377780902383442 ] } },
{ "type": "Feature", "properties": { "ICF_ID": 19859, "DB_ALIAS": 5, "DBUNIQUE": "0460630129", "LATITUDE": 45.4028, "LONGITUDE": -103.0569, "DATUM": null, "COUNTY_NAM": null, "CNTY_FIPS": "063", "STATE_NAME": "SOUTH DAKO", "STATE_CODE": null, "MINE_NAME": "FLAT TOP BUTTE", "QC_FLAG": null, "ZIPCODE": null, "QAQC": "Y", "MADS": null }, "geometry": { "type": "Point", "coordinates": [ -103.056944955459684, 45.402780877352889 ] } },
{ "type": "Feature", "properties": { "ICF_ID": 19861, "DB_ALIAS": 5, "DBUNIQUE": "0460630131", "LATITUDE": 45.4014, "LONGITUDE": -103.1472, "DATUM": null, "COUNTY_NAM": null, "CNTY_FIPS": "063", "STATE_NAME": "SOUTH DAKO", "STATE_CODE": null, "MINE_NAME": "HILLTOP", "QC_FLAG": null, "ZIPCODE": null, "QAQC": "Y", "MADS": null }, "geometry": { "type": "Point", "coordinates": [ -103.14722310001234, 45.401391999541225 ] } },
{ "type": "Feature", "properties": { "ICF_ID": 19862, "DB_ALIAS": 5, "DBUNIQUE": "0460630132", "LATITUDE": 45.3428, "LONGITUDE": -103.0856, "DATUM": null, "COUNTY_NAM": null, "CNTY_FIPS": "063", "STATE_NAME": "SOUTH DAKO", "STATE_CODE": null, "MINE_NAME": "HINDS CLAIMS", "QC_FLAG": null, "ZIPCODE": null, "QAQC": "Y", "MADS": null }, "geometry": { "type": "Point", "coordinates": [ -103.085556998161138, 45.342780873792456 ] } },
{ "type": "Feature", "properties": { "ICF_ID": 19875, "DB_ALIAS": 5, "DBUNIQUE": "0460630145", "LATITUDE": 45.3739, "LONGITUDE": -103.1108, "DATUM": null, "COUNTY_NAM": null, "CNTY_FIPS": "063", "STATE_NAME": "SOUTH DAKO", "STATE_CODE": null, "MINE_NAME": "LUCKY STRIKE CLAIMS", "QC_FLAG": null, "ZIPCODE": null, "QAQC": "Y", "MADS": null }, "geometry": { "type": "Point", "coordinates": [ -103.110834038681318, 45.373891925238951 ] } },
{ "type": "Feature", "properties": { "ICF_ID": 19876, "DB_ALIAS": 5, "DBUNIQUE": "0460630146", "LATITUDE": 45.3647, "LONGITUDE": -103.1083, "DATUM": null, "COUNTY_NAM": null, "CNTY_FIPS": "063", "STATE_NAME": "SOUTH DAKO", "STATE_CODE": null, "MINE_NAME": "MARIE CLAIM", "QC_FLAG": null, "ZIPCODE": null, "QAQC": "Y", "MADS": null }, "geometry": { "type": "Point", "coordinates": [ -103.108334033866555, 45.364724914258474 ] } },
{ "type": "Feature", "properties": { "ICF_ID": 19879, "DB_ALIAS": 5, "DBUNIQUE": "0460630149", "LATITUDE": 45.3417, "LONGITUDE": -103.0597, "DATUM": null, "COUNTY_NAM": null, "CNTY_FIPS": "063", "STATE_NAME": "SOUTH DAKO", "STATE_CODE": null, "MINE_NAME": "MOONSHINE", "QC_FLAG": null, "ZIPCODE": null, "QAQC": "Y", "MADS": null }, "geometry": { "type": "Point", "coordinates": [ -103.059722960307468, 45.341669849272932 ] } },
{ "type": "Feature", "properties": { "ICF_ID": 19880, "DB_ALIAS": 5, "DBUNIQUE": "0460630150", "LATITUDE": 45.3497, "LONGITUDE": -103.0892, "DATUM": null, "COUNTY_NAM": null, "CNTY_FIPS": "063", "STATE_NAME": "SOUTH DAKO", "STATE_CODE": null, "MINE_NAME": "QUAD CLAIMS", "QC_FLAG": null, "ZIPCODE": null, "QAQC": "Y", "MADS": null }, "geometry": { "type": "Point", "coordinates": [ -103.089168003881269, 45.349724882278103 ] } },
{ "type": "Feature", "properties": { "ICF_ID": 19881, "DB_ALIAS": 5, "DBUNIQUE": "0460630151", "LATITUDE": 45.4931, "LONGITUDE": -103.2014, "DATUM": null, "COUNTY_NAM": null, "CNTY_FIPS": "063", "STATE_NAME": "SOUTH DAKO", "STATE_CODE": null, "MINE_NAME": "RATTLESNAKE GROUP", "QC_FLAG": null, "ZIPCODE": null, "QAQC": "Y", "MADS": null }, "geometry": { "type": "Point", "coordinates": [ -103.201390216159169, 45.493059217378345 ] } },
{ "type": "Feature", "properties": { "ICF_ID": 19882, "DB_ALIAS": 5, "DBUNIQUE": "0460630152", "LATITUDE": 45.545, "LONGITUDE": -103.1631, "DATUM": null, "COUNTY_NAM": null, "CNTY_FIPS": "063", "STATE_NAME": "SOUTH DAKO", "STATE_CODE": null, "MINE_NAME": "RED NO.1", "QC_FLAG": null, "ZIPCODE": null, "QAQC": "Y", "MADS": null }, "geometry": { "type": "Point", "coordinates": [ -103.16305717185125, 45.545003198757804 ] } },
{ "type": "Feature", "properties": { "ICF_ID": 19884, "DB_ALIAS": 5, "DBUNIQUE": "0460630155", "LATITUDE": 45.3778, "LONGITUDE": -103.1119, "DATUM": null, "COUNTY_NAM": null, "CNTY_FIPS": "063", "STATE_NAME": "SOUTH DAKO", "STATE_CODE": null, "MINE_NAME": "RUTH LODE", "QC_FLAG": null, "ZIPCODE": null, "QAQC": "Y", "MADS": null }, "geometry": { "type": "Point", "coordinates": [ -103.111945040833888, 45.377780930059735 ] } },
{ "type": "Feature", "properties": { "ICF_ID": 19887, "DB_ALIAS": 5, "DBUNIQUE": "0460630158", "LATITUDE": 45.3522, "LONGITUDE": -103.1439, "DATUM": null, "COUNTY_NAM": null, "CNTY_FIPS": "063", "STATE_NAME": "SOUTH DAKO", "STATE_CODE": null, "MINE_NAME": "STATE LEASE", "QC_FLAG": null, "ZIPCODE": null, "QAQC": "Y", "MADS": null }, "geometry": { "type": "Point", "coordinates": [ -103.143890085427074, 45.352224938669174 ] } },
{ "type": "Feature", "properties": { "ICF_ID": 19890, "DB_ALIAS": 5, "DBUNIQUE": "0460630161", "LATITUDE": 45.3417, "LONGITUDE": -103.0597, "DATUM": null, "COUNTY_NAM": null, "CNTY_FIPS": "063", "STATE_NAME": "SOUTH DAKO", "STATE_CODE": null, "MINE_NAME": "TRIO LODE", "QC_FLAG": null, "ZIPCODE": null, "QAQC": "Y", "MADS": null }, "geometry": { "type": "Point", "coordinates": [ -103.059722960307468, 45.341669849272932 ] } },
{ "type": "Feature", "properties": { "ICF_ID": 19891, "DB_ALIAS": 5, "DBUNIQUE": "0460630162", "LATITUDE": 45.35, "LONGITUDE": -103.9722, "DATUM": null, "COUNTY_NAM": null, "CNTY_FIPS": "063", "STATE_NAME": "SOUTH DAKO", "STATE_CODE": null, "MINE_NAME": "TWIN NO.2", "QC_FLAG": null, "ZIPCODE": null, "QAQC": "Y", "MADS": null }, "geometry": { "type": "Point", "coordinates": [ -103.972224078975771, 45.350003635221711 ] } },
{ "type": "Feature", "properties": { "ICF_ID": 19892, "DB_ALIAS": 5, "DBUNIQUE": "0460630163", "LATITUDE": 45.5356, "LONGITUDE": -103.1261, "DATUM": null, "COUNTY_NAM": null, "CNTY_FIPS": "063", "STATE_NAME": "SOUTH DAKO", "STATE_CODE": null, "MINE_NAME": "TYBOE PROPERTY", "QC_FLAG": null, "ZIPCODE": null, "QAQC": "Y", "MADS": null }, "geometry": { "type": "Point", "coordinates": [ -103.126112099762182, 45.535559110191841 ] } },
{ "type": "Feature", "properties": { "ICF_ID": 19898, "DB_ALIAS": 5, "DBUNIQUE": "0460630170", "LATITUDE": 45.3717, "LONGITUDE": -103.1614, "DATUM": null, "COUNTY_NAM": null, "CNTY_FIPS": "063", "STATE_NAME": "SOUTH DAKO", "STATE_CODE": null, "MINE_NAME": "NATIONAL PARK 1-16 CLAIMS", "QC_FLAG": null, "ZIPCODE": null, "QAQC": "Y", "MADS": null }, "geometry": { "type": "Point", "coordinates": [ -103.16139011590036, 45.371669980913858 ] } },
{ "type": "Feature", "properties": { "ICF_ID": 19899, "DB_ALIAS": 5, "DBUNIQUE": "0461030160", "LATITUDE": 43.7458, "LONGITUDE": -102.6022, "DATUM": null, "COUNTY_NAM": null, "CNTY_FIPS": "103", "STATE_NAME": "SOUTH DAKO", "STATE_CODE": null, "MINE_NAME": "HART TABLE PROSPECT", "QC_FLAG": null, "ZIPCODE": null, "QAQC": null, "MADS": null }, "geometry": { "type": "Point", "coordinates": [ -102.602220465149657, 43.745836344892005 ] } },
{ "type": "Feature", "properties": { "ICF_ID": 19900, "DB_ALIAS": 5, "DBUNIQUE": "0461030203", "LATITUDE": 44.0767, "LONGITUDE": -103.4819, "DATUM": null, "COUNTY_NAM": null, "CNTY_FIPS": "103", "STATE_NAME": "SOUTH DAKO", "STATE_CODE": null, "MINE_NAME": "POISONED OX GROUP", "QC_FLAG": null, "ZIPCODE": null, "QAQC": null, "MADS": null }, "geometry": { "type": "Point", "coordinates": [ -103.481943099428776, 44.07666963815872 ] } },
{ "type": "Feature", "properties": { "ICF_ID": 20108, "DB_ALIAS": 5, "DBUNIQUE": "0560010064", "LATITUDE": 42.3714, "LONGITUDE": -105.3492, "DATUM": null, "COUNTY_NAM": null, "CNTY_FIPS": "001", "STATE_NAME": "WYOMING", "STATE_CODE": null, "MINE_NAME": "DIAMOND BELL MINE", "QC_FLAG": null, "ZIPCODE": null, "QAQC": null, "MADS": null }, "geometry": { "type": "Point", "coordinates": [ -105.349169570625889, 42.371394299088152 ] } },
{ "type": "Feature", "properties": { "ICF_ID": 20117, "DB_ALIAS": 5, "DBUNIQUE": "0560010073", "LATITUDE": 42.4236, "LONGITUDE": -105.3347, "DATUM": null, "COUNTY_NAM": null, "CNTY_FIPS": "001", "STATE_NAME": "WYOMING", "STATE_CODE": null, "MINE_NAME": "KREISLEY GROUP CLAIMS AND PROSPECTS", "QC_FLAG": null, "ZIPCODE": null, "QAQC": null, "MADS": null }, "geometry": { "type": "Point", "coordinates": [ -105.33472467926093, 42.423616366015196 ] } },
{ "type": "Feature", "properties": { "ICF_ID": 20118, "DB_ALIAS": 5, "DBUNIQUE": "0560010074", "LATITUDE": 42.3722, "LONGITUDE": -105.1819, "DATUM": null, "COUNTY_NAM": null, "CNTY_FIPS": "001", "STATE_NAME": "WYOMING", "STATE_CODE": null, "MINE_NAME": "MAGGIE MURPHY MINE AND PROSPECTS", "QC_FLAG": null, "ZIPCODE": null, "QAQC": null, "MADS": null }, "geometry": { "type": "Point", "coordinates": [ -105.181946446878754, 42.372227576086281 ] } },
{ "type": "Feature", "properties": { "ICF_ID": 20120, "DB_ALIAS": 5, "DBUNIQUE": "0560010076", "LATITUDE": 42.3686, "LONGITUDE": -105.3511, "DATUM": null, "COUNTY_NAM": null, "CNTY_FIPS": "001", "STATE_NAME": "WYOMING", "STATE_CODE": null, "MINE_NAME": "MAHONEY #1", "QC_FLAG": null, "ZIPCODE": null, "QAQC": null, "MADS": null }, "geometry": { "type": "Point", "coordinates": [ -105.351113566175911, 42.368616292600016 ] } },
{ "type": "Feature", "properties": { "ICF_ID": 20126, "DB_ALIAS": 5, "DBUNIQUE": "0560010082", "LATITUDE": 42.4067, "LONGITUDE": -105.3336, "DATUM": null, "COUNTY_NAM": null, "CNTY_FIPS": "001", "STATE_NAME": "WYOMING", "STATE_CODE": null, "MINE_NAME": "NOBO MINE AND PROSPECT", "QC_FLAG": null, "ZIPCODE": null, "QAQC": null, "MADS": null }, "geometry": { "type": "Point", "coordinates": [ -105.333613637499809, 42.406672357206844 ] } },
{ "type": "Feature", "properties": { "ICF_ID": 20133, "DB_ALIAS": 5, "DBUNIQUE": "0560010090", "LATITUDE": 42.3042, "LONGITUDE": -105.3631, "DATUM": null, "COUNTY_NAM": null, "CNTY_FIPS": "001", "STATE_NAME": "WYOMING", "STATE_CODE": null, "MINE_NAME": "STARGEON RANCH PROSPECTS", "QC_FLAG": null, "ZIPCODE": null, "QAQC": null, "MADS": null }, "geometry": { "type": "Point", "coordinates": [ -105.363058425792659, 42.304172212524037 ] } },
{ "type": "Feature", "properties": { "ICF_ID": 20134, "DB_ALIAS": 5, "DBUNIQUE": "0560010091", "LATITUDE": 42.425, "LONGITUDE": -105.3517, "DATUM": null, "COUNTY_NAM": null, "CNTY_FIPS": "001", "STATE_NAME": "WYOMING", "STATE_CODE": null, "MINE_NAME": "TENDERFOOT MINE AND PROSPECTS", "QC_FLAG": null, "ZIPCODE": null, "QAQC": null, "MADS": null }, "geometry": { "type": "Point", "coordinates": [ -105.351669701494956, 42.425005333817985 ] } },
{ "type": "Feature", "properties": { "ICF_ID": 20248, "DB_ALIAS": 5, "DBUNIQUE": "0560050138", "LATITUDE": 43.5789, "LONGITUDE": -105.4706, "DATUM": null, "COUNTY_NAM": null, "CNTY_FIPS": "005", "STATE_NAME": "WYOMING", "STATE_CODE": null, "MINE_NAME": "RENO CREEK PROJECT", "QC_FLAG": null, "ZIPCODE": null, "QAQC": "Y", "MADS": null }, "geometry": { "type": "Point", "coordinates": [ -105.470562512535267, 43.578894492583551 ] } },
{ "type": "Feature", "properties": { "ICF_ID": 20303, "DB_ALIAS": 5, "DBUNIQUE": "0560050199", "LATITUDE": 43.5722, "LONGITUDE": -105.6189, "DATUM": null, "COUNTY_NAM": null, "CNTY_FIPS": "005", "STATE_NAME": "WYOMING", "STATE_CODE": null, "MINE_NAME": "HANK CLAIMS", "QC_FLAG": null, "ZIPCODE": null, "QAQC": "Y", "MADS": null }, "geometry": { "type": "Point", "coordinates": [ -105.618895577635115, 43.572227383515013 ] } },
{ "type": "Feature", "properties": { "ICF_ID": 20305, "DB_ALIAS": 5, "DBUNIQUE": "0560050201", "LATITUDE": 44.0064, "LONGITUDE": -104.7594, "DATUM": null, "COUNTY_NAM": null, "CNTY_FIPS": "005", "STATE_NAME": "WYOMING", "STATE_CODE": null, "MINE_NAME": "HOWELL", "QC_FLAG": null, "ZIPCODE": null, "QAQC": "Y", "MADS": null }, "geometry": { "type": "Point", "coordinates": [ -104.759446941808832, 44.006387287808344 ] } },
{ "type": "Feature", "properties": { "ICF_ID": 20328, "DB_ALIAS": 5, "DBUNIQUE": "0560050228", "LATITUDE": 44.2214, "LONGITUDE": -105.48, "DATUM": null, "COUNTY_NAM": null, "CNTY_FIPS": "005", "STATE_NAME": "WYOMING", "STATE_CODE": null, "MINE_NAME": "LOCALITY", "QC_FLAG": null, "ZIPCODE": null, "QAQC": null, "MADS": null }, "geometry": { "type": "Point", "coordinates": [ -105.480007310139499, 44.221392953938242 ] } },
{ "type": "Feature", "properties": { "ICF_ID": 20329, "DB_ALIAS": 5, "DBUNIQUE": "0560050229", "LATITUDE": 43.8064, "LONGITUDE": -105.2461, "DATUM": null, "COUNTY_NAM": null, "CNTY_FIPS": "005", "STATE_NAME": "WYOMING", "STATE_CODE": null, "MINE_NAME": "LOCALITY #70", "QC_FLAG": null, "ZIPCODE": null, "QAQC": "Y", "MADS": null }, "geometry": { "type": "Point", "coordinates": [ -105.246118383556535, 43.806393918271745 ] } },
{ "type": "Feature", "properties": { "ICF_ID": 20351, "DB_ALIAS": 5, "DBUNIQUE": "0560050255", "LATITUDE": 43.6931, "LONGITUDE": -105.6222, "DATUM": null, "COUNTY_NAM": null, "CNTY_FIPS": "005", "STATE_NAME": "WYOMING", "STATE_CODE": null, "MINE_NAME": "RENO RANCH", "QC_FLAG": null, "ZIPCODE": null, "QAQC": "Y", "MADS": null }, "geometry": { "type": "Point", "coordinates": [ -105.622228790025133, 43.693061319607807 ] } },
{ "type": "Feature", "properties": { "ICF_ID": 20352, "DB_ALIAS": 5, "DBUNIQUE": "0560050256", "LATITUDE": 43.5725, "LONGITUDE": -105.6061, "DATUM": null, "COUNTY_NAM": null, "CNTY_FIPS": "005", "STATE_NAME": "WYOMING", "STATE_CODE": null, "MINE_NAME": "RENO FEE LAND", "QC_FLAG": null, "ZIPCODE": null, "QAQC": "Y", "MADS": null }, "geometry": { "type": "Point", "coordinates": [ -105.606117569633938, 43.572505391550401 ] } },
{ "type": "Feature", "properties": { "ICF_ID": 20353, "DB_ALIAS": 5, "DBUNIQUE": "0560050257", "LATITUDE": 43.5722, "LONGITUDE": -105.6189, "DATUM": null, "COUNTY_NAM": null, "CNTY_FIPS": "005", "STATE_NAME": "WYOMING", "STATE_CODE": null, "MINE_NAME": "RENO LEASE", "QC_FLAG": null, "ZIPCODE": null, "QAQC": "Y", "MADS": null }, "geometry": { "type": "Point", "coordinates": [ -105.618895577635115, 43.572227383515013 ] } },
{ "type": "Feature", "properties": { "ICF_ID": 20385, "DB_ALIAS": 5, "DBUNIQUE": "0560050291", "LATITUDE": 44.3133, "LONGITUDE": -105.3992, "DATUM": null, "COUNTY_NAM": null, "CNTY_FIPS": "005", "STATE_NAME": "WYOMING", "STATE_CODE": null, "MINE_NAME": "UNKNOWN", "QC_FLAG": null, "ZIPCODE": null, "QAQC": null, "MADS": null }, "geometry": { "type": "Point", "coordinates": [ -105.399174176461827, 44.313336946704091 ] } },
{ "type": "Feature", "properties": { "ICF_ID": 20504, "DB_ALIAS": 5, "DBUNIQUE": "0560050411", "LATITUDE": 44.3122, "LONGITUDE": -105.4764, "DATUM": null, "COUNTY_NAM": null, "CNTY_FIPS": "005", "STATE_NAME": "WYOMING", "STATE_CODE": null, "MINE_NAME": "UNKNOWN", "QC_FLAG": null, "ZIPCODE": null, "QAQC": null, "MADS": null }, "geometry": { "type": "Point", "coordinates": [ -105.476396322498374, 44.312226040826928 ] } },
{ "type": "Feature", "properties": { "ICF_ID": 20509, "DB_ALIAS": 5, "DBUNIQUE": "0560050416", "LATITUDE": 43.8, "LONGITUDE": -105.25, "DATUM": null, "COUNTY_NAM": null, "CNTY_FIPS": "005", "STATE_NAME": "WYOMING", "STATE_CODE": null, "MINE_NAME": "UNKNOWN", "QC_FLAG": null, "ZIPCODE": null, "QAQC": "Y", "MADS": null }, "geometry": { "type": "Point", "coordinates": [ -105.25000739199622, 43.800004980684548 ] } },
{ "type": "Feature", "properties": { "ICF_ID": 20510, "DB_ALIAS": 5, "DBUNIQUE": "0560050417", "LATITUDE": 44.225, "LONGITUDE": -105.475, "DATUM": null, "COUNTY_NAM": null, "CNTY_FIPS": "005", "STATE_NAME": "WYOMING", "STATE_CODE": null, "MINE_NAME": "UNKNOWN", "QC_FLAG": null, "ZIPCODE": null, "QAQC": null, "MADS": null }, "geometry": { "type": "Point", "coordinates": [ -105.475007316367666, 44.22500393514084 ] } },
{ "type": "Feature", "properties": { "ICF_ID": 20555, "DB_ALIAS": 5, "DBUNIQUE": "0560050462", "LATITUDE": 43.5794, "LONGITUDE": -105.6264, "DATUM": null, "COUNTY_NAM": null, "CNTY_FIPS": "005", "STATE_NAME": "WYOMING", "STATE_CODE": null, "MINE_NAME": "WALMARE NO.26", "QC_FLAG": null, "ZIPCODE": null, "QAQC": "Y", "MADS": null }, "geometry": { "type": "Point", "coordinates": [ -105.626395595090031, 43.579449375119708 ] } },
{ "type": "Feature", "properties": { "ICF_ID": 20562, "DB_ALIAS": 5, "DBUNIQUE": "0560050539", "LATITUDE": 43.6278, "LONGITUDE": -105.4731, "DATUM": null, "COUNTY_NAM": null, "CNTY_FIPS": "005", "STATE_NAME": "WYOMING", "STATE_CODE": null, "MINE_NAME": "DALE CREEK", "QC_FLAG": null, "ZIPCODE": null, "QAQC": "Y", "MADS": null }, "geometry": { "type": "Point", "coordinates": [ -105.473062629308231, 43.627783429518928 ] } },
{ "type": "Feature", "properties": { "ICF_ID": 20789, "DB_ALIAS": 5, "DBUNIQUE": "0560090104", "LATITUDE": 43.0597, "LONGITUDE": -105.5111, "DATUM": null, "COUNTY_NAM": null, "CNTY_FIPS": "009", "STATE_NAME": "WYOMING", "STATE_CODE": null, "MINE_NAME": "HIGHLAND OPEN PIT MINE", "QC_FLAG": null, "ZIPCODE": null, "QAQC": "Y", "MADS": null }, "geometry": { "type": "Point", "coordinates": [ -105.511115667259588, 43.059727498363046 ] } },
{ "type": "Feature", "properties": { "ICF_ID": 20791, "DB_ALIAS": 5, "DBUNIQUE": "0560090109", "LATITUDE": 43.0761, "LONGITUDE": -105.5244, "DATUM": null, "COUNTY_NAM": null, "CNTY_FIPS": "009", "STATE_NAME": "WYOMING", "STATE_CODE": null, "MINE_NAME": "BUFFALO SHAFT", "QC_FLAG": null, "ZIPCODE": null, "QAQC": "Y", "MADS": null }, "geometry": { "type": "Point", "coordinates": [ -105.524448749435038, 43.076116476907501 ] } },
{ "type": "Feature", "properties": { "ICF_ID": 20792, "DB_ALIAS": 5, "DBUNIQUE": "0560090114", "LATITUDE": 43.0922, "LONGITUDE": -105.5775, "DATUM": null, "COUNTY_NAM": null, "CNTY_FIPS": "009", "STATE_NAME": "WYOMING", "STATE_CODE": null, "MINE_NAME": "NORTH MORTON MINE", "QC_FLAG": null, "ZIPCODE": null, "QAQC": "Y", "MADS": null }, "geometry": { "type": "Point", "coordinates": [ -105.5775049116491, 43.092227435010777 ] } },
{ "type": "Feature", "properties": { "ICF_ID": 20793, "DB_ALIAS": 5, "DBUNIQUE": "0560090116", "LATITUDE": 43.35, "LONGITUDE": -105.4997, "DATUM": null, "COUNTY_NAM": null, "CNTY_FIPS": "009", "STATE_NAME": "WYOMING", "STATE_CODE": null, "MINE_NAME": "SOUTH MORTON MINE", "QC_FLAG": null, "ZIPCODE": null, "QAQC": "Y", "MADS": null }, "geometry": { "type": "Point", "coordinates": [ -105.499727704876619, 43.350005421657279 ] } },
{ "type": "Feature", "properties": { "ICF_ID": 20794, "DB_ALIAS": 5, "DBUNIQUE": "0560090118", "LATITUDE": 42.5353, "LONGITUDE": -105.0231, "DATUM": null, "COUNTY_NAM": null, "CNTY_FIPS": "009", "STATE_NAME": "WYOMING", "STATE_CODE": null, "MINE_NAME": "ACE #1 CLAIM", "QC_FLAG": null, "ZIPCODE": null, "QAQC": "Y", "MADS": null }, "geometry": { "type": "Point", "coordinates": [ -105.023058850073056, 42.535283846603789 ] } },
{ "type": "Feature", "properties": { "ICF_ID": 20795, "DB_ALIAS": 5, "DBUNIQUE": "0560090119", "LATITUDE": 42.7689, "LONGITUDE": -105.3808, "DATUM": null, "COUNTY_NAM": null, "CNTY_FIPS": "009", "STATE_NAME": "WYOMING", "STATE_CODE": null, "MINE_NAME": "ALBERT SIMS FEE LAND", "QC_FLAG": null, "ZIPCODE": null, "QAQC": "Y", "MADS": null }, "geometry": { "type": "Point", "coordinates": [ -105.380836556018465, 42.768894674288248 ] } },
{ "type": "Feature", "properties": { "ICF_ID": 20803, "DB_ALIAS": 5, "DBUNIQUE": "0560090128", "LATITUDE": 42.6258, "LONGITUDE": -105.2994, "DATUM": null, "COUNTY_NAM": null, "CNTY_FIPS": "009", "STATE_NAME": "WYOMING", "STATE_CODE": null, "MINE_NAME": "BETZER LEASE", "QC_FLAG": null, "ZIPCODE": null, "QAQC": "Y", "MADS": null }, "geometry": { "type": "Point", "coordinates": [ -105.299447120640352, 42.625838612273121 ] } },
{ "type": "Feature", "properties": { "ICF_ID": 20805, "DB_ALIAS": 5, "DBUNIQUE": "0560090130", "LATITUDE": 42.9897, "LONGITUDE": -104.9625, "DATUM": null, "COUNTY_NAM": null, "CNTY_FIPS": "009", "STATE_NAME": "WYOMING", "STATE_CODE": null, "MINE_NAME": "BOB CAT CLAIMS", "QC_FLAG": null, "ZIPCODE": null, "QAQC": "Y", "MADS": null }, "geometry": { "type": "Point", "coordinates": [ -104.962503881910962, 42.989728288206109 ] } },
{ "type": "Feature", "properties": { "ICF_ID": 20807, "DB_ALIAS": 5, "DBUNIQUE": "0560090132", "LATITUDE": 43.0167, "LONGITUDE": -105.4417, "DATUM": null, "COUNTY_NAM": null, "CNTY_FIPS": "009", "STATE_NAME": "WYOMING", "STATE_CODE": null, "MINE_NAME": "BOX #1 TO #11", "QC_FLAG": null, "ZIPCODE": null, "QAQC": "Y", "MADS": null }, "geometry": { "type": "Point", "coordinates": [ -105.441671433839389, 43.016672610565521 ] } },
{ "type": "Feature", "properties": { "ICF_ID": 20809, "DB_ALIAS": 5, "DBUNIQUE": "0560090135", "LATITUDE": 43.1167, "LONGITUDE": -105.4417, "DATUM": null, "COUNTY_NAM": null, "CNTY_FIPS": "009", "STATE_NAME": "WYOMING", "STATE_CODE": null, "MINE_NAME": "CANNONBALL #1", "QC_FLAG": null, "ZIPCODE": null, "QAQC": "Y", "MADS": null }, "geometry": { "type": "Point", "coordinates": [ -105.441671758874804, 43.116672548312145 ] } },
{ "type": "Feature", "properties": { "ICF_ID": 20821, "DB_ALIAS": 5, "DBUNIQUE": "0560090148", "LATITUDE": 43.0167, "LONGITUDE": -105.4417, "DATUM": null, "COUNTY_NAM": null, "CNTY_FIPS": "009", "STATE_NAME": "WYOMING", "STATE_CODE": null, "MINE_NAME": "DOVE", "QC_FLAG": null, "ZIPCODE": null, "QAQC": "Y", "MADS": null }, "geometry": { "type": "Point", "coordinates": [ -105.441671433839389, 43.016672610565521 ] } },
{ "type": "Feature", "properties": { "ICF_ID": 20823, "DB_ALIAS": 5, "DBUNIQUE": "0560090150", "LATITUDE": 42.7289, "LONGITUDE": -105.0386, "DATUM": null, "COUNTY_NAM": null, "CNTY_FIPS": "009", "STATE_NAME": "WYOMING", "STATE_CODE": null, "MINE_NAME": "FAITH #2 AND #3", "QC_FLAG": null, "ZIPCODE": null, "QAQC": "Y", "MADS": null }, "geometry": { "type": "Point", "coordinates": [ -105.038614255869234, 42.728895043792576 ] } },
{ "type": "Feature", "properties": { "ICF_ID": 20826, "DB_ALIAS": 5, "DBUNIQUE": "0560090154", "LATITUDE": 42.6994, "LONGITUDE": -105.0389, "DATUM": null, "COUNTY_NAM": null, "CNTY_FIPS": "009", "STATE_NAME": "WYOMING", "STATE_CODE": null, "MINE_NAME": "FOX #8 AND #10", "QC_FLAG": null, "ZIPCODE": null, "QAQC": "Y", "MADS": null }, "geometry": { "type": "Point", "coordinates": [ -105.03889219424839, 42.699450010690072 ] } },
{ "type": "Feature", "properties": { "ICF_ID": 20830, "DB_ALIAS": 5, "DBUNIQUE": "0560090158", "LATITUDE": 43.2425, "LONGITUDE": -105.6117, "DATUM": null, "COUNTY_NAM": null, "CNTY_FIPS": "009", "STATE_NAME": "WYOMING", "STATE_CODE": null, "MINE_NAME": "HARDY FEE MINE", "QC_FLAG": null, "ZIPCODE": null, "QAQC": "Y", "MADS": null }, "geometry": { "type": "Point", "coordinates": [ -105.61167245339476, 43.242505387548093 ] } },
{ "type": "Feature", "properties": { "ICF_ID": 20833, "DB_ALIAS": 5, "DBUNIQUE": "0560090161", "LATITUDE": 43.0639, "LONGITUDE": -105.5044, "DATUM": null, "COUNTY_NAM": null, "CNTY_FIPS": "009", "STATE_NAME": "WYOMING", "STATE_CODE": null, "MINE_NAME": "HIGHLAND MILL", "QC_FLAG": null, "ZIPCODE": null, "QAQC": "Y", "MADS": null }, "geometry": { "type": "Point", "coordinates": [ -105.504448667026296, 43.063894500157943 ] } },
{ "type": "Feature", "properties": { "ICF_ID": 20834, "DB_ALIAS": 5, "DBUNIQUE": "0560090162", "LATITUDE": 43.2203, "LONGITUDE": -105.6017, "DATUM": null, "COUNTY_NAM": null, "CNTY_FIPS": "009", "STATE_NAME": "WYOMING", "STATE_CODE": null, "MINE_NAME": "HORNBUCKLE RANCH", "QC_FLAG": null, "ZIPCODE": null, "QAQC": "Y", "MADS": null }, "geometry": { "type": "Point", "coordinates": [ -105.60167236539381, 43.220283390098309 ] } },
{ "type": "Feature", "properties": { "ICF_ID": 20835, "DB_ALIAS": 5, "DBUNIQUE": "0560090163", "LATITUDE": 42.9644, "LONGITUDE": -105.4181, "DATUM": null, "COUNTY_NAM": null, "CNTY_FIPS": "009", "STATE_NAME": "WYOMING", "STATE_CODE": null, "MINE_NAME": "JACKALOPE MINE", "QC_FLAG": null, "ZIPCODE": null, "QAQC": "Y", "MADS": null }, "geometry": { "type": "Point", "coordinates": [ -105.418060236425518, 42.964449645666384 ] } },
{ "type": "Feature", "properties": { "ICF_ID": 20836, "DB_ALIAS": 5, "DBUNIQUE": "0560090164", "LATITUDE": 43.0239, "LONGITUDE": -105.4383, "DATUM": null, "COUNTY_NAM": null, "CNTY_FIPS": "009", "STATE_NAME": "WYOMING", "STATE_CODE": null, "MINE_NAME": "JACKALOPE NO. 13 CLAIM", "QC_FLAG": null, "ZIPCODE": null, "QAQC": "Y", "MADS": null }, "geometry": { "type": "Point", "coordinates": [ -105.438337453491116, 43.023894610049439 ] } },
{ "type": "Feature", "properties": { "ICF_ID": 20837, "DB_ALIAS": 5, "DBUNIQUE": "0560090165", "LATITUDE": 43.1942, "LONGITUDE": -105.3703, "DATUM": null, "COUNTY_NAM": null, "CNTY_FIPS": "009", "STATE_NAME": "WYOMING", "STATE_CODE": null, "MINE_NAME": "JACK STANY CLAIMS", "QC_FLAG": null, "ZIPCODE": null, "QAQC": "Y", "MADS": null }, "geometry": { "type": "Point", "coordinates": [ -105.370282910941071, 43.194172627317265 ] } },
{ "type": "Feature", "properties": { "ICF_ID": 20838, "DB_ALIAS": 5, "DBUNIQUE": "0560090166", "LATITUDE": 42.9361, "LONGITUDE": -105.4389, "DATUM": null, "COUNTY_NAM": null, "CNTY_FIPS": "009", "STATE_NAME": "WYOMING", "STATE_CODE": null, "MINE_NAME": "JAN CLAIMS 1-5", "QC_FLAG": null, "ZIPCODE": null, "QAQC": "Y", "MADS": null }, "geometry": { "type": "Point", "coordinates": [ -105.4388931656446, 42.936116622001762 ] } },
{ "type": "Feature", "properties": { "ICF_ID": 20840, "DB_ALIAS": 5, "DBUNIQUE": "0560090169", "LATITUDE": 43.0167, "LONGITUDE": -105.4417, "DATUM": null, "COUNTY_NAM": null, "CNTY_FIPS": "009", "STATE_NAME": "WYOMING", "STATE_CODE": null, "MINE_NAME": "LAMB LEASE", "QC_FLAG": null, "ZIPCODE": null, "QAQC": "Y", "MADS": null }, "geometry": { "type": "Point", "coordinates": [ -105.441671433839389, 43.016672610565521 ] } },
{ "type": "Feature", "properties": { "ICF_ID": 20841, "DB_ALIAS": 5, "DBUNIQUE": "0560090170", "LATITUDE": 43.0247, "LONGITUDE": -105.4392, "DATUM": null, "COUNTY_NAM": null, "CNTY_FIPS": "009", "STATE_NAME": "WYOMING", "STATE_CODE": null, "MINE_NAME": "LAMB NO.3 MINE", "QC_FLAG": null, "ZIPCODE": null, "QAQC": "Y", "MADS": null }, "geometry": { "type": "Point", "coordinates": [ -105.43917145715173, 43.024727608542506 ] } },
{ "type": "Feature", "properties": { "ICF_ID": 20842, "DB_ALIAS": 5, "DBUNIQUE": "0560090171", "LATITUDE": 42.9625, "LONGITUDE": -104.425, "DATUM": null, "COUNTY_NAM": null, "CNTY_FIPS": "009", "STATE_NAME": "WYOMING", "STATE_CODE": null, "MINE_NAME": "LEILA BUZZ", "QC_FLAG": null, "ZIPCODE": null, "QAQC": "Y", "MADS": null }, "geometry": { "type": "Point", "coordinates": [ -104.425004095895176, 42.962505998626256 ] } },
{ "type": "Feature", "properties": { "ICF_ID": 20843, "DB_ALIAS": 5, "DBUNIQUE": "0560090172", "LATITUDE": 42.7167, "LONGITUDE": -104.8833, "DATUM": null, "COUNTY_NAM": null, "CNTY_FIPS": "009", "STATE_NAME": "WYOMING", "STATE_CODE": null, "MINE_NAME": "LUCKY ANN 3", "QC_FLAG": null, "ZIPCODE": null, "QAQC": "Y", "MADS": null }, "geometry": { "type": "Point", "coordinates": [ -104.883336100502518, 42.716673243757285 ] } },
{ "type": "Feature", "properties": { "ICF_ID": 20849, "DB_ALIAS": 5, "DBUNIQUE": "0560090178", "LATITUDE": 42.9839, "LONGITUDE": -105.4367, "DATUM": null, "COUNTY_NAM": null, "CNTY_FIPS": "009", "STATE_NAME": "WYOMING", "STATE_CODE": null, "MINE_NAME": "MESA #4", "QC_FLAG": null, "ZIPCODE": null, "QAQC": "Y", "MADS": null }, "geometry": { "type": "Point", "coordinates": [ -105.43667132093708, 42.983894625967444 ] } },
{ "type": "Feature", "properties": { "ICF_ID": 20850, "DB_ALIAS": 5, "DBUNIQUE": "0560090179", "LATITUDE": 42.9869, "LONGITUDE": -105.44, "DATUM": null, "COUNTY_NAM": null, "CNTY_FIPS": "009", "STATE_NAME": "WYOMING", "STATE_CODE": null, "MINE_NAME": "MESA #5", "QC_FLAG": null, "ZIPCODE": null, "QAQC": "Y", "MADS": null }, "geometry": { "type": "Point", "coordinates": [ -105.440004334700561, 42.986949622386916 ] } },
{ "type": "Feature", "properties": { "ICF_ID": 20851, "DB_ALIAS": 5, "DBUNIQUE": "0560090180", "LATITUDE": 42.9869, "LONGITUDE": -105.44, "DATUM": null, "COUNTY_NAM": null, "CNTY_FIPS": "009", "STATE_NAME": "WYOMING", "STATE_CODE": null, "MINE_NAME": "MESA #8", "QC_FLAG": null, "ZIPCODE": null, "QAQC": "Y", "MADS": null }, "geometry": { "type": "Point", "coordinates": [ -105.440004334700561, 42.986949622386916 ] } },
{ "type": "Feature", "properties": { "ICF_ID": 20852, "DB_ALIAS": 5, "DBUNIQUE": "0560090181", "LATITUDE": 42.9806, "LONGITUDE": -105.4408, "DATUM": null, "COUNTY_NAM": null, "CNTY_FIPS": "009", "STATE_NAME": "WYOMING", "STATE_CODE": null, "MINE_NAME": "MESA #23", "QC_FLAG": null, "ZIPCODE": null, "QAQC": "Y", "MADS": null }, "geometry": { "type": "Point", "coordinates": [ -105.440837314523549, 42.980561621270759 ] } },
{ "type": "Feature", "properties": { "ICF_ID": 20853, "DB_ALIAS": 5, "DBUNIQUE": "0560090182", "LATITUDE": 43.2131, "LONGITUDE": -105.6047, "DATUM": null, "COUNTY_NAM": null, "CNTY_FIPS": "009", "STATE_NAME": "WYOMING", "STATE_CODE": null, "MINE_NAME": "MONUMENT HILL MANGANESE COCALITY", "QC_FLAG": null, "ZIPCODE": null, "QAQC": "Y", "MADS": null }, "geometry": { "type": "Point", "coordinates": [ -105.604727348234064, 43.213061392178226 ] } },
{ "type": "Feature", "properties": { "ICF_ID": 20855, "DB_ALIAS": 5, "DBUNIQUE": "0560090184", "LATITUDE": 43.0197, "LONGITUDE": -105.4425, "DATUM": null, "COUNTY_NAM": null, "CNTY_FIPS": "009", "STATE_NAME": "WYOMING", "STATE_CODE": null, "MINE_NAME": "MORTON RANCH", "QC_FLAG": null, "ZIPCODE": null, "QAQC": "Y", "MADS": null }, "geometry": { "type": "Point", "coordinates": [ -105.442504444719077, 43.019727607681311 ] } },
{ "type": "Feature", "properties": { "ICF_ID": 20856, "DB_ALIAS": 5, "DBUNIQUE": "0560090185", "LATITUDE": 42.9911, "LONGITUDE": -105.445, "DATUM": null, "COUNTY_NAM": null, "CNTY_FIPS": "009", "STATE_NAME": "WYOMING", "STATE_CODE": null, "MINE_NAME": "MORTON RANCH", "QC_FLAG": null, "ZIPCODE": null, "QAQC": "Y", "MADS": null }, "geometry": { "type": "Point", "coordinates": [ -105.445004353993113, 42.991116616984002 ] } },
{ "type": "Feature", "properties": { "ICF_ID": 20858, "DB_ALIAS": 5, "DBUNIQUE": "0560090187", "LATITUDE": 43.025, "LONGITUDE": -105.5028, "DATUM": null, "COUNTY_NAM": null, "CNTY_FIPS": "009", "STATE_NAME": "WYOMING", "STATE_CODE": null, "MINE_NAME": "MORTON RANCH-NO.1", "QC_FLAG": null, "ZIPCODE": null, "QAQC": "Y", "MADS": null }, "geometry": { "type": "Point", "coordinates": [ -105.502782533946842, 43.025005532832225 ] } },
{ "type": "Feature", "properties": { "ICF_ID": 20859, "DB_ALIAS": 5, "DBUNIQUE": "0560090188", "LATITUDE": 43.0917, "LONGITUDE": -105.4431, "DATUM": null, "COUNTY_NAM": null, "CNTY_FIPS": "009", "STATE_NAME": "WYOMING", "STATE_CODE": null, "MINE_NAME": "MORTON RANCH-NO.2", "QC_FLAG": null, "ZIPCODE": null, "QAQC": "Y", "MADS": null }, "geometry": { "type": "Point", "coordinates": [ -105.443060679347752, 43.091672561891869 ] } },
{ "type": "Feature", "properties": { "ICF_ID": 20863, "DB_ALIAS": 5, "DBUNIQUE": "0560090193", "LATITUDE": 43.0003, "LONGITUDE": -105.4417, "DATUM": null, "COUNTY_NAM": null, "CNTY_FIPS": "009", "STATE_NAME": "WYOMING", "STATE_CODE": null, "MINE_NAME": "SHEEPSHED #5", "QC_FLAG": null, "ZIPCODE": null, "QAQC": "Y", "MADS": null }, "geometry": { "type": "Point", "coordinates": [ -105.441671380569332, 43.000283620768208 ] } },
{ "type": "Feature", "properties": { "ICF_ID": 20864, "DB_ALIAS": 5, "DBUNIQUE": "0560090194", "LATITUDE": 43.0197, "LONGITUDE": -105.4425, "DATUM": null, "COUNTY_NAM": null, "CNTY_FIPS": "009", "STATE_NAME": "WYOMING", "STATE_CODE": null, "MINE_NAME": "SHEEP SHED NO. 8", "QC_FLAG": null, "ZIPCODE": null, "QAQC": "Y", "MADS": null }, "geometry": { "type": "Point", "coordinates": [ -105.442504444719077, 43.019727607681311 ] } },
{ "type": "Feature", "properties": { "ICF_ID": 20865, "DB_ALIAS": 5, "DBUNIQUE": "0560090195", "LATITUDE": 43.2019, "LONGITUDE": -105.5964, "DATUM": null, "COUNTY_NAM": null, "CNTY_FIPS": "009", "STATE_NAME": "WYOMING", "STATE_CODE": null, "MINE_NAME": "SPOOK MINE", "QC_FLAG": null, "ZIPCODE": null, "QAQC": "Y", "MADS": null }, "geometry": { "type": "Point", "coordinates": [ -105.596394297724657, 43.201949394263693 ] } },
{ "type": "Feature", "properties": { "ICF_ID": 20870, "DB_ALIAS": 5, "DBUNIQUE": "0560090201", "LATITUDE": 43.1806, "LONGITUDE": -105.6056, "DATUM": null, "COUNTY_NAM": null, "CNTY_FIPS": "009", "STATE_NAME": "WYOMING", "STATE_CODE": null, "MINE_NAME": "STATE LEASE 14009", "QC_FLAG": null, "ZIPCODE": null, "QAQC": "Y", "MADS": null }, "geometry": { "type": "Point", "coordinates": [ -105.605561247456848, 43.180561399374952 ] } },
{ "type": "Feature", "properties": { "ICF_ID": 20872, "DB_ALIAS": 5, "DBUNIQUE": "0560090203", "LATITUDE": 43.2439, "LONGITUDE": -105.6125, "DATUM": null, "COUNTY_NAM": null, "CNTY_FIPS": "009", "STATE_NAME": "WYOMING", "STATE_CODE": null, "MINE_NAME": "TISKET #5 & #6", "QC_FLAG": null, "ZIPCODE": null, "QAQC": "Y", "MADS": null }, "geometry": { "type": "Point", "coordinates": [ -105.612505459240438, 43.243894387533288 ] } },
{ "type": "Feature", "properties": { "ICF_ID": 20873, "DB_ALIAS": 5, "DBUNIQUE": "0560090204", "LATITUDE": 43.2361, "LONGITUDE": -105.5931, "DATUM": null, "COUNTY_NAM": null, "CNTY_FIPS": "009", "STATE_NAME": "WYOMING", "STATE_CODE": null, "MINE_NAME": "TISKET #6", "QC_FLAG": null, "ZIPCODE": null, "QAQC": "Y", "MADS": null }, "geometry": { "type": "Point", "coordinates": [ -105.593061399844572, 43.236116384186346 ] } },
{ "type": "Feature", "properties": { "ICF_ID": 20874, "DB_ALIAS": 5, "DBUNIQUE": "0560090205", "LATITUDE": 43.2019, "LONGITUDE": -105.5875, "DATUM": null, "COUNTY_NAM": null, "CNTY_FIPS": "009", "STATE_NAME": "WYOMING", "STATE_CODE": null, "MINE_NAME": "TISKET GROUP", "QC_FLAG": null, "ZIPCODE": null, "QAQC": "Y", "MADS": null }, "geometry": { "type": "Point", "coordinates": [ -105.587505281178522, 43.201949393840692 ] } },
{ "type": "Feature", "properties": { "ICF_ID": 20875, "DB_ALIAS": 5, "DBUNIQUE": "0560090206", "LATITUDE": 42.4894, "LONGITUDE": -105.3544, "DATUM": null, "COUNTY_NAM": null, "CNTY_FIPS": "009", "STATE_NAME": "WYOMING", "STATE_CODE": null, "MINE_NAME": "TRAIL CREEK MINE", "QC_FLAG": null, "ZIPCODE": null, "QAQC": null, "MADS": null }, "geometry": { "type": "Point", "coordinates": [ -105.354446858500722, 42.489449377988294 ] } },
{ "type": "Feature", "properties": { "ICF_ID": 20879, "DB_ALIAS": 5, "DBUNIQUE": "0560090210", "LATITUDE": 42.6408, "LONGITUDE": -105.0428, "DATUM": null, "COUNTY_NAM": null, "CNTY_FIPS": "009", "STATE_NAME": "WYOMING", "STATE_CODE": null, "MINE_NAME": "UNKNOWN", "QC_FLAG": null, "ZIPCODE": null, "QAQC": "Y", "MADS": null }, "geometry": { "type": "Point", "coordinates": [ -105.042781072052136, 42.640838940771978 ] } },
{ "type": "Feature", "properties": { "ICF_ID": 20880, "DB_ALIAS": 5, "DBUNIQUE": "0560090211", "LATITUDE": 42.75, "LONGITUDE": -105.2067, "DATUM": null, "COUNTY_NAM": null, "CNTY_FIPS": "009", "STATE_NAME": "WYOMING", "STATE_CODE": null, "MINE_NAME": "UNKNOWN", "QC_FLAG": null, "ZIPCODE": null, "QAQC": "Y", "MADS": null }, "geometry": { "type": "Point", "coordinates": [ -105.206670352381622, 42.750005856087583 ] } },
{ "type": "Feature", "properties": { "ICF_ID": 20881, "DB_ALIAS": 5, "DBUNIQUE": "0560090212", "LATITUDE": 42.7986, "LONGITUDE": -105.46, "DATUM": null, "COUNTY_NAM": null, "CNTY_FIPS": "009", "STATE_NAME": "WYOMING", "STATE_CODE": null, "MINE_NAME": "UNKNOWN", "QC_FLAG": null, "ZIPCODE": null, "QAQC": "Y", "MADS": null }, "geometry": { "type": "Point", "coordinates": [ -105.460003732923695, 42.798616596376135 ] } },
{ "type": "Feature", "properties": { "ICF_ID": 20882, "DB_ALIAS": 5, "DBUNIQUE": "0560090213", "LATITUDE": 42.7992, "LONGITUDE": -105.4806, "DATUM": null, "COUNTY_NAM": null, "CNTY_FIPS": "009", "STATE_NAME": "WYOMING", "STATE_CODE": null, "MINE_NAME": "UNKNOWN", "QC_FLAG": null, "ZIPCODE": null, "QAQC": "Y", "MADS": null }, "geometry": { "type": "Point", "coordinates": [ -105.480559755458827, 42.799172575675925 ] } },
{ "type": "Feature", "properties": { "ICF_ID": 20883, "DB_ALIAS": 5, "DBUNIQUE": "0560090214", "LATITUDE": 43.0167, "LONGITUDE": -104.425, "DATUM": null, "COUNTY_NAM": null, "CNTY_FIPS": "009", "STATE_NAME": "WYOMING", "STATE_CODE": null, "MINE_NAME": "UNKNOWN", "QC_FLAG": null, "ZIPCODE": null, "QAQC": "Y", "MADS": null }, "geometry": { "type": "Point", "coordinates": [ -104.425003973355714, 43.016672873285415 ] } },
{ "type": "Feature", "properties": { "ICF_ID": 20884, "DB_ALIAS": 5, "DBUNIQUE": "0560090215", "LATITUDE": 42.995, "LONGITUDE": -105.4172, "DATUM": null, "COUNTY_NAM": null, "CNTY_FIPS": "009", "STATE_NAME": "WYOMING", "STATE_CODE": null, "MINE_NAME": "UNKNOWN", "QC_FLAG": null, "ZIPCODE": null, "QAQC": "Y", "MADS": null }, "geometry": { "type": "Point", "coordinates": [ -105.417226336052977, 42.995005647888156 ] } },
{ "type": "Feature", "properties": { "ICF_ID": 20885, "DB_ALIAS": 5, "DBUNIQUE": "0560090216", "LATITUDE": 43.0283, "LONGITUDE": -105.4381, "DATUM": null, "COUNTY_NAM": null, "CNTY_FIPS": "009", "STATE_NAME": "WYOMING", "STATE_CODE": null, "MINE_NAME": "UNKNOWN", "QC_FLAG": null, "ZIPCODE": null, "QAQC": "Y", "MADS": null }, "geometry": { "type": "Point", "coordinates": [ -105.438060467594383, 43.028338607669049 ] } },
{ "type": "Feature", "properties": { "ICF_ID": 20886, "DB_ALIAS": 5, "DBUNIQUE": "0560090217", "LATITUDE": 43.0333, "LONGITUDE": -105.4583, "DATUM": null, "COUNTY_NAM": null, "CNTY_FIPS": "009", "STATE_NAME": "WYOMING", "STATE_CODE": null, "MINE_NAME": "UNKNOWN", "QC_FLAG": null, "ZIPCODE": null, "QAQC": "Y", "MADS": null }, "geometry": { "type": "Point", "coordinates": [ -105.45833750734981, 43.033338579751543 ] } },
{ "type": "Feature", "properties": { "ICF_ID": 20887, "DB_ALIAS": 5, "DBUNIQUE": "0560090218", "LATITUDE": 43.0239, "LONGITUDE": -105.4383, "DATUM": null, "COUNTY_NAM": null, "CNTY_FIPS": "009", "STATE_NAME": "WYOMING", "STATE_CODE": null, "MINE_NAME": "UNKNOWN", "QC_FLAG": null, "ZIPCODE": null, "QAQC": "Y", "MADS": null }, "geometry": { "type": "Point", "coordinates": [ -105.438337453491116, 43.023894610049439 ] } },
{ "type": "Feature", "properties": { "ICF_ID": 20888, "DB_ALIAS": 5, "DBUNIQUE": "0560090219", "LATITUDE": 43.0183, "LONGITUDE": -105.44, "DATUM": null, "COUNTY_NAM": null, "CNTY_FIPS": "009", "STATE_NAME": "WYOMING", "STATE_CODE": null, "MINE_NAME": "UNKNOWN", "QC_FLAG": null, "ZIPCODE": null, "QAQC": "Y", "MADS": null }, "geometry": { "type": "Point", "coordinates": [ -105.440004437357018, 43.018338611486271 ] } },
{ "type": "Feature", "properties": { "ICF_ID": 20889, "DB_ALIAS": 5, "DBUNIQUE": "0560090220", "LATITUDE": 43.0178, "LONGITUDE": -105.44, "DATUM": null, "COUNTY_NAM": null, "CNTY_FIPS": "009", "STATE_NAME": "WYOMING", "STATE_CODE": null, "MINE_NAME": "UNKNOWN", "QC_FLAG": null, "ZIPCODE": null, "QAQC": "Y", "MADS": null }, "geometry": { "type": "Point", "coordinates": [ -105.440004435554428, 43.017783611828577 ] } },
{ "type": "Feature", "properties": { "ICF_ID": 20890, "DB_ALIAS": 5, "DBUNIQUE": "0560090221", "LATITUDE": 42.9819, "LONGITUDE": -105.445, "DATUM": null, "COUNTY_NAM": null, "CNTY_FIPS": "009", "STATE_NAME": "WYOMING", "STATE_CODE": null, "MINE_NAME": "UNKNOWN", "QC_FLAG": null, "ZIPCODE": null, "QAQC": "Y", "MADS": null }, "geometry": { "type": "Point", "coordinates": [ -105.445004323698427, 42.981949616722147 ] } },
{ "type": "Feature", "properties": { "ICF_ID": 20891, "DB_ALIAS": 5, "DBUNIQUE": "0560090222", "LATITUDE": 43.0678, "LONGITUDE": -105.4853, "DATUM": null, "COUNTY_NAM": null, "CNTY_FIPS": "009", "STATE_NAME": "WYOMING", "STATE_CODE": null, "MINE_NAME": "UNKNOWN", "QC_FLAG": null, "ZIPCODE": null, "QAQC": "Y", "MADS": null }, "geometry": { "type": "Point", "coordinates": [ -105.485282652799754, 43.067783520069405 ] } },
{ "type": "Feature", "properties": { "ICF_ID": 20896, "DB_ALIAS": 5, "DBUNIQUE": "0560090227", "LATITUDE": 43.2053, "LONGITUDE": -105.5631, "DATUM": null, "COUNTY_NAM": null, "CNTY_FIPS": "009", "STATE_NAME": "WYOMING", "STATE_CODE": null, "MINE_NAME": "UNKNOWN", "QC_FLAG": null, "ZIPCODE": null, "QAQC": "Y", "MADS": null }, "geometry": { "type": "Point", "coordinates": [ -105.563061246426884, 43.205283391135666 ] } },
{ "type": "Feature", "properties": { "ICF_ID": 20897, "DB_ALIAS": 5, "DBUNIQUE": "0560090228", "LATITUDE": 43.1417, "LONGITUDE": -105.5325, "DATUM": null, "COUNTY_NAM": null, "CNTY_FIPS": "009", "STATE_NAME": "WYOMING", "STATE_CODE": null, "MINE_NAME": "UNKNOWN", "QC_FLAG": null, "ZIPCODE": null, "QAQC": "Y", "MADS": null }, "geometry": { "type": "Point", "coordinates": [ -105.532504981175023, 43.141672429665519 ] } },
{ "type": "Feature", "properties": { "ICF_ID": 20909, "DB_ALIAS": 5, "DBUNIQUE": "0560090242", "LATITUDE": 43.2072, "LONGITUDE": -105.6036, "DATUM": null, "COUNTY_NAM": null, "CNTY_FIPS": "009", "STATE_NAME": "WYOMING", "STATE_CODE": null, "MINE_NAME": "UNKNOWN", "QC_FLAG": null, "ZIPCODE": null, "QAQC": "Y", "MADS": null }, "geometry": { "type": "Point", "coordinates": [ -105.603616327801831, 43.20722739339481 ] } },
{ "type": "Feature", "properties": { "ICF_ID": 20910, "DB_ALIAS": 5, "DBUNIQUE": "0560090243", "LATITUDE": 43.2, "LONGITUDE": -105.6, "DATUM": null, "COUNTY_NAM": null, "CNTY_FIPS": "009", "STATE_NAME": "WYOMING", "STATE_CODE": null, "MINE_NAME": "UNKNOWN", "QC_FLAG": null, "ZIPCODE": null, "QAQC": "Y", "MADS": null }, "geometry": { "type": "Point", "coordinates": [ -105.600005298307053, 43.200005394922442 ] } },
{ "type": "Feature", "properties": { "ICF_ID": 20911, "DB_ALIAS": 5, "DBUNIQUE": "0560090244", "LATITUDE": 43.2139, "LONGITUDE": -105.6056, "DATUM": null, "COUNTY_NAM": null, "CNTY_FIPS": "009", "STATE_NAME": "WYOMING", "STATE_CODE": null, "MINE_NAME": "UNKNOWN", "QC_FLAG": null, "ZIPCODE": null, "QAQC": "Y", "MADS": null }, "geometry": { "type": "Point", "coordinates": [ -105.6055613523923, 43.213894392089017 ] } },
{ "type": "Feature", "properties": { "ICF_ID": 20916, "DB_ALIAS": 5, "DBUNIQUE": "0560090249", "LATITUDE": 43.1689, "LONGITUDE": -105.5711, "DATUM": null, "COUNTY_NAM": null, "CNTY_FIPS": "009", "STATE_NAME": "WYOMING", "STATE_CODE": null, "MINE_NAME": "UNKNOWN", "QC_FLAG": null, "ZIPCODE": null, "QAQC": "Y", "MADS": null }, "geometry": { "type": "Point", "coordinates": [ -105.571116144577203, 43.168894406818843 ] } },
{ "type": "Feature", "properties": { "ICF_ID": 20918, "DB_ALIAS": 5, "DBUNIQUE": "0560090251", "LATITUDE": 43.2544, "LONGITUDE": -105.6089, "DATUM": null, "COUNTY_NAM": null, "CNTY_FIPS": "009", "STATE_NAME": "WYOMING", "STATE_CODE": null, "MINE_NAME": "UNKNOWN", "QC_FLAG": null, "ZIPCODE": null, "QAQC": "Y", "MADS": null }, "geometry": { "type": "Point", "coordinates": [ -105.608894489239688, 43.254449386072558 ] } },
{ "type": "Feature", "properties": { "ICF_ID": 20919, "DB_ALIAS": 5, "DBUNIQUE": "0560090252", "LATITUDE": 43.2514, "LONGITUDE": -105.6142, "DATUM": null, "COUNTY_NAM": null, "CNTY_FIPS": "009", "STATE_NAME": "WYOMING", "STATE_CODE": null, "MINE_NAME": "UNKNOWN", "QC_FLAG": null, "ZIPCODE": null, "QAQC": "Y", "MADS": null }, "geometry": { "type": "Point", "coordinates": [ -105.614172486727767, 43.251394387194019 ] } },
{ "type": "Feature", "properties": { "ICF_ID": 20920, "DB_ALIAS": 5, "DBUNIQUE": "0560090253", "LATITUDE": 43.2417, "LONGITUDE": -105.5922, "DATUM": null, "COUNTY_NAM": null, "CNTY_FIPS": "009", "STATE_NAME": "WYOMING", "STATE_CODE": null, "MINE_NAME": "UNKNOWN", "QC_FLAG": null, "ZIPCODE": null, "QAQC": "Y", "MADS": null }, "geometry": { "type": "Point", "coordinates": [ -105.592227415966235, 43.24167238234363 ] } },
{ "type": "Feature", "properties": { "ICF_ID": 20921, "DB_ALIAS": 5, "DBUNIQUE": "0560090254", "LATITUDE": 43.2342, "LONGITUDE": -105.6139, "DATUM": null, "COUNTY_NAM": null, "CNTY_FIPS": "009", "STATE_NAME": "WYOMING", "STATE_CODE": null, "MINE_NAME": "UNKNOWN-KERR-MCGEE PROP.", "QC_FLAG": null, "ZIPCODE": null, "QAQC": "Y", "MADS": null }, "geometry": { "type": "Point", "coordinates": [ -105.613894431260832, 43.23417238959388 ] } },
{ "type": "Feature", "properties": { "ICF_ID": 20928, "DB_ALIAS": 5, "DBUNIQUE": "0560090262", "LATITUDE": 43.0458, "LONGITUDE": -105.4875, "DATUM": null, "COUNTY_NAM": null, "CNTY_FIPS": "009", "STATE_NAME": "WYOMING", "STATE_CODE": null, "MINE_NAME": "WELLS PROSPECT", "QC_FLAG": null, "ZIPCODE": null, "QAQC": "Y", "MADS": null }, "geometry": { "type": "Point", "coordinates": [ -105.487504582673935, 43.045838534219122 ] } },
{ "type": "Feature", "properties": { "ICF_ID": 20931, "DB_ALIAS": 5, "DBUNIQUE": "0560090267", "LATITUDE": 43.2375, "LONGITUDE": -105.6, "DATUM": null, "COUNTY_NAM": null, "CNTY_FIPS": "009", "STATE_NAME": "WYOMING", "STATE_CODE": null, "MINE_NAME": "HARDY LEASE", "QC_FLAG": null, "ZIPCODE": null, "QAQC": "Y", "MADS": null }, "geometry": { "type": "Point", "coordinates": [ -105.600005416732856, 43.237505385530191 ] } },
{ "type": "Feature", "properties": { "ICF_ID": 20933, "DB_ALIAS": 5, "DBUNIQUE": "0560090375", "LATITUDE": 42.5983, "LONGITUDE": -105.3889, "DATUM": null, "COUNTY_NAM": null, "CNTY_FIPS": "009", "STATE_NAME": "WYOMING", "STATE_CODE": null, "MINE_NAME": "BOX ELDER AREA", "QC_FLAG": null, "ZIPCODE": null, "QAQC": "Y", "MADS": null }, "geometry": { "type": "Point", "coordinates": [ -105.388892150033712, 42.598338464173892 ] } },
{ "type": "Feature", "properties": { "ICF_ID": 20934, "DB_ALIAS": 5, "DBUNIQUE": "0560090376", "LATITUDE": 42.7061, "LONGITUDE": -105.1386, "DATUM": null, "COUNTY_NAM": null, "CNTY_FIPS": "009", "STATE_NAME": "WYOMING", "STATE_CODE": null, "MINE_NAME": "CACTUS  4 CLAIM", "QC_FLAG": null, "ZIPCODE": null, "QAQC": "Y", "MADS": null }, "geometry": { "type": "Point", "coordinates": [ -105.138614233135399, 42.70611689453915 ] } },
{ "type": "Feature", "properties": { "ICF_ID": 20935, "DB_ALIAS": 5, "DBUNIQUE": "0560090377", "LATITUDE": 43.0647, "LONGITUDE": -105.36, "DATUM": null, "COUNTY_NAM": null, "CNTY_FIPS": "009", "STATE_NAME": "WYOMING", "STATE_CODE": null, "MINE_NAME": "EXXON MILL", "QC_FLAG": null, "ZIPCODE": null, "QAQC": "Y", "MADS": null }, "geometry": { "type": "Point", "coordinates": [ -105.360004491470974, 43.064727689668082 ] } },
{ "type": "Feature", "properties": { "ICF_ID": 20937, "DB_ALIAS": 5, "DBUNIQUE": "0560090379", "LATITUDE": 42.7739, "LONGITUDE": -105.0983, "DATUM": null, "COUNTY_NAM": null, "CNTY_FIPS": "009", "STATE_NAME": "WYOMING", "STATE_CODE": null, "MINE_NAME": "HENRY REESE FEE LAND", "QC_FLAG": null, "ZIPCODE": null, "QAQC": "Y", "MADS": null }, "geometry": { "type": "Point", "coordinates": [ -105.098336386732157, 42.773895005634294 ] } },
{ "type": "Feature", "properties": { "ICF_ID": 20938, "DB_ALIAS": 5, "DBUNIQUE": "0560090380", "LATITUDE": 42.3825, "LONGITUDE": -105.3711, "DATUM": null, "COUNTY_NAM": null, "CNTY_FIPS": "009", "STATE_NAME": "WYOMING", "STATE_CODE": null, "MINE_NAME": "HORSESHOE CREEK", "QC_FLAG": null, "ZIPCODE": null, "QAQC": null, "MADS": null }, "geometry": { "type": "Point", "coordinates": [ -105.371113621807552, 42.38250525900277 ] } },
{ "type": "Feature", "properties": { "ICF_ID": 20939, "DB_ALIAS": 5, "DBUNIQUE": "0560090381", "LATITUDE": 42.7739, "LONGITUDE": -105.0983, "DATUM": null, "COUNTY_NAM": null, "CNTY_FIPS": "009", "STATE_NAME": "WYOMING", "STATE_CODE": null, "MINE_NAME": "LOST SPRINGS", "QC_FLAG": null, "ZIPCODE": null, "QAQC": "Y", "MADS": null }, "geometry": { "type": "Point", "coordinates": [ -105.098336386732157, 42.773895005634294 ] } },
{ "type": "Feature", "properties": { "ICF_ID": 20940, "DB_ALIAS": 5, "DBUNIQUE": "0560090382", "LATITUDE": 42.7064, "LONGITUDE": -105.1178, "DATUM": null, "COUNTY_NAM": null, "CNTY_FIPS": "009", "STATE_NAME": "WYOMING", "STATE_CODE": null, "MINE_NAME": "MICKEY  1", "QC_FLAG": null, "ZIPCODE": null, "QAQC": "Y", "MADS": null }, "geometry": { "type": "Point", "coordinates": [ -105.117781228543109, 42.706394920654226 ] } },
{ "type": "Feature", "properties": { "ICF_ID": 20941, "DB_ALIAS": 5, "DBUNIQUE": "0560090383", "LATITUDE": 42.7447, "LONGITUDE": -105.2178, "DATUM": null, "COUNTY_NAM": null, "CNTY_FIPS": "009", "STATE_NAME": "WYOMING", "STATE_CODE": null, "MINE_NAME": "SAND CREEK", "QC_FLAG": null, "ZIPCODE": null, "QAQC": "Y", "MADS": null }, "geometry": { "type": "Point", "coordinates": [ -105.217781343461226, 42.744727836630929 ] } },
{ "type": "Feature", "properties": { "ICF_ID": 20942, "DB_ALIAS": 5, "DBUNIQUE": "0560090384", "LATITUDE": 42.6983, "LONGITUDE": -105.1631, "DATUM": null, "COUNTY_NAM": null, "CNTY_FIPS": "009", "STATE_NAME": "WYOMING", "STATE_CODE": null, "MINE_NAME": "SHAWNEE CREEK AREA", "QC_FLAG": null, "ZIPCODE": null, "QAQC": "Y", "MADS": null }, "geometry": { "type": "Point", "coordinates": [ -105.163059221597479, 42.698338855982705 ] } },
{ "type": "Feature", "properties": { "ICF_ID": 20945, "DB_ALIAS": 5, "DBUNIQUE": "0560090388", "LATITUDE": 43.0844, "LONGITUDE": -105.4928, "DATUM": null, "COUNTY_NAM": null, "CNTY_FIPS": "009", "STATE_NAME": "WYOMING", "STATE_CODE": null, "MINE_NAME": "G0LDEN EAGLE MINE", "QC_FLAG": null, "ZIPCODE": null, "QAQC": "Y", "MADS": null }, "geometry": { "type": "Point", "coordinates": [ -105.492782717316558, 43.084449496657761 ] } },
{ "type": "Feature", "properties": { "ICF_ID": 20946, "DB_ALIAS": 5, "DBUNIQUE": "0560090389", "LATITUDE": 43.35, "LONGITUDE": -105.4997, "DATUM": null, "COUNTY_NAM": null, "CNTY_FIPS": "009", "STATE_NAME": "WYOMING", "STATE_CODE": null, "MINE_NAME": "OPEN PIT SECTION (28-33) (3-10)", "QC_FLAG": null, "ZIPCODE": null, "QAQC": "Y", "MADS": null }, "geometry": { "type": "Point", "coordinates": [ -105.499727704876619, 43.350005421657279 ] } },
{ "type": "Feature", "properties": { "ICF_ID": 20949, "DB_ALIAS": 5, "DBUNIQUE": "0560110083", "LATITUDE": 44.8, "LONGITUDE": -104.7667, "DATUM": null, "COUNTY_NAM": null, "CNTY_FIPS": "011", "STATE_NAME": "WYOMING", "STATE_CODE": null, "MINE_NAME": "ACKERMAN", "QC_FLAG": null, "ZIPCODE": null, "QAQC": "Y", "MADS": null }, "geometry": { "type": "Point", "coordinates": [ -104.766670528535371, 44.800003631876557 ] } },
{ "type": "Feature", "properties": { "ICF_ID": 20950, "DB_ALIAS": 5, "DBUNIQUE": "0560110084", "LATITUDE": 44.6839, "LONGITUDE": -104.1167, "DATUM": null, "COUNTY_NAM": null, "CNTY_FIPS": "011", "STATE_NAME": "WYOMING", "STATE_CODE": null, "MINE_NAME": "BLACK VEIN 7", "QC_FLAG": null, "ZIPCODE": null, "QAQC": "Y", "MADS": null }, "geometry": { "type": "Point", "coordinates": [ -104.116669185527385, 44.683891769033906 ] } },
{ "type": "Feature", "properties": { "ICF_ID": 20951, "DB_ALIAS": 5, "DBUNIQUE": "0560110085", "LATITUDE": 44.8117, "LONGITUDE": -104.7508, "DATUM": null, "COUNTY_NAM": null, "CNTY_FIPS": "011", "STATE_NAME": "WYOMING", "STATE_CODE": null, "MINE_NAME": "BUSFIELD", "QC_FLAG": null, "ZIPCODE": null, "QAQC": "Y", "MADS": null }, "geometry": { "type": "Point", "coordinates": [ -104.750836412155564, 44.811670588588427 ] } },
{ "type": "Feature", "properties": { "ICF_ID": 20952, "DB_ALIAS": 5, "DBUNIQUE": "0560110087", "LATITUDE": 44.5067, "LONGITUDE": -104.8889, "DATUM": null, "COUNTY_NAM": null, "CNTY_FIPS": "011", "STATE_NAME": "WYOMING", "STATE_CODE": null, "MINE_NAME": "CABIN CREEK 4 AND 7", "QC_FLAG": null, "ZIPCODE": null, "QAQC": "Y", "MADS": null }, "geometry": { "type": "Point", "coordinates": [ -104.888894079596682, 44.506670317827478 ] } },
{ "type": "Feature", "properties": { "ICF_ID": 20953, "DB_ALIAS": 5, "DBUNIQUE": "0560110089", "LATITUDE": 44.5492, "LONGITUDE": -104.7458, "DATUM": null, "COUNTY_NAM": null, "CNTY_FIPS": "011", "STATE_NAME": "WYOMING", "STATE_CODE": null, "MINE_NAME": "CAMPSTOOL 9 AND 11", "QC_FLAG": null, "ZIPCODE": null, "QAQC": "Y", "MADS": null }, "geometry": { "type": "Point", "coordinates": [ -104.745837112375284, 44.549170090804616 ] } },
{ "type": "Feature", "properties": { "ICF_ID": 20954, "DB_ALIAS": 5, "DBUNIQUE": "0560110090", "LATITUDE": 44.4644, "LONGITUDE": -104.7525, "DATUM": null, "COUNTY_NAM": null, "CNTY_FIPS": "011", "STATE_NAME": "WYOMING", "STATE_CODE": null, "MINE_NAME": "CARLILE MINE", "QC_FLAG": null, "ZIPCODE": null, "QAQC": "Y", "MADS": null }, "geometry": { "type": "Point", "coordinates": [ -104.752504265804134, 44.464446872357797 ] } },
{ "type": "Feature", "properties": { "ICF_ID": 20955, "DB_ALIAS": 5, "DBUNIQUE": "0560110091", "LATITUDE": 44.4525, "LONGITUDE": -104.8711, "DATUM": null, "COUNTY_NAM": null, "CNTY_FIPS": "011", "STATE_NAME": "WYOMING", "STATE_CODE": null, "MINE_NAME": "CLAIM #1", "QC_FLAG": null, "ZIPCODE": null, "QAQC": "Y", "MADS": null }, "geometry": { "type": "Point", "coordinates": [ -104.8711160664228, 44.452503125359421 ] } },
{ "type": "Feature", "properties": { "ICF_ID": 20956, "DB_ALIAS": 5, "DBUNIQUE": "0560110092", "LATITUDE": 44.5964, "LONGITUDE": -104.7631, "DATUM": null, "COUNTY_NAM": null, "CNTY_FIPS": "011", "STATE_NAME": "WYOMING", "STATE_CODE": null, "MINE_NAME": "CLAIM #2", "QC_FLAG": null, "ZIPCODE": null, "QAQC": "Y", "MADS": null }, "geometry": { "type": "Point", "coordinates": [ -104.763060040017379, 44.596392239164366 ] } },
{ "type": "Feature", "properties": { "ICF_ID": 20957, "DB_ALIAS": 5, "DBUNIQUE": "0560110093", "LATITUDE": 44.5067, "LONGITUDE": -104.8689, "DATUM": null, "COUNTY_NAM": null, "CNTY_FIPS": "011", "STATE_NAME": "WYOMING", "STATE_CODE": null, "MINE_NAME": "CLAIMS #3 AND #4", "QC_FLAG": null, "ZIPCODE": null, "QAQC": "Y", "MADS": null }, "geometry": { "type": "Point", "coordinates": [ -104.868893963638229, 44.506670271723316 ] } },
{ "type": "Feature", "properties": { "ICF_ID": 20958, "DB_ALIAS": 5, "DBUNIQUE": "0560110094", "LATITUDE": 44.5194, "LONGITUDE": -104.8878, "DATUM": null, "COUNTY_NAM": null, "CNTY_FIPS": "011", "STATE_NAME": "WYOMING", "STATE_CODE": null, "MINE_NAME": "CLAIMS #5 AND #11", "QC_FLAG": null, "ZIPCODE": null, "QAQC": "Y", "MADS": null }, "geometry": { "type": "Point", "coordinates": [ -104.887783047896946, 44.519447351399528 ] } },
{ "type": "Feature", "properties": { "ICF_ID": 20959, "DB_ALIAS": 5, "DBUNIQUE": "0560110096", "LATITUDE": 44.7736, "LONGITUDE": -104.8111, "DATUM": null, "COUNTY_NAM": null, "CNTY_FIPS": "011", "STATE_NAME": "WYOMING", "STATE_CODE": null, "MINE_NAME": "DENNIS", "QC_FLAG": null, "ZIPCODE": null, "QAQC": "Y", "MADS": null }, "geometry": { "type": "Point", "coordinates": [ -104.811114895082667, 44.7736147615703 ] } },
{ "type": "Feature", "properties": { "ICF_ID": 20960, "DB_ALIAS": 5, "DBUNIQUE": "0560110097", "LATITUDE": 44.4947, "LONGITUDE": -104.4472, "DATUM": null, "COUNTY_NAM": null, "CNTY_FIPS": "011", "STATE_NAME": "WYOMING", "STATE_CODE": null, "MINE_NAME": "CLIMAX 10", "QC_FLAG": null, "ZIPCODE": null, "QAQC": "Y", "MADS": null }, "geometry": { "type": "Point", "coordinates": [ -104.447225629479419, 44.494724466022838 ] } },
{ "type": "Feature", "properties": { "ICF_ID": 20961, "DB_ALIAS": 5, "DBUNIQUE": "0560110098", "LATITUDE": 44.2764, "LONGITUDE": -104.5872, "DATUM": null, "COUNTY_NAM": null, "CNTY_FIPS": "011", "STATE_NAME": "WYOMING", "STATE_CODE": null, "MINE_NAME": "GOSE RANCH PROPERTY", "QC_FLAG": null, "ZIPCODE": null, "QAQC": "Y", "MADS": null }, "geometry": { "type": "Point", "coordinates": [ -104.587224291628345, 44.276390941164372 ] } },
{ "type": "Feature", "properties": { "ICF_ID": 20962, "DB_ALIAS": 5, "DBUNIQUE": "0560110099", "LATITUDE": 44.6711, "LONGITUDE": -104.8742, "DATUM": null, "COUNTY_NAM": null, "CNTY_FIPS": "011", "STATE_NAME": "WYOMING", "STATE_CODE": null, "MINE_NAME": "GRAVES 1", "QC_FLAG": null, "ZIPCODE": null, "QAQC": "Y", "MADS": null }, "geometry": { "type": "Point", "coordinates": [ -104.874171642627829, 44.671114740469534 ] } },
{ "type": "Feature", "properties": { "ICF_ID": 20963, "DB_ALIAS": 5, "DBUNIQUE": "0560110100", "LATITUDE": 44.4597, "LONGITUDE": -104.7597, "DATUM": null, "COUNTY_NAM": null, "CNTY_FIPS": "011", "STATE_NAME": "WYOMING", "STATE_CODE": null, "MINE_NAME": "GRIFFITH", "QC_FLAG": null, "ZIPCODE": null, "QAQC": "Y", "MADS": null }, "geometry": { "type": "Point", "coordinates": [ -104.759726308006179, 44.459724874574192 ] } },
{ "type": "Feature", "properties": { "ICF_ID": 20964, "DB_ALIAS": 5, "DBUNIQUE": "0560110101", "LATITUDE": 44.7794, "LONGITUDE": -104.8194, "DATUM": null, "COUNTY_NAM": null, "CNTY_FIPS": "011", "STATE_NAME": "WYOMING", "STATE_CODE": null, "MINE_NAME": "HAUBER", "QC_FLAG": null, "ZIPCODE": null, "QAQC": "Y", "MADS": null }, "geometry": { "type": "Point", "coordinates": [ -104.819447953666156, 44.779447788961164 ] } },
{ "type": "Feature", "properties": { "ICF_ID": 20965, "DB_ALIAS": 5, "DBUNIQUE": "0560110102", "LATITUDE": 44.6664, "LONGITUDE": -104.0831, "DATUM": null, "COUNTY_NAM": null, "CNTY_FIPS": "011", "STATE_NAME": "WYOMING", "STATE_CODE": null, "MINE_NAME": "HELMER RANCH", "QC_FLAG": null, "ZIPCODE": null, "QAQC": "Y", "MADS": null }, "geometry": { "type": "Point", "coordinates": [ -104.083058089723067, 44.666391721445159 ] } },
{ "type": "Feature", "properties": { "ICF_ID": 20966, "DB_ALIAS": 5, "DBUNIQUE": "0560110103", "LATITUDE": 44.7167, "LONGITUDE": -104.7117, "DATUM": null, "COUNTY_NAM": null, "CNTY_FIPS": "011", "STATE_NAME": "WYOMING", "STATE_CODE": null, "MINE_NAME": "HOLMES LEASE", "QC_FLAG": null, "ZIPCODE": null, "QAQC": "Y", "MADS": null }, "geometry": { "type": "Point", "coordinates": [ -104.711670496638121, 44.71667044304678 ] } },
{ "type": "Feature", "properties": { "ICF_ID": 20967, "DB_ALIAS": 5, "DBUNIQUE": "0560110104", "LATITUDE": 44.4764, "LONGITUDE": -104.4225, "DATUM": null, "COUNTY_NAM": null, "CNTY_FIPS": "011", "STATE_NAME": "WYOMING", "STATE_CODE": null, "MINE_NAME": "HOMES FIRE LODE 43", "QC_FLAG": null, "ZIPCODE": null, "QAQC": "Y", "MADS": null }, "geometry": { "type": "Point", "coordinates": [ -104.422503480542773, 44.476391310526438 ] } },
{ "type": "Feature", "properties": { "ICF_ID": 20968, "DB_ALIAS": 5, "DBUNIQUE": "0560110106", "LATITUDE": 44.4583, "LONGITUDE": -104.7472, "DATUM": null, "COUNTY_NAM": null, "CNTY_FIPS": "011", "STATE_NAME": "WYOMING", "STATE_CODE": null, "MINE_NAME": "HOMESTAKE LODE 1", "QC_FLAG": null, "ZIPCODE": null, "QAQC": "Y", "MADS": null }, "geometry": { "type": "Point", "coordinates": [ -104.747226229849389, 44.458335842638292 ] } },
{ "type": "Feature", "properties": { "ICF_ID": 20969, "DB_ALIAS": 5, "DBUNIQUE": "0560110107", "LATITUDE": 44.4819, "LONGITUDE": -104.4481, "DATUM": null, "COUNTY_NAM": null, "CNTY_FIPS": "011", "STATE_NAME": "WYOMING", "STATE_CODE": null, "MINE_NAME": "INUM 1 CLAIM", "QC_FLAG": null, "ZIPCODE": null, "QAQC": "Y", "MADS": null }, "geometry": { "type": "Point", "coordinates": [ -104.448059514447934, 44.481946420868162 ] } },
{ "type": "Feature", "properties": { "ICF_ID": 20970, "DB_ALIAS": 5, "DBUNIQUE": "0560110109", "LATITUDE": 44.6611, "LONGITUDE": -104.7647, "DATUM": null, "COUNTY_NAM": null, "CNTY_FIPS": "011", "STATE_NAME": "WYOMING", "STATE_CODE": null, "MINE_NAME": "JUBILEE", "QC_FLAG": null, "ZIPCODE": null, "QAQC": "Y", "MADS": null }, "geometry": { "type": "Point", "coordinates": [ -104.764725829097756, 44.661114396479675 ] } },
{ "type": "Feature", "properties": { "ICF_ID": 20971, "DB_ALIAS": 5, "DBUNIQUE": "0560110110", "LATITUDE": 44.4667, "LONGITUDE": -104.7644, "DATUM": null, "COUNTY_NAM": null, "CNTY_FIPS": "011", "STATE_NAME": "WYOMING", "STATE_CODE": null, "MINE_NAME": "LAYMON LEASE", "QC_FLAG": null, "ZIPCODE": null, "QAQC": "Y", "MADS": null }, "geometry": { "type": "Point", "coordinates": [ -104.764448346797295, 44.46666990833171 ] } },
{ "type": "Feature", "properties": { "ICF_ID": 20972, "DB_ALIAS": 5, "DBUNIQUE": "0560110112", "LATITUDE": 44.7517, "LONGITUDE": -104.6428, "DATUM": null, "COUNTY_NAM": null, "CNTY_FIPS": "011", "STATE_NAME": "WYOMING", "STATE_CODE": null, "MINE_NAME": "LOCALITY #17", "QC_FLAG": null, "ZIPCODE": null, "QAQC": "Y", "MADS": null }, "geometry": { "type": "Point", "coordinates": [ -104.642781372416891, 44.751670452552155 ] } },
{ "type": "Feature", "properties": { "ICF_ID": 20973, "DB_ALIAS": 5, "DBUNIQUE": "0560110113", "LATITUDE": 44.4819, "LONGITUDE": -104.4481, "DATUM": null, "COUNTY_NAM": null, "CNTY_FIPS": "011", "STATE_NAME": "WYOMING", "STATE_CODE": null, "MINE_NAME": "LYTLE 3 CLAIM", "QC_FLAG": null, "ZIPCODE": null, "QAQC": "Y", "MADS": null }, "geometry": { "type": "Point", "coordinates": [ -104.448059514447934, 44.481946420868162 ] } },
{ "type": "Feature", "properties": { "ICF_ID": 20974, "DB_ALIAS": 5, "DBUNIQUE": "0560110114", "LATITUDE": 44.4828, "LONGITUDE": -104.45, "DATUM": null, "COUNTY_NAM": null, "CNTY_FIPS": "011", "STATE_NAME": "WYOMING", "STATE_CODE": null, "MINE_NAME": "LYTLE 5 CLAIM", "QC_FLAG": null, "ZIPCODE": null, "QAQC": "Y", "MADS": null }, "geometry": { "type": "Point", "coordinates": [ -104.450003521027512, 44.482780430876595 ] } },
{ "type": "Feature", "properties": { "ICF_ID": 20975, "DB_ALIAS": 5, "DBUNIQUE": "0560110115", "LATITUDE": 44.4714, "LONGITUDE": -104.7639, "DATUM": null, "COUNTY_NAM": null, "CNTY_FIPS": "011", "STATE_NAME": "WYOMING", "STATE_CODE": null, "MINE_NAME": "MANKE LEASE", "QC_FLAG": null, "ZIPCODE": null, "QAQC": "Y", "MADS": null }, "geometry": { "type": "Point", "coordinates": [ -104.763893348079534, 44.471391922146751 ] } },
{ "type": "Feature", "properties": { "ICF_ID": 20976, "DB_ALIAS": 5, "DBUNIQUE": "0560110116", "LATITUDE": 44.3011, "LONGITUDE": -104.4828, "DATUM": null, "COUNTY_NAM": null, "CNTY_FIPS": "011", "STATE_NAME": "WYOMING", "STATE_CODE": null, "MINE_NAME": "MELANI 2 CLAIM (?)", "QC_FLAG": null, "ZIPCODE": null, "QAQC": "Y", "MADS": null }, "geometry": { "type": "Point", "coordinates": [ -104.482779719186126, 44.301112829310966 ] } },
{ "type": "Feature", "properties": { "ICF_ID": 20977, "DB_ALIAS": 5, "DBUNIQUE": "0560110117", "LATITUDE": 44.4872, "LONGITUDE": -104.4183, "DATUM": null, "COUNTY_NAM": null, "CNTY_FIPS": "011", "STATE_NAME": "WYOMING", "STATE_CODE": null, "MINE_NAME": "OLDMAN MINING CO PROP", "QC_FLAG": null, "ZIPCODE": null, "QAQC": "Y", "MADS": null }, "geometry": { "type": "Point", "coordinates": [ -104.418336572735456, 44.487224335099015 ] } },
{ "type": "Feature", "properties": { "ICF_ID": 20978, "DB_ALIAS": 5, "DBUNIQUE": "0560110118", "LATITUDE": 44.4783, "LONGITUDE": -104.6653, "DATUM": null, "COUNTY_NAM": null, "CNTY_FIPS": "011", "STATE_NAME": "WYOMING", "STATE_CODE": null, "MINE_NAME": "PAUL MYERS", "QC_FLAG": null, "ZIPCODE": null, "QAQC": "Y", "MADS": null }, "geometry": { "type": "Point", "coordinates": [ -104.665281991740926, 44.478335802459462 ] } },
{ "type": "Feature", "properties": { "ICF_ID": 20979, "DB_ALIAS": 5, "DBUNIQUE": "0560110120", "LATITUDE": 44.4797, "LONGITUDE": -104.4078, "DATUM": null, "COUNTY_NAM": null, "CNTY_FIPS": "011", "STATE_NAME": "WYOMING", "STATE_CODE": null, "MINE_NAME": "POTLUCK 1 & 2", "QC_FLAG": null, "ZIPCODE": null, "QAQC": "Y", "MADS": null }, "geometry": { "type": "Point", "coordinates": [ -104.407781516487518, 44.479724270883992 ] } },
{ "type": "Feature", "properties": { "ICF_ID": 20980, "DB_ALIAS": 5, "DBUNIQUE": "0560110121", "LATITUDE": 44.5347, "LONGITUDE": -104.7697, "DATUM": null, "COUNTY_NAM": null, "CNTY_FIPS": "011", "STATE_NAME": "WYOMING", "STATE_CODE": null, "MINE_NAME": "RED ROCK 2", "QC_FLAG": null, "ZIPCODE": null, "QAQC": "Y", "MADS": null }, "geometry": { "type": "Point", "coordinates": [ -104.769726293956253, 44.534725109934925 ] } },
{ "type": "Feature", "properties": { "ICF_ID": 20981, "DB_ALIAS": 5, "DBUNIQUE": "0560110122", "LATITUDE": 44.7433, "LONGITUDE": -104.6703, "DATUM": null, "COUNTY_NAM": null, "CNTY_FIPS": "011", "STATE_NAME": "WYOMING", "STATE_CODE": null, "MINE_NAME": "SADDLE GROUP", "QC_FLAG": null, "ZIPCODE": null, "QAQC": "Y", "MADS": null }, "geometry": { "type": "Point", "coordinates": [ -104.670281398708653, 44.743336464375659 ] } },
{ "type": "Feature", "properties": { "ICF_ID": 20982, "DB_ALIAS": 5, "DBUNIQUE": "0560110123", "LATITUDE": 44.5067, "LONGITUDE": -104.8689, "DATUM": null, "COUNTY_NAM": null, "CNTY_FIPS": "011", "STATE_NAME": "WYOMING", "STATE_CODE": null, "MINE_NAME": "SAND LODE 4", "QC_FLAG": null, "ZIPCODE": null, "QAQC": "Y", "MADS": null }, "geometry": { "type": "Point", "coordinates": [ -104.868893963638229, 44.506670271723316 ] } },
{ "type": "Feature", "properties": { "ICF_ID": 20983, "DB_ALIAS": 5, "DBUNIQUE": "0560110124", "LATITUDE": 44.6664, "LONGITUDE": -104.0831, "DATUM": null, "COUNTY_NAM": null, "CNTY_FIPS": "011", "STATE_NAME": "WYOMING", "STATE_CODE": null, "MINE_NAME": "A.A. SISSON", "QC_FLAG": null, "ZIPCODE": null, "QAQC": "Y", "MADS": null }, "geometry": { "type": "Point", "coordinates": [ -104.083058089723067, 44.666391721445159 ] } },
{ "type": "Feature", "properties": { "ICF_ID": 20984, "DB_ALIAS": 5, "DBUNIQUE": "0560110125", "LATITUDE": 44.6669, "LONGITUDE": -104.075, "DATUM": null, "COUNTY_NAM": null, "CNTY_FIPS": "011", "STATE_NAME": "WYOMING", "STATE_CODE": null, "MINE_NAME": "STATE LEASE 0-22090", "QC_FLAG": null, "ZIPCODE": null, "QAQC": "Y", "MADS": null }, "geometry": { "type": "Point", "coordinates": [ -104.075002054663884, 44.666946732784133 ] } },
{ "type": "Feature", "properties": { "ICF_ID": 20985, "DB_ALIAS": 5, "DBUNIQUE": "0560110126", "LATITUDE": 44.7814, "LONGITUDE": -104.8236, "DATUM": null, "COUNTY_NAM": null, "CNTY_FIPS": "011", "STATE_NAME": "WYOMING", "STATE_CODE": null, "MINE_NAME": "STORM", "QC_FLAG": null, "ZIPCODE": null, "QAQC": "Y", "MADS": null }, "geometry": { "type": "Point", "coordinates": [ -104.823614983658416, 44.781392802350929 ] } },
{ "type": "Feature", "properties": { "ICF_ID": 20986, "DB_ALIAS": 5, "DBUNIQUE": "0560110128", "LATITUDE": 44.4736, "LONGITUDE": -104.6972, "DATUM": null, "COUNTY_NAM": null, "CNTY_FIPS": "011", "STATE_NAME": "WYOMING", "STATE_CODE": null, "MINE_NAME": "TONY 1", "QC_FLAG": null, "ZIPCODE": null, "QAQC": "Y", "MADS": null }, "geometry": { "type": "Point", "coordinates": [ -104.697226080730218, 44.473613827442385 ] } },
{ "type": "Feature", "properties": { "ICF_ID": 20987, "DB_ALIAS": 5, "DBUNIQUE": "0560110129", "LATITUDE": 44.4928, "LONGITUDE": -104.4128, "DATUM": null, "COUNTY_NAM": null, "CNTY_FIPS": "011", "STATE_NAME": "WYOMING", "STATE_CODE": null, "MINE_NAME": "SUNRISE LODE", "QC_FLAG": null, "ZIPCODE": null, "QAQC": "Y", "MADS": null }, "geometry": { "type": "Point", "coordinates": [ -104.412781619954018, 44.492780335271668 ] } },
{ "type": "Feature", "properties": { "ICF_ID": 20988, "DB_ALIAS": 5, "DBUNIQUE": "0560110130", "LATITUDE": 44.4669, "LONGITUDE": -104.7578, "DATUM": null, "COUNTY_NAM": null, "CNTY_FIPS": "011", "STATE_NAME": "WYOMING", "STATE_CODE": null, "MINE_NAME": "THORN", "QC_FLAG": null, "ZIPCODE": null, "QAQC": "Y", "MADS": null }, "geometry": { "type": "Point", "coordinates": [ -104.757782303560276, 44.466946893184137 ] } },
{ "type": "Feature", "properties": { "ICF_ID": 20989, "DB_ALIAS": 5, "DBUNIQUE": "0560110131", "LATITUDE": 44.6622, "LONGITUDE": -104.7603, "DATUM": null, "COUNTY_NAM": null, "CNTY_FIPS": "011", "STATE_NAME": "WYOMING", "STATE_CODE": null, "MINE_NAME": "UNKNOWN", "QC_FLAG": null, "ZIPCODE": null, "QAQC": "Y", "MADS": null }, "geometry": { "type": "Point", "coordinates": [ -104.760281791320921, 44.662225386245545 ] } },
{ "type": "Feature", "properties": { "ICF_ID": 20990, "DB_ALIAS": 5, "DBUNIQUE": "0560110132", "LATITUDE": 44.6611, "LONGITUDE": -104.7569, "DATUM": null, "COUNTY_NAM": null, "CNTY_FIPS": "011", "STATE_NAME": "WYOMING", "STATE_CODE": null, "MINE_NAME": "UNKNOWN", "QC_FLAG": null, "ZIPCODE": null, "QAQC": "Y", "MADS": null }, "geometry": { "type": "Point", "coordinates": [ -104.756947769762519, 44.661114374006331 ] } },
{ "type": "Feature", "properties": { "ICF_ID": 20991, "DB_ALIAS": 5, "DBUNIQUE": "0560110133", "LATITUDE": 44.7764, "LONGITUDE": -104.8242, "DATUM": null, "COUNTY_NAM": null, "CNTY_FIPS": "011", "STATE_NAME": "WYOMING", "STATE_CODE": null, "MINE_NAME": "UNKNOWN", "QC_FLAG": null, "ZIPCODE": null, "QAQC": "Y", "MADS": null }, "geometry": { "type": "Point", "coordinates": [ -104.82417099630625, 44.77639280315195 ] } },
{ "type": "Feature", "properties": { "ICF_ID": 20992, "DB_ALIAS": 5, "DBUNIQUE": "0560110134", "LATITUDE": 44.7625, "LONGITUDE": -104.8825, "DATUM": null, "COUNTY_NAM": null, "CNTY_FIPS": "011", "STATE_NAME": "WYOMING", "STATE_CODE": null, "MINE_NAME": "UNKNOWN", "QC_FLAG": null, "ZIPCODE": null, "QAQC": "Y", "MADS": null }, "geometry": { "type": "Point", "coordinates": [ -104.882504507821366, 44.762503986233668 ] } },
{ "type": "Feature", "properties": { "ICF_ID": 20993, "DB_ALIAS": 5, "DBUNIQUE": "0560110135", "LATITUDE": 44.6597, "LONGITUDE": -104.7653, "DATUM": null, "COUNTY_NAM": null, "CNTY_FIPS": "011", "STATE_NAME": "WYOMING", "STATE_CODE": null, "MINE_NAME": "UNKNOWN", "QC_FLAG": null, "ZIPCODE": null, "QAQC": "Y", "MADS": null }, "geometry": { "type": "Point", "coordinates": [ -104.76528183810197, 44.659725394801647 ] } },
{ "type": "Feature", "properties": { "ICF_ID": 20994, "DB_ALIAS": 5, "DBUNIQUE": "0560110136", "LATITUDE": 44.6664, "LONGITUDE": -104.0831, "DATUM": null, "COUNTY_NAM": null, "CNTY_FIPS": "011", "STATE_NAME": "WYOMING", "STATE_CODE": null, "MINE_NAME": "UNKNOWN", "QC_FLAG": null, "ZIPCODE": null, "QAQC": "Y", "MADS": null }, "geometry": { "type": "Point", "coordinates": [ -104.083058089723067, 44.666391721445159 ] } },
{ "type": "Feature", "properties": { "ICF_ID": 20995, "DB_ALIAS": 5, "DBUNIQUE": "0560110137", "LATITUDE": 44.7847, "LONGITUDE": -104.7153, "DATUM": null, "COUNTY_NAM": null, "CNTY_FIPS": "011", "STATE_NAME": "WYOMING", "STATE_CODE": null, "MINE_NAME": "UNKNOWN", "QC_FLAG": null, "ZIPCODE": null, "QAQC": "Y", "MADS": null }, "geometry": { "type": "Point", "coordinates": [ -104.715281382935487, 44.784725531395779 ] } },
{ "type": "Feature", "properties": { "ICF_ID": 20996, "DB_ALIAS": 5, "DBUNIQUE": "0560110138", "LATITUDE": 44.8317, "LONGITUDE": -104.6122, "DATUM": null, "COUNTY_NAM": null, "CNTY_FIPS": "011", "STATE_NAME": "WYOMING", "STATE_CODE": null, "MINE_NAME": "UNKNOWN", "QC_FLAG": null, "ZIPCODE": null, "QAQC": "Y", "MADS": null }, "geometry": { "type": "Point", "coordinates": [ -104.612225272774452, 44.831670378951912 ] } },
{ "type": "Feature", "properties": { "ICF_ID": 20997, "DB_ALIAS": 5, "DBUNIQUE": "0560110139", "LATITUDE": 44.7997, "LONGITUDE": -104.6492, "DATUM": null, "COUNTY_NAM": null, "CNTY_FIPS": "011", "STATE_NAME": "WYOMING", "STATE_CODE": null, "MINE_NAME": "UNKNOWN", "QC_FLAG": null, "ZIPCODE": null, "QAQC": "Y", "MADS": null }, "geometry": { "type": "Point", "coordinates": [ -104.649170335153642, 44.799725445668422 ] } },
{ "type": "Feature", "properties": { "ICF_ID": 20998, "DB_ALIAS": 5, "DBUNIQUE": "0560110140", "LATITUDE": 44.7933, "LONGITUDE": -104.6117, "DATUM": null, "COUNTY_NAM": null, "CNTY_FIPS": "011", "STATE_NAME": "WYOMING", "STATE_CODE": null, "MINE_NAME": "UNKNOWN", "QC_FLAG": null, "ZIPCODE": null, "QAQC": "Y", "MADS": null }, "geometry": { "type": "Point", "coordinates": [ -104.611670316929832, 44.793336398864753 ] } },
{ "type": "Feature", "properties": { "ICF_ID": 20999, "DB_ALIAS": 5, "DBUNIQUE": "0560110141", "LATITUDE": 44.6075, "LONGITUDE": -104.8289, "DATUM": null, "COUNTY_NAM": null, "CNTY_FIPS": "011", "STATE_NAME": "WYOMING", "STATE_CODE": null, "MINE_NAME": "UNKNOWN", "QC_FLAG": null, "ZIPCODE": null, "QAQC": "Y", "MADS": null }, "geometry": { "type": "Point", "coordinates": [ -104.82889346200507, 44.607503442210387 ] } },
{ "type": "Feature", "properties": { "ICF_ID": 21000, "DB_ALIAS": 5, "DBUNIQUE": "0560110142", "LATITUDE": 44.6675, "LONGITUDE": -104.7972, "DATUM": null, "COUNTY_NAM": null, "CNTY_FIPS": "011", "STATE_NAME": "WYOMING", "STATE_CODE": null, "MINE_NAME": "UNKNOWN", "QC_FLAG": null, "ZIPCODE": null, "QAQC": "Y", "MADS": null }, "geometry": { "type": "Point", "coordinates": [ -104.797226057539206, 44.667503506263266 ] } },
{ "type": "Feature", "properties": { "ICF_ID": 21001, "DB_ALIAS": 5, "DBUNIQUE": "0560110143", "LATITUDE": 44.6569, "LONGITUDE": -104.7658, "DATUM": null, "COUNTY_NAM": null, "CNTY_FIPS": "011", "STATE_NAME": "WYOMING", "STATE_CODE": null, "MINE_NAME": "UNKNOWN", "QC_FLAG": null, "ZIPCODE": null, "QAQC": "Y", "MADS": null }, "geometry": { "type": "Point", "coordinates": [ -104.765836851833882, 44.656947389827472 ] } },
{ "type": "Feature", "properties": { "ICF_ID": 21002, "DB_ALIAS": 5, "DBUNIQUE": "0560110144", "LATITUDE": 44.6472, "LONGITUDE": -104.7458, "DATUM": null, "COUNTY_NAM": null, "CNTY_FIPS": "011", "STATE_NAME": "WYOMING", "STATE_CODE": null, "MINE_NAME": "UNKNOWN", "QC_FLAG": null, "ZIPCODE": null, "QAQC": "Y", "MADS": null }, "geometry": { "type": "Point", "coordinates": [ -104.74583676214516, 44.647225317386741 ] } },
{ "type": "Feature", "properties": { "ICF_ID": 21003, "DB_ALIAS": 5, "DBUNIQUE": "0560110145", "LATITUDE": 44.7339, "LONGITUDE": -104.8206, "DATUM": null, "COUNTY_NAM": null, "CNTY_FIPS": "011", "STATE_NAME": "WYOMING", "STATE_CODE": null, "MINE_NAME": "UNKNOWN", "QC_FLAG": null, "ZIPCODE": null, "QAQC": "Y", "MADS": null }, "geometry": { "type": "Point", "coordinates": [ -104.820560053171846, 44.733892745114858 ] } },
{ "type": "Feature", "properties": { "ICF_ID": 21004, "DB_ALIAS": 5, "DBUNIQUE": "0560110146", "LATITUDE": 44.7986, "LONGITUDE": -104.7542, "DATUM": null, "COUNTY_NAM": null, "CNTY_FIPS": "011", "STATE_NAME": "WYOMING", "STATE_CODE": null, "MINE_NAME": "UNKNOWN", "QC_FLAG": null, "ZIPCODE": null, "QAQC": "Y", "MADS": null }, "geometry": { "type": "Point", "coordinates": [ -104.754170435223287, 44.798614593094818 ] } },
{ "type": "Feature", "properties": { "ICF_ID": 21005, "DB_ALIAS": 5, "DBUNIQUE": "0560110147", "LATITUDE": 44.7658, "LONGITUDE": -104.7089, "DATUM": null, "COUNTY_NAM": null, "CNTY_FIPS": "011", "STATE_NAME": "WYOMING", "STATE_CODE": null, "MINE_NAME": "UNKNOWN", "QC_FLAG": null, "ZIPCODE": null, "QAQC": "Y", "MADS": null }, "geometry": { "type": "Point", "coordinates": [ -104.708892383818494, 44.765836520725529 ] } },
{ "type": "Feature", "properties": { "ICF_ID": 21006, "DB_ALIAS": 5, "DBUNIQUE": "0560110148", "LATITUDE": 44.8431, "LONGITUDE": -104.6506, "DATUM": null, "COUNTY_NAM": null, "CNTY_FIPS": "011", "STATE_NAME": "WYOMING", "STATE_CODE": null, "MINE_NAME": "UNKNOWN", "QC_FLAG": null, "ZIPCODE": null, "QAQC": "Y", "MADS": null }, "geometry": { "type": "Point", "coordinates": [ -104.650559301805274, 44.843059435990781 ] } },
{ "type": "Feature", "properties": { "ICF_ID": 21007, "DB_ALIAS": 5, "DBUNIQUE": "0560110149", "LATITUDE": 44.8458, "LONGITUDE": -104.6467, "DATUM": null, "COUNTY_NAM": null, "CNTY_FIPS": "011", "STATE_NAME": "WYOMING", "STATE_CODE": null, "MINE_NAME": "UNKNOWN", "QC_FLAG": null, "ZIPCODE": null, "QAQC": "Y", "MADS": null }, "geometry": { "type": "Point", "coordinates": [ -104.64667029521668, 44.845836428766226 ] } },
{ "type": "Feature", "properties": { "ICF_ID": 21008, "DB_ALIAS": 5, "DBUNIQUE": "0560110150", "LATITUDE": 44.4733, "LONGITUDE": -104.6958, "DATUM": null, "COUNTY_NAM": null, "CNTY_FIPS": "011", "STATE_NAME": "WYOMING", "STATE_CODE": null, "MINE_NAME": "UNKNOWN", "QC_FLAG": null, "ZIPCODE": null, "QAQC": "Y", "MADS": null }, "geometry": { "type": "Point", "coordinates": [ -104.695837075042135, 44.473335824678948 ] } },
{ "type": "Feature", "properties": { "ICF_ID": 21009, "DB_ALIAS": 5, "DBUNIQUE": "0560110151", "LATITUDE": 44.4161, "LONGITUDE": -104.7844, "DATUM": null, "COUNTY_NAM": null, "CNTY_FIPS": "011", "STATE_NAME": "WYOMING", "STATE_CODE": null, "MINE_NAME": "UNKNOWN", "QC_FLAG": null, "ZIPCODE": null, "QAQC": "Y", "MADS": null }, "geometry": { "type": "Point", "coordinates": [ -104.784448450408547, 44.416113798202659 ] } },
{ "type": "Feature", "properties": { "ICF_ID": 21010, "DB_ALIAS": 5, "DBUNIQUE": "0560110152", "LATITUDE": 44.52, "LONGITUDE": -104.8072, "DATUM": null, "COUNTY_NAM": null, "CNTY_FIPS": "011", "STATE_NAME": "WYOMING", "STATE_CODE": null, "MINE_NAME": "UNKNOWN", "QC_FLAG": null, "ZIPCODE": null, "QAQC": "Y", "MADS": null }, "geometry": { "type": "Point", "coordinates": [ -104.807226567009351, 44.520003163211264 ] } },
{ "type": "Feature", "properties": { "ICF_ID": 21011, "DB_ALIAS": 5, "DBUNIQUE": "0560110153", "LATITUDE": 44.4911, "LONGITUDE": -104.75, "DATUM": null, "COUNTY_NAM": null, "CNTY_FIPS": "011", "STATE_NAME": "WYOMING", "STATE_CODE": null, "MINE_NAME": "UNKNOWN", "QC_FLAG": null, "ZIPCODE": null, "QAQC": "Y", "MADS": null }, "geometry": { "type": "Point", "coordinates": [ -104.750004286129879, 44.491113953289677 ] } },
{ "type": "Feature", "properties": { "ICF_ID": 21012, "DB_ALIAS": 5, "DBUNIQUE": "0560110154", "LATITUDE": 44.46, "LONGITUDE": -104.7508, "DATUM": null, "COUNTY_NAM": null, "CNTY_FIPS": "011", "STATE_NAME": "WYOMING", "STATE_CODE": null, "MINE_NAME": "UNKNOWN", "QC_FLAG": null, "ZIPCODE": null, "QAQC": "Y", "MADS": null }, "geometry": { "type": "Point", "coordinates": [ -104.750837248776335, 44.460002853852586 ] } },
{ "type": "Feature", "properties": { "ICF_ID": 21013, "DB_ALIAS": 5, "DBUNIQUE": "0560110155", "LATITUDE": 44.4597, "LONGITUDE": -104.7528, "DATUM": null, "COUNTY_NAM": null, "CNTY_FIPS": "011", "STATE_NAME": "WYOMING", "STATE_CODE": null, "MINE_NAME": "UNKNOWN", "QC_FLAG": null, "ZIPCODE": null, "QAQC": "Y", "MADS": null }, "geometry": { "type": "Point", "coordinates": [ -104.752782261441155, 44.459724857679099 ] } },
{ "type": "Feature", "properties": { "ICF_ID": 21014, "DB_ALIAS": 5, "DBUNIQUE": "0560110156", "LATITUDE": 44.4533, "LONGITUDE": -104.7428, "DATUM": null, "COUNTY_NAM": null, "CNTY_FIPS": "011", "STATE_NAME": "WYOMING", "STATE_CODE": null, "MINE_NAME": "UNKNOWN", "QC_FLAG": null, "ZIPCODE": null, "QAQC": "Y", "MADS": null }, "geometry": { "type": "Point", "coordinates": [ -104.742782203997209, 44.453335820217688 ] } },
{ "type": "Feature", "properties": { "ICF_ID": 21015, "DB_ALIAS": 5, "DBUNIQUE": "0560110157", "LATITUDE": 44.5781, "LONGITUDE": -104.7486, "DATUM": null, "COUNTY_NAM": null, "CNTY_FIPS": "011", "STATE_NAME": "WYOMING", "STATE_CODE": null, "MINE_NAME": "UNKNOWN", "QC_FLAG": null, "ZIPCODE": null, "QAQC": "Y", "MADS": null }, "geometry": { "type": "Point", "coordinates": [ -104.748615014141009, 44.578059160750158 ] } },
{ "type": "Feature", "properties": { "ICF_ID": 21016, "DB_ALIAS": 5, "DBUNIQUE": "0560110158", "LATITUDE": 44.4525, "LONGITUDE": -104.87, "DATUM": null, "COUNTY_NAM": null, "CNTY_FIPS": "011", "STATE_NAME": "WYOMING", "STATE_CODE": null, "MINE_NAME": "UNKNOWN", "QC_FLAG": null, "ZIPCODE": null, "QAQC": "Y", "MADS": null }, "geometry": { "type": "Point", "coordinates": [ -104.870005058776059, 44.452503122625828 ] } },
{ "type": "Feature", "properties": { "ICF_ID": 21017, "DB_ALIAS": 5, "DBUNIQUE": "0560110159", "LATITUDE": 44.6669, "LONGITUDE": -104.075, "DATUM": null, "COUNTY_NAM": null, "CNTY_FIPS": "011", "STATE_NAME": "WYOMING", "STATE_CODE": null, "MINE_NAME": "UNKNOWN", "QC_FLAG": null, "ZIPCODE": null, "QAQC": "Y", "MADS": null }, "geometry": { "type": "Point", "coordinates": [ -104.075002054663884, 44.666946732784133 ] } },
{ "type": "Feature", "properties": { "ICF_ID": 21018, "DB_ALIAS": 5, "DBUNIQUE": "0560110160", "LATITUDE": 44.7675, "LONGITUDE": -104.7092, "DATUM": null, "COUNTY_NAM": null, "CNTY_FIPS": "011", "STATE_NAME": "WYOMING", "STATE_CODE": null, "MINE_NAME": "A.A.JOHNSON PROPERTY", "QC_FLAG": null, "ZIPCODE": null, "QAQC": "Y", "MADS": null }, "geometry": { "type": "Point", "coordinates": [ -104.709170383540041, 44.767503521280524 ] } },
{ "type": "Feature", "properties": { "ICF_ID": 21019, "DB_ALIAS": 5, "DBUNIQUE": "0560110161", "LATITUDE": 44.6608, "LONGITUDE": -104.0914, "DATUM": null, "COUNTY_NAM": null, "CNTY_FIPS": "011", "STATE_NAME": "WYOMING", "STATE_CODE": null, "MINE_NAME": "C. HELMER PROPERTY", "QC_FLAG": null, "ZIPCODE": null, "QAQC": "Y", "MADS": null }, "geometry": { "type": "Point", "coordinates": [ -104.091391137230005, 44.660835685547795 ] } },
{ "type": "Feature", "properties": { "ICF_ID": 21020, "DB_ALIAS": 5, "DBUNIQUE": "0560110163", "LATITUDE": 44.6458, "LONGITUDE": -104.0858, "DATUM": null, "COUNTY_NAM": null, "CNTY_FIPS": "011", "STATE_NAME": "WYOMING", "STATE_CODE": null, "MINE_NAME": "A. R. NELSON PROPERTY", "QC_FLAG": null, "ZIPCODE": null, "QAQC": "Y", "MADS": null }, "geometry": { "type": "Point", "coordinates": [ -104.085835145419409, 44.645835618240014 ] } },
{ "type": "Feature", "properties": { "ICF_ID": 21021, "DB_ALIAS": 5, "DBUNIQUE": "0560110164", "LATITUDE": 44.835, "LONGITUDE": -104.5964, "DATUM": null, "COUNTY_NAM": null, "CNTY_FIPS": "011", "STATE_NAME": "WYOMING", "STATE_CODE": null, "MINE_NAME": "DAVIDSON PROPERTY", "QC_FLAG": null, "ZIPCODE": null, "QAQC": "Y", "MADS": null }, "geometry": { "type": "Point", "coordinates": [ -104.596392252682989, 44.835003351972496 ] } },
{ "type": "Feature", "properties": { "ICF_ID": 21022, "DB_ALIAS": 5, "DBUNIQUE": "0560110165", "LATITUDE": 44.6886, "LONGITUDE": -104.2028, "DATUM": null, "COUNTY_NAM": null, "CNTY_FIPS": "011", "STATE_NAME": "WYOMING", "STATE_CODE": null, "MINE_NAME": "HOMESTAKE PROPERTY", "QC_FLAG": null, "ZIPCODE": null, "QAQC": "Y", "MADS": null }, "geometry": { "type": "Point", "coordinates": [ -104.202780506206537, 44.688613693081656 ] } },
{ "type": "Feature", "properties": { "ICF_ID": 21023, "DB_ALIAS": 5, "DBUNIQUE": "0560110166", "LATITUDE": 44.7178, "LONGITUDE": -104.2597, "DATUM": null, "COUNTY_NAM": null, "CNTY_FIPS": "011", "STATE_NAME": "WYOMING", "STATE_CODE": null, "MINE_NAME": "J. C. VIERAGUTZ PROPERTY", "QC_FLAG": null, "ZIPCODE": null, "QAQC": "Y", "MADS": null }, "geometry": { "type": "Point", "coordinates": [ -104.259724579434419, 44.717780794664364 ] } },
{ "type": "Feature", "properties": { "ICF_ID": 21024, "DB_ALIAS": 5, "DBUNIQUE": "0560110167", "LATITUDE": 44.3931, "LONGITUDE": -104.1422, "DATUM": null, "COUNTY_NAM": null, "CNTY_FIPS": "011", "STATE_NAME": "WYOMING", "STATE_CODE": null, "MINE_NAME": "JONES, BURY, & MURDOCK PROPERTY #1", "QC_FLAG": null, "ZIPCODE": null, "QAQC": "Y", "MADS": null }, "geometry": { "type": "Point", "coordinates": [ -104.142224717432313, 44.393057712390437 ] } },
{ "type": "Feature", "properties": { "ICF_ID": 21025, "DB_ALIAS": 5, "DBUNIQUE": "0560110168", "LATITUDE": 44.38, "LONGITUDE": -104.1422, "DATUM": null, "COUNTY_NAM": null, "CNTY_FIPS": "011", "STATE_NAME": "WYOMING", "STATE_CODE": null, "MINE_NAME": "JONES, BURY, & MURDOCK PROPERTY #1", "QC_FLAG": null, "ZIPCODE": null, "QAQC": "Y", "MADS": null }, "geometry": { "type": "Point", "coordinates": [ -104.142224702186638, 44.380001692128147 ] } },
{ "type": "Feature", "properties": { "ICF_ID": 21026, "DB_ALIAS": 5, "DBUNIQUE": "0560110169", "LATITUDE": 44.7675, "LONGITUDE": -104.7078, "DATUM": null, "COUNTY_NAM": null, "CNTY_FIPS": "011", "STATE_NAME": "WYOMING", "STATE_CODE": null, "MINE_NAME": "PEARSON BROS. PROPERTY", "QC_FLAG": null, "ZIPCODE": null, "QAQC": "Y", "MADS": null }, "geometry": { "type": "Point", "coordinates": [ -104.707781383020318, 44.767503519736074 ] } },
{ "type": "Feature", "properties": { "ICF_ID": 21027, "DB_ALIAS": 5, "DBUNIQUE": "0560110170", "LATITUDE": 44.6564, "LONGITUDE": -104.1928, "DATUM": null, "COUNTY_NAM": null, "CNTY_FIPS": "011", "STATE_NAME": "WYOMING", "STATE_CODE": null, "MINE_NAME": "RICHARDS & MYERS PROPERTY", "QC_FLAG": null, "ZIPCODE": null, "QAQC": "Y", "MADS": null }, "geometry": { "type": "Point", "coordinates": [ -104.192780590497534, 44.656391558974896 ] } },
{ "type": "Feature", "properties": { "ICF_ID": 21028, "DB_ALIAS": 5, "DBUNIQUE": "0560110180", "LATITUDE": 44.7175, "LONGITUDE": -104.2478, "DATUM": null, "COUNTY_NAM": null, "CNTY_FIPS": "011", "STATE_NAME": "WYOMING", "STATE_CODE": null, "MINE_NAME": "VIERTGUTZ PROPERTY", "QC_FLAG": null, "ZIPCODE": null, "QAQC": "Y", "MADS": null }, "geometry": { "type": "Point", "coordinates": [ -104.247780545103979, 44.717502766763921 ] } },
{ "type": "Feature", "properties": { "ICF_ID": 21029, "DB_ALIAS": 5, "DBUNIQUE": "0560110181", "LATITUDE": 44.4944, "LONGITUDE": -104.4444, "DATUM": null, "COUNTY_NAM": null, "CNTY_FIPS": "011", "STATE_NAME": "WYOMING", "STATE_CODE": null, "MINE_NAME": "VICTORY LODE", "QC_FLAG": null, "ZIPCODE": null, "QAQC": "Y", "MADS": null }, "geometry": { "type": "Point", "coordinates": [ -104.444447627511565, 44.494446454997181 ] } },
{ "type": "Feature", "properties": { "ICF_ID": 21030, "DB_ALIAS": 5, "DBUNIQUE": "0560110182", "LATITUDE": 44.7686, "LONGITUDE": -104.3981, "DATUM": null, "COUNTY_NAM": null, "CNTY_FIPS": "011", "STATE_NAME": "WYOMING", "STATE_CODE": null, "MINE_NAME": "VIERGUTZ 2 & 3", "QC_FLAG": null, "ZIPCODE": null, "QAQC": "Y", "MADS": null }, "geometry": { "type": "Point", "coordinates": [ -104.398059015603096, 44.768613904651716 ] } },
{ "type": "Feature", "properties": { "ICF_ID": 21031, "DB_ALIAS": 5, "DBUNIQUE": "0560110183", "LATITUDE": 44.7606, "LONGITUDE": -104.2, "DATUM": null, "COUNTY_NAM": null, "CNTY_FIPS": "011", "STATE_NAME": "WYOMING", "STATE_CODE": null, "MINE_NAME": "VIERGUTZ 1", "QC_FLAG": null, "ZIPCODE": null, "QAQC": "Y", "MADS": null }, "geometry": { "type": "Point", "coordinates": [ -104.200002234409695, 44.760558985570022 ] } },
{ "type": "Feature", "properties": { "ICF_ID": 21032, "DB_ALIAS": 5, "DBUNIQUE": "0560110184", "LATITUDE": 44.8839, "LONGITUDE": -104.5722, "DATUM": null, "COUNTY_NAM": null, "CNTY_FIPS": "011", "STATE_NAME": "WYOMING", "STATE_CODE": null, "MINE_NAME": "VIRGINIA 16", "QC_FLAG": null, "ZIPCODE": null, "QAQC": "Y", "MADS": null }, "geometry": { "type": "Point", "coordinates": [ -104.572225152324648, 44.883892273346078 ] } },
{ "type": "Feature", "properties": { "ICF_ID": 21033, "DB_ALIAS": 5, "DBUNIQUE": "0560110186", "LATITUDE": 44.535, "LONGITUDE": -104.7497, "DATUM": null, "COUNTY_NAM": null, "CNTY_FIPS": "011", "STATE_NAME": "WYOMING", "STATE_CODE": null, "MINE_NAME": "RED ROCK 1", "QC_FLAG": null, "ZIPCODE": null, "QAQC": "Y", "MADS": null }, "geometry": { "type": "Point", "coordinates": [ -104.749726171442447, 44.535003062689825 ] } },
{ "type": "Feature", "properties": { "ICF_ID": 21034, "DB_ALIAS": 5, "DBUNIQUE": "0560110194", "LATITUDE": 44.6564, "LONGITUDE": -104.2003, "DATUM": null, "COUNTY_NAM": null, "CNTY_FIPS": "011", "STATE_NAME": "WYOMING", "STATE_CODE": null, "MINE_NAME": "A. H. CLAIM", "QC_FLAG": null, "ZIPCODE": null, "QAQC": "Y", "MADS": null }, "geometry": { "type": "Point", "coordinates": [ -104.200280623294802, 44.656391551208834 ] } },
{ "type": "Feature", "properties": { "ICF_ID": 21035, "DB_ALIAS": 5, "DBUNIQUE": "0560110195", "LATITUDE": 44.4375, "LONGITUDE": -104.1019, "DATUM": null, "COUNTY_NAM": null, "CNTY_FIPS": "011", "STATE_NAME": "WYOMING", "STATE_CODE": null, "MINE_NAME": "APEX", "QC_FLAG": null, "ZIPCODE": null, "QAQC": "Y", "MADS": null }, "geometry": { "type": "Point", "coordinates": [ -104.101946552667826, 44.437501811988156 ] } },
{ "type": "Feature", "properties": { "ICF_ID": 21036, "DB_ALIAS": 5, "DBUNIQUE": "0560110196", "LATITUDE": 44.6664, "LONGITUDE": -104.6892, "DATUM": null, "COUNTY_NAM": null, "CNTY_FIPS": "011", "STATE_NAME": "WYOMING", "STATE_CODE": null, "MINE_NAME": "BARNARD CANYON", "QC_FLAG": null, "ZIPCODE": null, "QAQC": "Y", "MADS": null }, "geometry": { "type": "Point", "coordinates": [ -104.6891706385953, 44.666392301282237 ] } },
{ "type": "Feature", "properties": { "ICF_ID": 21037, "DB_ALIAS": 5, "DBUNIQUE": "0560110197", "LATITUDE": 44.4933, "LONGITUDE": -104.2278, "DATUM": null, "COUNTY_NAM": null, "CNTY_FIPS": "011", "STATE_NAME": "WYOMING", "STATE_CODE": null, "MINE_NAME": "BEAR CREEK MOUNTAINS", "QC_FLAG": null, "ZIPCODE": null, "QAQC": "Y", "MADS": null }, "geometry": { "type": "Point", "coordinates": [ -104.227781405209569, 44.493334822097083 ] } },
{ "type": "Feature", "properties": { "ICF_ID": 21038, "DB_ALIAS": 5, "DBUNIQUE": "0560110198", "LATITUDE": 44.8886, "LONGITUDE": -104.4447, "DATUM": null, "COUNTY_NAM": null, "CNTY_FIPS": "011", "STATE_NAME": "WYOMING", "STATE_CODE": null, "MINE_NAME": "C. COCKRAN", "QC_FLAG": null, "ZIPCODE": null, "QAQC": "Y", "MADS": null }, "geometry": { "type": "Point", "coordinates": [ -104.444724846983419, 44.888613991546642 ] } },
{ "type": "Feature", "properties": { "ICF_ID": 21039, "DB_ALIAS": 5, "DBUNIQUE": "0560110199", "LATITUDE": 44.6711, "LONGITUDE": -104.8742, "DATUM": null, "COUNTY_NAM": null, "CNTY_FIPS": "011", "STATE_NAME": "WYOMING", "STATE_CODE": null, "MINE_NAME": "CABIN CREEK NO. 6", "QC_FLAG": null, "ZIPCODE": null, "QAQC": "Y", "MADS": null }, "geometry": { "type": "Point", "coordinates": [ -104.874171642627829, 44.671114740469534 ] } },
{ "type": "Feature", "properties": { "ICF_ID": 21040, "DB_ALIAS": 5, "DBUNIQUE": "0560110200", "LATITUDE": 44.4933, "LONGITUDE": -104.2278, "DATUM": null, "COUNTY_NAM": null, "CNTY_FIPS": "011", "STATE_NAME": "WYOMING", "STATE_CODE": null, "MINE_NAME": "INUM GROUP", "QC_FLAG": null, "ZIPCODE": null, "QAQC": "Y", "MADS": null }, "geometry": { "type": "Point", "coordinates": [ -104.227781405209569, 44.493334822097083 ] } },
{ "type": "Feature", "properties": { "ICF_ID": 21041, "DB_ALIAS": 5, "DBUNIQUE": "0560110201", "LATITUDE": 44.7172, "LONGITUDE": -104.2639, "DATUM": null, "COUNTY_NAM": null, "CNTY_FIPS": "011", "STATE_NAME": "WYOMING", "STATE_CODE": null, "MINE_NAME": "OAK CREEK", "QC_FLAG": null, "ZIPCODE": null, "QAQC": "Y", "MADS": null }, "geometry": { "type": "Point", "coordinates": [ -104.263891593929131, 44.717224804897299 ] } },
{ "type": "Feature", "properties": { "ICF_ID": 21042, "DB_ALIAS": 5, "DBUNIQUE": "0560110202", "LATITUDE": 44.4775, "LONGITUDE": -104.8711, "DATUM": null, "COUNTY_NAM": null, "CNTY_FIPS": "011", "STATE_NAME": "WYOMING", "STATE_CODE": null, "MINE_NAME": "PINE RIDGE", "QC_FLAG": null, "ZIPCODE": null, "QAQC": "Y", "MADS": null }, "geometry": { "type": "Point", "coordinates": [ -104.871116026736075, 44.477503195386888 ] } },
{ "type": "Feature", "properties": { "ICF_ID": 21043, "DB_ALIAS": 5, "DBUNIQUE": "0560110203", "LATITUDE": 44.7456, "LONGITUDE": -104.8497, "DATUM": null, "COUNTY_NAM": null, "CNTY_FIPS": "011", "STATE_NAME": "WYOMING", "STATE_CODE": null, "MINE_NAME": "POISON CREEK", "QC_FLAG": null, "ZIPCODE": null, "QAQC": "Y", "MADS": null }, "geometry": { "type": "Point", "coordinates": [ -104.84972627250113, 44.745559868728698 ] } },
{ "type": "Feature", "properties": { "ICF_ID": 21044, "DB_ALIAS": 5, "DBUNIQUE": "0560110204", "LATITUDE": 44.7425, "LONGITUDE": -104.8914, "DATUM": null, "COUNTY_NAM": null, "CNTY_FIPS": "011", "STATE_NAME": "WYOMING", "STATE_CODE": null, "MINE_NAME": "UNKNOWN", "QC_FLAG": null, "ZIPCODE": null, "QAQC": "Y", "MADS": null }, "geometry": { "type": "Point", "coordinates": [ -104.891393637979192, 44.742503993743163 ] } },
{ "type": "Feature", "properties": { "ICF_ID": 21045, "DB_ALIAS": 5, "DBUNIQUE": "0560110272", "LATITUDE": 44.505, "LONGITUDE": -104.7044, "DATUM": null, "COUNTY_NAM": null, "CNTY_FIPS": "011", "STATE_NAME": "WYOMING", "STATE_CODE": null, "MINE_NAME": "NUBETH JOINT VENTURE", "QC_FLAG": null, "ZIPCODE": null, "QAQC": "Y", "MADS": null }, "geometry": { "type": "Point", "coordinates": [ -104.70444816864638, 44.505002938397993 ] } },
{ "type": "Feature", "properties": { "ICF_ID": 21634, "DB_ALIAS": 5, "DBUNIQUE": "0560150028", "LATITUDE": 42.6017, "LONGITUDE": -104.5083, "DATUM": null, "COUNTY_NAM": null, "CNTY_FIPS": "015", "STATE_NAME": "WYOMING", "STATE_CODE": null, "MINE_NAME": "COPPER BELL MINES", "QC_FLAG": null, "ZIPCODE": null, "QAQC": "Y", "MADS": null }, "geometry": { "type": "Point", "coordinates": [ -104.508335455850272, 42.601673761274505 ] } },
{ "type": "Feature", "properties": { "ICF_ID": 21635, "DB_ALIAS": 5, "DBUNIQUE": "0560150029", "LATITUDE": 42.5592, "LONGITUDE": -104.5833, "DATUM": null, "COUNTY_NAM": null, "CNTY_FIPS": "015", "STATE_NAME": "WYOMING", "STATE_CODE": null, "MINE_NAME": "OLD CHICAGO", "QC_FLAG": null, "ZIPCODE": null, "QAQC": "Y", "MADS": null }, "geometry": { "type": "Point", "coordinates": [ -104.583335412223875, 42.559173722093803 ] } },
{ "type": "Feature", "properties": { "ICF_ID": 21636, "DB_ALIAS": 5, "DBUNIQUE": "0560150030", "LATITUDE": 42.6494, "LONGITUDE": -104.5147, "DATUM": null, "COUNTY_NAM": null, "CNTY_FIPS": "015", "STATE_NAME": "WYOMING", "STATE_CODE": null, "MINE_NAME": "POTTER", "QC_FLAG": null, "ZIPCODE": null, "QAQC": "Y", "MADS": null }, "geometry": { "type": "Point", "coordinates": [ -104.514724627291997, 42.649450680040232 ] } },
{ "type": "Feature", "properties": { "ICF_ID": 21637, "DB_ALIAS": 5, "DBUNIQUE": "0560150081", "LATITUDE": 42.5989, "LONGITUDE": -104.4769, "DATUM": null, "COUNTY_NAM": null, "CNTY_FIPS": "015", "STATE_NAME": "WYOMING", "STATE_CODE": null, "MINE_NAME": "SOUTH COPPER BELT MINE", "QC_FLAG": null, "ZIPCODE": null, "QAQC": "Y", "MADS": null }, "geometry": { "type": "Point", "coordinates": [ -104.476946392841796, 42.598895795025314 ] } },
{ "type": "Feature", "properties": { "ICF_ID": 21953, "DB_ALIAS": 5, "DBUNIQUE": "0560270028", "LATITUDE": 43.0961, "LONGITUDE": -104.5933, "DATUM": null, "COUNTY_NAM": null, "CNTY_FIPS": "027", "STATE_NAME": "WYOMING", "STATE_CODE": null, "MINE_NAME": "ACE HIGH 1 CLAIM", "QC_FLAG": null, "ZIPCODE": null, "QAQC": "Y", "MADS": null }, "geometry": { "type": "Point", "coordinates": [ -104.593336987156448, 43.096116564563168 ] } },
{ "type": "Feature", "properties": { "ICF_ID": 21954, "DB_ALIAS": 5, "DBUNIQUE": "0560270029", "LATITUDE": 43.035, "LONGITUDE": -104.7161, "DATUM": null, "COUNTY_NAM": null, "CNTY_FIPS": "027", "STATE_NAME": "WYOMING", "STATE_CODE": null, "MINE_NAME": "AIRBORNE ANOMALY 3", "QC_FLAG": null, "ZIPCODE": null, "QAQC": "Y", "MADS": null }, "geometry": { "type": "Point", "coordinates": [ -104.716114805465764, 43.035005934828114 ] } },
{ "type": "Feature", "properties": { "ICF_ID": 21955, "DB_ALIAS": 5, "DBUNIQUE": "0560270030", "LATITUDE": 43.0083, "LONGITUDE": -104.5328, "DATUM": null, "COUNTY_NAM": null, "CNTY_FIPS": "027", "STATE_NAME": "WYOMING", "STATE_CODE": null, "MINE_NAME": "APEX", "QC_FLAG": null, "ZIPCODE": null, "QAQC": "Y", "MADS": null }, "geometry": { "type": "Point", "coordinates": [ -104.532781792789748, 43.0083389355297 ] } },
{ "type": "Feature", "properties": { "ICF_ID": 21956, "DB_ALIAS": 5, "DBUNIQUE": "0560270031", "LATITUDE": 43.0897, "LONGITUDE": -104.6072, "DATUM": null, "COUNTY_NAM": null, "CNTY_FIPS": "027", "STATE_NAME": "WYOMING", "STATE_CODE": null, "MINE_NAME": "BOB CAT 2 CLAIM", "QC_FLAG": null, "ZIPCODE": null, "QAQC": "Y", "MADS": null }, "geometry": { "type": "Point", "coordinates": [ -104.607225967077454, 43.089727605686441 ] } },
{ "type": "Feature", "properties": { "ICF_ID": 21957, "DB_ALIAS": 5, "DBUNIQUE": "0560270034", "LATITUDE": 43.0014, "LONGITUDE": -104.5336, "DATUM": null, "COUNTY_NAM": null, "CNTY_FIPS": "027", "STATE_NAME": "WYOMING", "STATE_CODE": null, "MINE_NAME": "BOWERS CLAIMS", "QC_FLAG": null, "ZIPCODE": null, "QAQC": "Y", "MADS": null }, "geometry": { "type": "Point", "coordinates": [ -104.533614775521443, 43.001394969365691 ] } },
{ "type": "Feature", "properties": { "ICF_ID": 21958, "DB_ALIAS": 5, "DBUNIQUE": "0560270035", "LATITUDE": 43.1539, "LONGITUDE": -104.3083, "DATUM": null, "COUNTY_NAM": null, "CNTY_FIPS": "027", "STATE_NAME": "WYOMING", "STATE_CODE": null, "MINE_NAME": "CLARK GROUP", "QC_FLAG": null, "ZIPCODE": null, "QAQC": "Y", "MADS": null }, "geometry": { "type": "Point", "coordinates": [ -104.308337708501298, 43.15389410540476 ] } },
{ "type": "Feature", "properties": { "ICF_ID": 21959, "DB_ALIAS": 5, "DBUNIQUE": "0560270036", "LATITUDE": 43.0031, "LONGITUDE": -104.5303, "DATUM": null, "COUNTY_NAM": null, "CNTY_FIPS": "027", "STATE_NAME": "WYOMING", "STATE_CODE": null, "MINE_NAME": "DUCK CLAIMS", "QC_FLAG": null, "ZIPCODE": null, "QAQC": "Y", "MADS": null }, "geometry": { "type": "Point", "coordinates": [ -104.530281780465899, 43.00306195929204 ] } },
{ "type": "Feature", "properties": { "ICF_ID": 21960, "DB_ALIAS": 5, "DBUNIQUE": "0560270037", "LATITUDE": 43.0792, "LONGITUDE": -104.5875, "DATUM": null, "COUNTY_NAM": null, "CNTY_FIPS": "027", "STATE_NAME": "WYOMING", "STATE_CODE": null, "MINE_NAME": "FLOYD AND FRANK MOORE,LANCE CREEK", "QC_FLAG": null, "ZIPCODE": null, "QAQC": "Y", "MADS": null }, "geometry": { "type": "Point", "coordinates": [ -104.587503948534433, 43.079172638976431 ] } },
{ "type": "Feature", "properties": { "ICF_ID": 21961, "DB_ALIAS": 5, "DBUNIQUE": "0560270038", "LATITUDE": 43.0006, "LONGITUDE": -104.5328, "DATUM": null, "COUNTY_NAM": null, "CNTY_FIPS": "027", "STATE_NAME": "WYOMING", "STATE_CODE": null, "MINE_NAME": "HAPPY JACK 48", "QC_FLAG": null, "ZIPCODE": null, "QAQC": "Y", "MADS": null }, "geometry": { "type": "Point", "coordinates": [ -104.53278177368658, 43.000561972846491 ] } },
{ "type": "Feature", "properties": { "ICF_ID": 21962, "DB_ALIAS": 5, "DBUNIQUE": "0560270039", "LATITUDE": 43.1103, "LONGITUDE": -104.6803, "DATUM": null, "COUNTY_NAM": null, "CNTY_FIPS": "027", "STATE_NAME": "WYOMING", "STATE_CODE": null, "MINE_NAME": "HAPPY JACK 122", "QC_FLAG": null, "ZIPCODE": null, "QAQC": "Y", "MADS": null }, "geometry": { "type": "Point", "coordinates": [ -104.680281989302046, 43.110283573320757 ] } },
{ "type": "Feature", "properties": { "ICF_ID": 21963, "DB_ALIAS": 5, "DBUNIQUE": "0560270040", "LATITUDE": 42.8631, "LONGITUDE": -104.8669, "DATUM": null, "COUNTY_NAM": null, "CNTY_FIPS": "027", "STATE_NAME": "WYOMING", "STATE_CODE": null, "MINE_NAME": "HARNEY CLAIM", "QC_FLAG": null, "ZIPCODE": null, "QAQC": "Y", "MADS": null }, "geometry": { "type": "Point", "coordinates": [ -104.866947455199195, 42.86306224793244 ] } },
{ "type": "Feature", "properties": { "ICF_ID": 21964, "DB_ALIAS": 5, "DBUNIQUE": "0560270041", "LATITUDE": 43.0822, "LONGITUDE": -104.6206, "DATUM": null, "COUNTY_NAM": null, "CNTY_FIPS": "027", "STATE_NAME": "WYOMING", "STATE_CODE": null, "MINE_NAME": "HORNICE", "QC_FLAG": null, "ZIPCODE": null, "QAQC": "Y", "MADS": null }, "geometry": { "type": "Point", "coordinates": [ -104.620559944739227, 43.08222765108745 ] } },
{ "type": "Feature", "properties": { "ICF_ID": 21965, "DB_ALIAS": 5, "DBUNIQUE": "0560270042", "LATITUDE": 43.1069, "LONGITUDE": -104.5528, "DATUM": null, "COUNTY_NAM": null, "CNTY_FIPS": "027", "STATE_NAME": "WYOMING", "STATE_CODE": null, "MINE_NAME": "LILLIAN 4", "QC_FLAG": null, "ZIPCODE": null, "QAQC": "Y", "MADS": null }, "geometry": { "type": "Point", "coordinates": [ -104.552782027774285, 43.106949479426447 ] } },
{ "type": "Feature", "properties": { "ICF_ID": 21966, "DB_ALIAS": 5, "DBUNIQUE": "0560270043", "LATITUDE": 43.0561, "LONGITUDE": -104.4436, "DATUM": null, "COUNTY_NAM": null, "CNTY_FIPS": "027", "STATE_NAME": "WYOMING", "STATE_CODE": null, "MINE_NAME": "LOCALITY NO.82", "QC_FLAG": null, "ZIPCODE": null, "QAQC": "Y", "MADS": null }, "geometry": { "type": "Point", "coordinates": [ -104.443615047410674, 43.056116673060465 ] } },
{ "type": "Feature", "properties": { "ICF_ID": 21967, "DB_ALIAS": 5, "DBUNIQUE": "0560270044", "LATITUDE": 43.05, "LONGITUDE": -104.5889, "DATUM": null, "COUNTY_NAM": null, "CNTY_FIPS": "027", "STATE_NAME": "WYOMING", "STATE_CODE": null, "MINE_NAME": "LOCALITY NUMBER 84", "QC_FLAG": null, "ZIPCODE": null, "QAQC": "Y", "MADS": null }, "geometry": { "type": "Point", "coordinates": [ -104.588892878106549, 43.050005776407644 ] } },
{ "type": "Feature", "properties": { "ICF_ID": 21968, "DB_ALIAS": 5, "DBUNIQUE": "0560270045", "LATITUDE": 43.0681, "LONGITUDE": -104.5003, "DATUM": null, "COUNTY_NAM": null, "CNTY_FIPS": "027", "STATE_NAME": "WYOMING", "STATE_CODE": null, "MINE_NAME": "LOCALITY NO.86", "QC_FLAG": null, "ZIPCODE": null, "QAQC": "Y", "MADS": null }, "geometry": { "type": "Point", "coordinates": [ -104.500281949959302, 43.068061624020672 ] } },
{ "type": "Feature", "properties": { "ICF_ID": 21969, "DB_ALIAS": 5, "DBUNIQUE": "0560270046", "LATITUDE": 43.0492, "LONGITUDE": -104.4681, "DATUM": null, "COUNTY_NAM": null, "CNTY_FIPS": "027", "STATE_NAME": "WYOMING", "STATE_CODE": null, "MINE_NAME": "LOCALITY NO.87", "QC_FLAG": null, "ZIPCODE": null, "QAQC": "Y", "MADS": null }, "geometry": { "type": "Point", "coordinates": [ -104.4680599736852, 43.049172711583267 ] } },
{ "type": "Feature", "properties": { "ICF_ID": 21970, "DB_ALIAS": 5, "DBUNIQUE": "0560270047", "LATITUDE": 43.0053, "LONGITUDE": -104.5231, "DATUM": null, "COUNTY_NAM": null, "CNTY_FIPS": "027", "STATE_NAME": "WYOMING", "STATE_CODE": null, "MINE_NAME": "LOCALITY #88", "QC_FLAG": null, "ZIPCODE": null, "QAQC": "Y", "MADS": null }, "geometry": { "type": "Point", "coordinates": [ -104.523059787790316, 43.005283944079899 ] } },
{ "type": "Feature", "properties": { "ICF_ID": 21971, "DB_ALIAS": 5, "DBUNIQUE": "0560270048", "LATITUDE": 43.0086, "LONGITUDE": -104.5003, "DATUM": null, "COUNTY_NAM": null, "CNTY_FIPS": "027", "STATE_NAME": "WYOMING", "STATE_CODE": null, "MINE_NAME": "LOCALITY NO.91", "QC_FLAG": null, "ZIPCODE": null, "QAQC": "Y", "MADS": null }, "geometry": { "type": "Point", "coordinates": [ -104.500281801957073, 43.00861691353488 ] } },
{ "type": "Feature", "properties": { "ICF_ID": 21972, "DB_ALIAS": 5, "DBUNIQUE": "0560270049", "LATITUDE": 42.9883, "LONGITUDE": -104.695, "DATUM": null, "COUNTY_NAM": null, "CNTY_FIPS": "027", "STATE_NAME": "WYOMING", "STATE_CODE": null, "MINE_NAME": "LOCALITY 92", "QC_FLAG": null, "ZIPCODE": null, "QAQC": "Y", "MADS": null }, "geometry": { "type": "Point", "coordinates": [ -104.695003698109474, 42.988339092830593 ] } },
{ "type": "Feature", "properties": { "ICF_ID": 21973, "DB_ALIAS": 5, "DBUNIQUE": "0560270050", "LATITUDE": 42.9681, "LONGITUDE": -104.5069, "DATUM": null, "COUNTY_NAM": null, "CNTY_FIPS": "027", "STATE_NAME": "WYOMING", "STATE_CODE": null, "MINE_NAME": "LOCALITY NO.83", "QC_FLAG": null, "ZIPCODE": null, "QAQC": "Y", "MADS": null }, "geometry": { "type": "Point", "coordinates": [ -104.506947675605645, 42.968062032288067 ] } },
{ "type": "Feature", "properties": { "ICF_ID": 21974, "DB_ALIAS": 5, "DBUNIQUE": "0560270051", "LATITUDE": 42.9403, "LONGITUDE": -104.6911, "DATUM": null, "COUNTY_NAM": null, "CNTY_FIPS": "027", "STATE_NAME": "WYOMING", "STATE_CODE": null, "MINE_NAME": "LOCALITY #98", "QC_FLAG": null, "ZIPCODE": null, "QAQC": "Y", "MADS": null }, "geometry": { "type": "Point", "coordinates": [ -104.691114561482436, 42.940284162590579 ] } },
{ "type": "Feature", "properties": { "ICF_ID": 21975, "DB_ALIAS": 5, "DBUNIQUE": "0560270052", "LATITUDE": 42.8781, "LONGITUDE": -104.5028, "DATUM": null, "COUNTY_NAM": null, "CNTY_FIPS": "027", "STATE_NAME": "WYOMING", "STATE_CODE": null, "MINE_NAME": "LOCALITY NO.104", "QC_FLAG": null, "ZIPCODE": null, "QAQC": "Y", "MADS": null }, "geometry": { "type": "Point", "coordinates": [ -104.502781384789515, 42.878062236706064 ] } },
{ "type": "Feature", "properties": { "ICF_ID": 21976, "DB_ALIAS": 5, "DBUNIQUE": "0560270053", "LATITUDE": 42.8622, "LONGITUDE": -104.6328, "DATUM": null, "COUNTY_NAM": null, "CNTY_FIPS": "027", "STATE_NAME": "WYOMING", "STATE_CODE": null, "MINE_NAME": "LOCALITY 105", "QC_FLAG": null, "ZIPCODE": null, "QAQC": "Y", "MADS": null }, "geometry": { "type": "Point", "coordinates": [ -104.632781336680395, 42.862228277484213 ] } },
{ "type": "Feature", "properties": { "ICF_ID": 21977, "DB_ALIAS": 5, "DBUNIQUE": "0560270054", "LATITUDE": 42.8689, "LONGITUDE": -104.5003, "DATUM": null, "COUNTY_NAM": null, "CNTY_FIPS": "027", "STATE_NAME": "WYOMING", "STATE_CODE": null, "MINE_NAME": "LOCALITY NO.106", "QC_FLAG": null, "ZIPCODE": null, "QAQC": "Y", "MADS": null }, "geometry": { "type": "Point", "coordinates": [ -104.500281355060537, 42.868895257575311 ] } },
{ "type": "Feature", "properties": { "ICF_ID": 21978, "DB_ALIAS": 5, "DBUNIQUE": "0560270055", "LATITUDE": 43.0942, "LONGITUDE": -104.6253, "DATUM": null, "COUNTY_NAM": null, "CNTY_FIPS": "027", "STATE_NAME": "WYOMING", "STATE_CODE": null, "MINE_NAME": "LUCKY SEVEN", "QC_FLAG": null, "ZIPCODE": null, "QAQC": "Y", "MADS": null }, "geometry": { "type": "Point", "coordinates": [ -104.625281971356586, 43.094172599987829 ] } },
{ "type": "Feature", "properties": { "ICF_ID": 21979, "DB_ALIAS": 5, "DBUNIQUE": "0560270056", "LATITUDE": 42.99, "LONGITUDE": -104.7344, "DATUM": null, "COUNTY_NAM": null, "CNTY_FIPS": "027", "STATE_NAME": "WYOMING", "STATE_CODE": null, "MINE_NAME": "MILLER 1", "QC_FLAG": null, "ZIPCODE": null, "QAQC": "Y", "MADS": null }, "geometry": { "type": "Point", "coordinates": [ -104.734447693710663, 42.990006113017849 ] } },
{ "type": "Feature", "properties": { "ICF_ID": 21980, "DB_ALIAS": 5, "DBUNIQUE": "0560270057", "LATITUDE": 43.0797, "LONGITUDE": -104.6236, "DATUM": null, "COUNTY_NAM": null, "CNTY_FIPS": "027", "STATE_NAME": "WYOMING", "STATE_CODE": null, "MINE_NAME": "MOORE GROUP", "QC_FLAG": null, "ZIPCODE": null, "QAQC": "Y", "MADS": null }, "geometry": { "type": "Point", "coordinates": [ -104.623614937803026, 43.07972766502057 ] } },
{ "type": "Feature", "properties": { "ICF_ID": 21981, "DB_ALIAS": 5, "DBUNIQUE": "0560270058", "LATITUDE": 42.7731, "LONGITUDE": -104.4506, "DATUM": null, "COUNTY_NAM": null, "CNTY_FIPS": "027", "STATE_NAME": "WYOMING", "STATE_CODE": null, "MINE_NAME": "N. EDGE OF TOWN CEMETERY", "QC_FLAG": null, "ZIPCODE": null, "QAQC": "Y", "MADS": null }, "geometry": { "type": "Point", "coordinates": [ -104.450559132208753, 42.773062514976111 ] } },
{ "type": "Feature", "properties": { "ICF_ID": 21982, "DB_ALIAS": 5, "DBUNIQUE": "0560270059", "LATITUDE": 43.0083, "LONGITUDE": -104.5306, "DATUM": null, "COUNTY_NAM": null, "CNTY_FIPS": "027", "STATE_NAME": "WYOMING", "STATE_CODE": null, "MINE_NAME": "OLD ROCKY", "QC_FLAG": null, "ZIPCODE": null, "QAQC": "Y", "MADS": null }, "geometry": { "type": "Point", "coordinates": [ -104.530559793369207, 43.008338934118484 ] } },
{ "type": "Feature", "properties": { "ICF_ID": 21983, "DB_ALIAS": 5, "DBUNIQUE": "0560270060", "LATITUDE": 43.0125, "LONGITUDE": -104.5261, "DATUM": null, "COUNTY_NAM": null, "CNTY_FIPS": "027", "STATE_NAME": "WYOMING", "STATE_CODE": null, "MINE_NAME": "RAN CLAIMS", "QC_FLAG": null, "ZIPCODE": null, "QAQC": "Y", "MADS": null }, "geometry": { "type": "Point", "coordinates": [ -104.526114804792542, 43.012505911239238 ] } },
{ "type": "Feature", "properties": { "ICF_ID": 21984, "DB_ALIAS": 5, "DBUNIQUE": "0560270061", "LATITUDE": 43.0572, "LONGITUDE": -104.4406, "DATUM": null, "COUNTY_NAM": null, "CNTY_FIPS": "027", "STATE_NAME": "WYOMING", "STATE_CODE": null, "MINE_NAME": "SCOTT GROUP 1-7", "QC_FLAG": null, "ZIPCODE": null, "QAQC": "Y", "MADS": null }, "geometry": { "type": "Point", "coordinates": [ -104.440560057460416, 43.057227666918543 ] } },
{ "type": "Feature", "properties": { "ICF_ID": 21985, "DB_ALIAS": 5, "DBUNIQUE": "0560270062", "LATITUDE": 42.7622, "LONGITUDE": -104.4633, "DATUM": null, "COUNTY_NAM": null, "CNTY_FIPS": "027", "STATE_NAME": "WYOMING", "STATE_CODE": null, "MINE_NAME": "SILVER CLIFF", "QC_FLAG": null, "ZIPCODE": null, "QAQC": "Y", "MADS": null }, "geometry": { "type": "Point", "coordinates": [ -104.463336074025051, 42.76222853172515 ] } },
{ "type": "Feature", "properties": { "ICF_ID": 21986, "DB_ALIAS": 5, "DBUNIQUE": "0560270063", "LATITUDE": 43.17, "LONGITUDE": -104.2867, "DATUM": null, "COUNTY_NAM": null, "CNTY_FIPS": "027", "STATE_NAME": "WYOMING", "STATE_CODE": null, "MINE_NAME": "UNKNOWN", "QC_FLAG": null, "ZIPCODE": null, "QAQC": "Y", "MADS": null }, "geometry": { "type": "Point", "coordinates": [ -104.286671830861607, 43.170005002758138 ] } },
{ "type": "Feature", "properties": { "ICF_ID": 21987, "DB_ALIAS": 5, "DBUNIQUE": "0560270064", "LATITUDE": 43.1539, "LONGITUDE": -104.3281, "DATUM": null, "COUNTY_NAM": null, "CNTY_FIPS": "027", "STATE_NAME": "WYOMING", "STATE_CODE": null, "MINE_NAME": "UNKNOWN", "QC_FLAG": null, "ZIPCODE": null, "QAQC": "Y", "MADS": null }, "geometry": { "type": "Point", "coordinates": [ -104.328060652447604, 43.153894115727759 ] } },
{ "type": "Feature", "properties": { "ICF_ID": 21988, "DB_ALIAS": 5, "DBUNIQUE": "0560270065", "LATITUDE": 42.6139, "LONGITUDE": -104.4633, "DATUM": null, "COUNTY_NAM": null, "CNTY_FIPS": "027", "STATE_NAME": "WYOMING", "STATE_CODE": null, "MINE_NAME": "UNKNOWN", "QC_FLAG": null, "ZIPCODE": null, "QAQC": "Y", "MADS": null }, "geometry": { "type": "Point", "coordinates": [ -104.463335433222568, 42.61389578207779 ] } },
{ "type": "Feature", "properties": { "ICF_ID": 21989, "DB_ALIAS": 5, "DBUNIQUE": "0560270066", "LATITUDE": 43.1106, "LONGITUDE": -104.2881, "DATUM": null, "COUNTY_NAM": null, "CNTY_FIPS": "027", "STATE_NAME": "WYOMING", "STATE_CODE": null, "MINE_NAME": "UNKNOWN", "QC_FLAG": null, "ZIPCODE": null, "QAQC": "Y", "MADS": null }, "geometry": { "type": "Point", "coordinates": [ -104.288060603002052, 43.110561340150177 ] } },
{ "type": "Feature", "properties": { "ICF_ID": 21990, "DB_ALIAS": 5, "DBUNIQUE": "0560270067", "LATITUDE": 43.0011, "LONGITUDE": -104.5303, "DATUM": null, "COUNTY_NAM": null, "CNTY_FIPS": "027", "STATE_NAME": "WYOMING", "STATE_CODE": null, "MINE_NAME": "UNKNOWN", "QC_FLAG": null, "ZIPCODE": null, "QAQC": "Y", "MADS": null }, "geometry": { "type": "Point", "coordinates": [ -104.530281775683264, 43.0011169686356 ] } },
{ "type": "Feature", "properties": { "ICF_ID": 21991, "DB_ALIAS": 5, "DBUNIQUE": "0560270068", "LATITUDE": 43.0086, "LONGITUDE": -104.5175, "DATUM": null, "COUNTY_NAM": null, "CNTY_FIPS": "027", "STATE_NAME": "WYOMING", "STATE_CODE": null, "MINE_NAME": "UNKNOWN", "QC_FLAG": null, "ZIPCODE": null, "QAQC": "Y", "MADS": null }, "geometry": { "type": "Point", "coordinates": [ -104.517503797461117, 43.008616924483242 ] } },
{ "type": "Feature", "properties": { "ICF_ID": 21992, "DB_ALIAS": 5, "DBUNIQUE": "0560270069", "LATITUDE": 42.9958, "LONGITUDE": -104.2403, "DATUM": null, "COUNTY_NAM": null, "CNTY_FIPS": "027", "STATE_NAME": "WYOMING", "STATE_CODE": null, "MINE_NAME": "UNKNOWN", "QC_FLAG": null, "ZIPCODE": null, "QAQC": "Y", "MADS": null }, "geometry": { "type": "Point", "coordinates": [ -104.240282305649515, 42.995838964486488 ] } },
{ "type": "Feature", "properties": { "ICF_ID": 21993, "DB_ALIAS": 5, "DBUNIQUE": "0560270070", "LATITUDE": 42.9958, "LONGITUDE": -104.2403, "DATUM": null, "COUNTY_NAM": null, "CNTY_FIPS": "027", "STATE_NAME": "WYOMING", "STATE_CODE": null, "MINE_NAME": "UNKNOWN", "QC_FLAG": null, "ZIPCODE": null, "QAQC": "Y", "MADS": null }, "geometry": { "type": "Point", "coordinates": [ -104.240282305649515, 42.995838964486488 ] } },
{ "type": "Feature", "properties": { "ICF_ID": 21994, "DB_ALIAS": 5, "DBUNIQUE": "0560270071", "LATITUDE": 42.9903, "LONGITUDE": -104.7328, "DATUM": null, "COUNTY_NAM": null, "CNTY_FIPS": "027", "STATE_NAME": "WYOMING", "STATE_CODE": null, "MINE_NAME": "UNKNOWN", "QC_FLAG": null, "ZIPCODE": null, "QAQC": "Y", "MADS": null }, "geometry": { "type": "Point", "coordinates": [ -104.732781694869672, 42.990284111693541 ] } },
{ "type": "Feature", "properties": { "ICF_ID": 21995, "DB_ALIAS": 5, "DBUNIQUE": "0560270072", "LATITUDE": 43.0494, "LONGITUDE": -104.6669, "DATUM": null, "COUNTY_NAM": null, "CNTY_FIPS": "027", "STATE_NAME": "WYOMING", "STATE_CODE": null, "MINE_NAME": "UNKNOWN", "QC_FLAG": null, "ZIPCODE": null, "QAQC": "Y", "MADS": null }, "geometry": { "type": "Point", "coordinates": [ -104.666947853123602, 43.049449835681799 ] } },
{ "type": "Feature", "properties": { "ICF_ID": 21996, "DB_ALIAS": 5, "DBUNIQUE": "0560270073", "LATITUDE": 42.7197, "LONGITUDE": -104.5056, "DATUM": null, "COUNTY_NAM": null, "CNTY_FIPS": "027", "STATE_NAME": "WYOMING", "STATE_CODE": null, "MINE_NAME": "UNKNOWN-NO.1", "QC_FLAG": null, "ZIPCODE": null, "QAQC": "Y", "MADS": null }, "geometry": { "type": "Point", "coordinates": [ -104.505558864872185, 42.719728577244922 ] } },
{ "type": "Feature", "properties": { "ICF_ID": 21997, "DB_ALIAS": 5, "DBUNIQUE": "0560270074", "LATITUDE": 43.1789, "LONGITUDE": -104.3003, "DATUM": null, "COUNTY_NAM": null, "CNTY_FIPS": "027", "STATE_NAME": "WYOMING", "STATE_CODE": null, "MINE_NAME": "UNKNOWN-NO.1", "QC_FLAG": null, "ZIPCODE": null, "QAQC": "Y", "MADS": null }, "geometry": { "type": "Point", "coordinates": [ -104.300282823669292, 43.178893960775483 ] } },
{ "type": "Feature", "properties": { "ICF_ID": 21998, "DB_ALIAS": 5, "DBUNIQUE": "0560270075", "LATITUDE": 42.7044, "LONGITUDE": -104.5056, "DATUM": null, "COUNTY_NAM": null, "CNTY_FIPS": "027", "STATE_NAME": "WYOMING", "STATE_CODE": null, "MINE_NAME": "UNKNOWN-NO.2", "QC_FLAG": null, "ZIPCODE": null, "QAQC": "Y", "MADS": null }, "geometry": { "type": "Point", "coordinates": [ -104.505558811531344, 42.704450601491089 ] } },
{ "type": "Feature", "properties": { "ICF_ID": 21999, "DB_ALIAS": 5, "DBUNIQUE": "0560270076", "LATITUDE": 43.1725, "LONGITUDE": -104.3206, "DATUM": null, "COUNTY_NAM": null, "CNTY_FIPS": "027", "STATE_NAME": "WYOMING", "STATE_CODE": null, "MINE_NAME": "UNKNOWN-NO.2", "QC_FLAG": null, "ZIPCODE": null, "QAQC": "Y", "MADS": null }, "geometry": { "type": "Point", "coordinates": [ -104.320560740186977, 43.172505008681924 ] } },
{ "type": "Feature", "properties": { "ICF_ID": 22000, "DB_ALIAS": 5, "DBUNIQUE": "0560270077", "LATITUDE": 43.1789, "LONGITUDE": -104.2933, "DATUM": null, "COUNTY_NAM": null, "CNTY_FIPS": "027", "STATE_NAME": "WYOMING", "STATE_CODE": null, "MINE_NAME": "UNKNOWN-J.W.MENG PROPERTY", "QC_FLAG": null, "ZIPCODE": null, "QAQC": "Y", "MADS": null }, "geometry": { "type": "Point", "coordinates": [ -104.293337844451372, 43.178893956492281 ] } },
{ "type": "Feature", "properties": { "ICF_ID": 22001, "DB_ALIAS": 5, "DBUNIQUE": "0560270078", "LATITUDE": 43.1003, "LONGITUDE": -104.3208, "DATUM": null, "COUNTY_NAM": null, "CNTY_FIPS": "027", "STATE_NAME": "WYOMING", "STATE_CODE": null, "MINE_NAME": "UNKNOW-G.STOREY PROP.", "QC_FLAG": null, "ZIPCODE": null, "QAQC": "Y", "MADS": null }, "geometry": { "type": "Point", "coordinates": [ -104.320837481723331, 43.100283408941117 ] } },
{ "type": "Feature", "properties": { "ICF_ID": 22002, "DB_ALIAS": 5, "DBUNIQUE": "0560270097", "LATITUDE": 42.8633, "LONGITUDE": -104.5708, "DATUM": null, "COUNTY_NAM": null, "CNTY_FIPS": "027", "STATE_NAME": "WYOMING", "STATE_CODE": null, "MINE_NAME": "ALLSUP", "QC_FLAG": null, "ZIPCODE": null, "QAQC": "Y", "MADS": null }, "geometry": { "type": "Point", "coordinates": [ -104.570836338606682, 42.863339273129846 ] } },
{ "type": "Feature", "properties": { "ICF_ID": 22003, "DB_ALIAS": 5, "DBUNIQUE": "0560270098", "LATITUDE": 42.9367, "LONGITUDE": -104.4903, "DATUM": null, "COUNTY_NAM": null, "CNTY_FIPS": "027", "STATE_NAME": "WYOMING", "STATE_CODE": null, "MINE_NAME": "ALTER", "QC_FLAG": null, "ZIPCODE": null, "QAQC": "Y", "MADS": null }, "geometry": { "type": "Point", "coordinates": [ -104.490281593308637, 42.936673103666671 ] } },
{ "type": "Feature", "properties": { "ICF_ID": 22004, "DB_ALIAS": 5, "DBUNIQUE": "0560270099", "LATITUDE": 42.9975, "LONGITUDE": -104.6075, "DATUM": null, "COUNTY_NAM": null, "CNTY_FIPS": "027", "STATE_NAME": "WYOMING", "STATE_CODE": null, "MINE_NAME": "DRIFTER", "QC_FLAG": null, "ZIPCODE": null, "QAQC": "Y", "MADS": null }, "geometry": { "type": "Point", "coordinates": [ -104.607503745900431, 42.997506026219824 ] } },
{ "type": "Feature", "properties": { "ICF_ID": 22005, "DB_ALIAS": 5, "DBUNIQUE": "0560270100", "LATITUDE": 43.1817, "LONGITUDE": -104.3097, "DATUM": null, "COUNTY_NAM": null, "CNTY_FIPS": "027", "STATE_NAME": "WYOMING", "STATE_CODE": null, "MINE_NAME": "GEORGE STOREY CLAIM", "QC_FLAG": null, "ZIPCODE": null, "QAQC": "Y", "MADS": null }, "geometry": { "type": "Point", "coordinates": [ -104.309726805505107, 43.181671951095126 ] } },
{ "type": "Feature", "properties": { "ICF_ID": 22006, "DB_ALIAS": 5, "DBUNIQUE": "0560270101", "LATITUDE": 42.9975, "LONGITUDE": -104.6075, "DATUM": null, "COUNTY_NAM": null, "CNTY_FIPS": "027", "STATE_NAME": "WYOMING", "STATE_CODE": null, "MINE_NAME": "HAPPY JACK CLAIMS", "QC_FLAG": null, "ZIPCODE": null, "QAQC": "Y", "MADS": null }, "geometry": { "type": "Point", "coordinates": [ -104.607503745900431, 42.997506026219824 ] } },
{ "type": "Feature", "properties": { "ICF_ID": 22007, "DB_ALIAS": 5, "DBUNIQUE": "0560270102", "LATITUDE": 43.0106, "LONGITUDE": -104.7042, "DATUM": null, "COUNTY_NAM": null, "CNTY_FIPS": "027", "STATE_NAME": "WYOMING", "STATE_CODE": null, "MINE_NAME": "LIGHTNING CREEK AREA", "QC_FLAG": null, "ZIPCODE": null, "QAQC": "Y", "MADS": null }, "geometry": { "type": "Point", "coordinates": [ -104.704170753165144, 43.010562034555853 ] } },
{ "type": "Feature", "properties": { "ICF_ID": 22008, "DB_ALIAS": 5, "DBUNIQUE": "0560270103", "LATITUDE": 42.9975, "LONGITUDE": -104.6075, "DATUM": null, "COUNTY_NAM": null, "CNTY_FIPS": "027", "STATE_NAME": "WYOMING", "STATE_CODE": null, "MINE_NAME": "NELSON RANCH", "QC_FLAG": null, "ZIPCODE": null, "QAQC": "Y", "MADS": null }, "geometry": { "type": "Point", "coordinates": [ -104.607503745900431, 42.997506026219824 ] } },
{ "type": "Feature", "properties": { "ICF_ID": 22009, "DB_ALIAS": 5, "DBUNIQUE": "0560270104", "LATITUDE": 43.0106, "LONGITUDE": -104.7042, "DATUM": null, "COUNTY_NAM": null, "CNTY_FIPS": "027", "STATE_NAME": "WYOMING", "STATE_CODE": null, "MINE_NAME": "NEW HOPE", "QC_FLAG": null, "ZIPCODE": null, "QAQC": "Y", "MADS": null }, "geometry": { "type": "Point", "coordinates": [ -104.704170753165144, 43.010562034555853 ] } },
{ "type": "Feature", "properties": { "ICF_ID": 22010, "DB_ALIAS": 5, "DBUNIQUE": "0560270105", "LATITUDE": 43.1817, "LONGITUDE": -104.3097, "DATUM": null, "COUNTY_NAM": null, "CNTY_FIPS": "027", "STATE_NAME": "WYOMING", "STATE_CODE": null, "MINE_NAME": "OLD WOMAN ANTICLINE", "QC_FLAG": null, "ZIPCODE": null, "QAQC": "Y", "MADS": null }, "geometry": { "type": "Point", "coordinates": [ -104.309726805505107, 43.181671951095126 ] } },
{ "type": "Feature", "properties": { "ICF_ID": 22011, "DB_ALIAS": 5, "DBUNIQUE": "0560270106", "LATITUDE": 42.9217, "LONGITUDE": -104.8469, "DATUM": null, "COUNTY_NAM": null, "CNTY_FIPS": "027", "STATE_NAME": "WYOMING", "STATE_CODE": null, "MINE_NAME": "UNKNOWN", "QC_FLAG": null, "ZIPCODE": null, "QAQC": "Y", "MADS": null }, "geometry": { "type": "Point", "coordinates": [ -104.846947593775823, 42.921673227811304 ] } },
{ "type": "Feature", "properties": { "ICF_ID": 22012, "DB_ALIAS": 5, "DBUNIQUE": "0560270107", "LATITUDE": 43.1772, "LONGITUDE": -104.3158, "DATUM": null, "COUNTY_NAM": null, "CNTY_FIPS": "027", "STATE_NAME": "WYOMING", "STATE_CODE": null, "MINE_NAME": "UNKNOWN", "QC_FLAG": null, "ZIPCODE": null, "QAQC": "Y", "MADS": null }, "geometry": { "type": "Point", "coordinates": [ -104.315837771125828, 43.177226979634703 ] } },
{ "type": "Feature", "properties": { "ICF_ID": 22032, "DB_ALIAS": 5, "DBUNIQUE": "0560310104", "LATITUDE": 42.5847, "LONGITUDE": -105.0967, "DATUM": null, "COUNTY_NAM": null, "CNTY_FIPS": "031", "STATE_NAME": "WYOMING", "STATE_CODE": null, "MINE_NAME": "UNKNOWN", "QC_FLAG": null, "ZIPCODE": null, "QAQC": "Y", "MADS": null }, "geometry": { "type": "Point", "coordinates": [ -105.096669958508315, 42.584727814281464 ] } },
{ "type": "Feature", "properties": { "ICF_ID": 22205, "DB_ALIAS": 5, "DBUNIQUE": "0560450031", "LATITUDE": 43.9761, "LONGITUDE": -104.5811, "DATUM": null, "COUNTY_NAM": null, "CNTY_FIPS": "045", "STATE_NAME": "WYOMING", "STATE_CODE": null, "MINE_NAME": "FARCLIN (?)", "QC_FLAG": null, "ZIPCODE": null, "QAQC": null, "MADS": null }, "geometry": { "type": "Point", "coordinates": [ -104.5811114762854, 43.976110174777958 ] } },
{ "type": "Feature", "properties": { "ICF_ID": 22206, "DB_ALIAS": 5, "DBUNIQUE": "0560450032", "LATITUDE": 44.0828, "LONGITUDE": -104.4078, "DATUM": null, "COUNTY_NAM": null, "CNTY_FIPS": "045", "STATE_NAME": "WYOMING", "STATE_CODE": null, "MINE_NAME": "FARLEY NO.1", "QC_FLAG": null, "ZIPCODE": null, "QAQC": "Y", "MADS": null }, "geometry": { "type": "Point", "coordinates": [ -104.40777857979478, 44.082778466852034 ] } },
{ "type": "Feature", "properties": { "ICF_ID": 22207, "DB_ALIAS": 5, "DBUNIQUE": "0560450033", "LATITUDE": 44.0828, "LONGITUDE": -104.4269, "DATUM": null, "COUNTY_NAM": null, "CNTY_FIPS": "045", "STATE_NAME": "WYOMING", "STATE_CODE": null, "MINE_NAME": "FARLEY NO.2", "QC_FLAG": null, "ZIPCODE": null, "QAQC": "Y", "MADS": null }, "geometry": { "type": "Point", "coordinates": [ -104.42694439726003, 44.082778399463109 ] } },
{ "type": "Feature", "properties": { "ICF_ID": 22208, "DB_ALIAS": 5, "DBUNIQUE": "0560450034", "LATITUDE": 44.0672, "LONGITUDE": -104.4078, "DATUM": null, "COUNTY_NAM": null, "CNTY_FIPS": "045", "STATE_NAME": "WYOMING", "STATE_CODE": null, "MINE_NAME": "FARLEY NO.3", "QC_FLAG": null, "ZIPCODE": null, "QAQC": "Y", "MADS": null }, "geometry": { "type": "Point", "coordinates": [ -104.407778477840452, 44.067222375091767 ] } },
{ "type": "Feature", "properties": { "ICF_ID": 22209, "DB_ALIAS": 5, "DBUNIQUE": "0560450035", "LATITUDE": 43.6336, "LONGITUDE": -104.0919, "DATUM": null, "COUNTY_NAM": null, "CNTY_FIPS": "045", "STATE_NAME": "WYOMING", "STATE_CODE": null, "MINE_NAME": "FOSTER", "QC_FLAG": null, "ZIPCODE": null, "QAQC": null, "MADS": null }, "geometry": { "type": "Point", "coordinates": [ -104.091949040149572, 43.633614480931506 ] } },
{ "type": "Feature", "properties": { "ICF_ID": 22210, "DB_ALIAS": 5, "DBUNIQUE": "0560450036", "LATITUDE": 43.98, "LONGITUDE": -104.25, "DATUM": null, "COUNTY_NAM": null, "CNTY_FIPS": "045", "STATE_NAME": "WYOMING", "STATE_CODE": null, "MINE_NAME": "GOODSON PROP NO 1", "QC_FLAG": null, "ZIPCODE": null, "QAQC": null, "MADS": null }, "geometry": { "type": "Point", "coordinates": [ -104.250001983594416, 43.98000141855259 ] } },
{ "type": "Feature", "properties": { "ICF_ID": 22211, "DB_ALIAS": 5, "DBUNIQUE": "0560450037", "LATITUDE": 43.9619, "LONGITUDE": -104.2428, "DATUM": null, "COUNTY_NAM": null, "CNTY_FIPS": "045", "STATE_NAME": "WYOMING", "STATE_CODE": null, "MINE_NAME": "GOODSON PROP NO 2", "QC_FLAG": null, "ZIPCODE": null, "QAQC": null, "MADS": null }, "geometry": { "type": "Point", "coordinates": [ -104.24278012488989, 43.961945540899336 ] } },
{ "type": "Feature", "properties": { "ICF_ID": 22212, "DB_ALIAS": 5, "DBUNIQUE": "0560450038", "LATITUDE": 43.8806, "LONGITUDE": -104.2075, "DATUM": null, "COUNTY_NAM": null, "CNTY_FIPS": "045", "STATE_NAME": "WYOMING", "STATE_CODE": null, "MINE_NAME": "RUSHMORE CLARETON U. PROP.", "QC_FLAG": null, "ZIPCODE": null, "QAQC": null, "MADS": null }, "geometry": { "type": "Point", "coordinates": [ -104.207502802678789, 43.880558090845177 ] } },
{ "type": "Feature", "properties": { "ICF_ID": 22213, "DB_ALIAS": 5, "DBUNIQUE": "0560450039", "LATITUDE": 43.6336, "LONGITUDE": -104.0572, "DATUM": null, "COUNTY_NAM": null, "CNTY_FIPS": "045", "STATE_NAME": "WYOMING", "STATE_CODE": null, "MINE_NAME": "L. SHUCK PROPERTY", "QC_FLAG": null, "ZIPCODE": null, "QAQC": null, "MADS": null }, "geometry": { "type": "Point", "coordinates": [ -104.057227201791193, 43.633614503723322 ] } },
{ "type": "Feature", "properties": { "ICF_ID": 22214, "DB_ALIAS": 5, "DBUNIQUE": "0560450040", "LATITUDE": 43.6186, "LONGITUDE": -104.0725, "DATUM": null, "COUNTY_NAM": null, "CNTY_FIPS": "045", "STATE_NAME": "WYOMING", "STATE_CODE": null, "MINE_NAME": "WICKER & BALDWIN", "QC_FLAG": null, "ZIPCODE": null, "QAQC": null, "MADS": null }, "geometry": { "type": "Point", "coordinates": [ -104.072505237054955, 43.618614550202388 ] } },
{ "type": "Feature", "properties": { "ICF_ID": 22216, "DB_ALIAS": 5, "DBUNIQUE": "0560450052", "LATITUDE": 43.6372, "LONGITUDE": -104.0869, "DATUM": null, "COUNTY_NAM": null, "CNTY_FIPS": "045", "STATE_NAME": "WYOMING", "STATE_CODE": null, "MINE_NAME": "ALRAY PROSPECT", "QC_FLAG": null, "ZIPCODE": null, "QAQC": null, "MADS": null }, "geometry": { "type": "Point", "coordinates": [ -104.086949038264095, 43.637225470312394 ] } },
{ "type": "Feature", "properties": { "ICF_ID": 22217, "DB_ALIAS": 5, "DBUNIQUE": "0560450055", "LATITUDE": 43.6189, "LONGITUDE": -104.0803, "DATUM": null, "COUNTY_NAM": null, "CNTY_FIPS": "045", "STATE_NAME": "WYOMING", "STATE_CODE": null, "MINE_NAME": "ELK MOUNTAIN", "QC_FLAG": null, "ZIPCODE": null, "QAQC": null, "MADS": null }, "geometry": { "type": "Point", "coordinates": [ -104.080283197888477, 43.618892544703527 ] } },
{ "type": "Feature", "properties": { "ICF_ID": 22218, "DB_ALIAS": 5, "DBUNIQUE": "0560450057", "LATITUDE": 44.6736, "LONGITUDE": -104.0931, "DATUM": null, "COUNTY_NAM": null, "CNTY_FIPS": "045", "STATE_NAME": "WYOMING", "STATE_CODE": null, "MINE_NAME": "HEETLAND", "QC_FLAG": null, "ZIPCODE": null, "QAQC": "Y", "MADS": null }, "geometry": { "type": "Point", "coordinates": [ -104.093058115613104, 44.673613745795443 ] } },
{ "type": "Feature", "properties": { "ICF_ID": 22219, "DB_ALIAS": 5, "DBUNIQUE": "0560450058", "LATITUDE": 44.6817, "LONGITUDE": -104.0942, "DATUM": null, "COUNTY_NAM": null, "CNTY_FIPS": "045", "STATE_NAME": "WYOMING", "STATE_CODE": null, "MINE_NAME": "HELMER", "QC_FLAG": null, "ZIPCODE": null, "QAQC": "Y", "MADS": null }, "geometry": { "type": "Point", "coordinates": [ -104.094169101880027, 44.681669783638249 ] } },
{ "type": "Feature", "properties": { "ICF_ID": 22220, "DB_ALIAS": 5, "DBUNIQUE": "0560450059", "LATITUDE": 44.4656, "LONGITUDE": -104.7542, "DATUM": null, "COUNTY_NAM": null, "CNTY_FIPS": "045", "STATE_NAME": "WYOMING", "STATE_CODE": null, "MINE_NAME": "HOMESTAKE 2", "QC_FLAG": null, "ZIPCODE": null, "QAQC": "Y", "MADS": null }, "geometry": { "type": "Point", "coordinates": [ -104.754171278210862, 44.465558879992763 ] } },
{ "type": "Feature", "properties": { "ICF_ID": 22221, "DB_ALIAS": 5, "DBUNIQUE": "0560450060", "LATITUDE": 44.7639, "LONGITUDE": -104.8797, "DATUM": null, "COUNTY_NAM": null, "CNTY_FIPS": "045", "STATE_NAME": "WYOMING", "STATE_CODE": null, "MINE_NAME": "HOMESTAKE PIT NO. 1", "QC_FLAG": null, "ZIPCODE": null, "QAQC": "Y", "MADS": null }, "geometry": { "type": "Point", "coordinates": [ -104.879726480371531, 44.763892977387783 ] } },
{ "type": "Feature", "properties": { "ICF_ID": 22222, "DB_ALIAS": 5, "DBUNIQUE": "0560450061", "LATITUDE": 44.7639, "LONGITUDE": -104.8797, "DATUM": null, "COUNTY_NAM": null, "CNTY_FIPS": "045", "STATE_NAME": "WYOMING", "STATE_CODE": null, "MINE_NAME": "HOMESTAKE PIT NO. 2", "QC_FLAG": null, "ZIPCODE": null, "QAQC": "Y", "MADS": null }, "geometry": { "type": "Point", "coordinates": [ -104.879726480371531, 44.763892977387783 ] } },
{ "type": "Feature", "properties": { "ICF_ID": 22223, "DB_ALIAS": 5, "DBUNIQUE": "0560450062", "LATITUDE": 44.7792, "LONGITUDE": -104.8814, "DATUM": null, "COUNTY_NAM": null, "CNTY_FIPS": "045", "STATE_NAME": "WYOMING", "STATE_CODE": null, "MINE_NAME": "HOMESTAKE PIT NO. 3", "QC_FLAG": null, "ZIPCODE": null, "QAQC": "Y", "MADS": null }, "geometry": { "type": "Point", "coordinates": [ -104.881393447666426, 44.779170982560544 ] } },
{ "type": "Feature", "properties": { "ICF_ID": 22224, "DB_ALIAS": 5, "DBUNIQUE": "0560450063", "LATITUDE": 44.7792, "LONGITUDE": -104.8814, "DATUM": null, "COUNTY_NAM": null, "CNTY_FIPS": "045", "STATE_NAME": "WYOMING", "STATE_CODE": null, "MINE_NAME": "HOMESTAKE PIT NO. 4", "QC_FLAG": null, "ZIPCODE": null, "QAQC": "Y", "MADS": null }, "geometry": { "type": "Point", "coordinates": [ -104.881393447666426, 44.779170982560544 ] } },
{ "type": "Feature", "properties": { "ICF_ID": 22225, "DB_ALIAS": 5, "DBUNIQUE": "0560450064", "LATITUDE": 44.7639, "LONGITUDE": -104.8797, "DATUM": null, "COUNTY_NAM": null, "CNTY_FIPS": "045", "STATE_NAME": "WYOMING", "STATE_CODE": null, "MINE_NAME": "HOMESTAKE PIT NO. 5", "QC_FLAG": null, "ZIPCODE": null, "QAQC": "Y", "MADS": null }, "geometry": { "type": "Point", "coordinates": [ -104.879726480371531, 44.763892977387783 ] } },
{ "type": "Feature", "properties": { "ICF_ID": 22226, "DB_ALIAS": 5, "DBUNIQUE": "0560450066", "LATITUDE": 44.7794, "LONGITUDE": -104.9011, "DATUM": null, "COUNTY_NAM": null, "CNTY_FIPS": "045", "STATE_NAME": "WYOMING", "STATE_CODE": null, "MINE_NAME": "LEWIS DENNIS", "QC_FLAG": null, "ZIPCODE": null, "QAQC": "Y", "MADS": null }, "geometry": { "type": "Point", "coordinates": [ -104.901115603831713, 44.779448044195547 ] } },
{ "type": "Feature", "properties": { "ICF_ID": 22227, "DB_ALIAS": 5, "DBUNIQUE": "0560450067", "LATITUDE": 44.4739, "LONGITUDE": -104.7103, "DATUM": null, "COUNTY_NAM": null, "CNTY_FIPS": "045", "STATE_NAME": "WYOMING", "STATE_CODE": null, "MINE_NAME": "MYERS", "QC_FLAG": null, "ZIPCODE": null, "QAQC": "Y", "MADS": null }, "geometry": { "type": "Point", "coordinates": [ -104.710282126342406, 44.473891845396409 ] } },
{ "type": "Feature", "properties": { "ICF_ID": 22228, "DB_ALIAS": 5, "DBUNIQUE": "0560450068", "LATITUDE": 44.6728, "LONGITUDE": -104.0819, "DATUM": null, "COUNTY_NAM": null, "CNTY_FIPS": "045", "STATE_NAME": "WYOMING", "STATE_CODE": null, "MINE_NAME": "NELSON", "QC_FLAG": null, "ZIPCODE": null, "QAQC": "Y", "MADS": null }, "geometry": { "type": "Point", "coordinates": [ -104.08194607175227, 44.672780753871827 ] } },
{ "type": "Feature", "properties": { "ICF_ID": 22229, "DB_ALIAS": 5, "DBUNIQUE": "0560450070", "LATITUDE": 44.4622, "LONGITUDE": -104.7697, "DATUM": null, "COUNTY_NAM": null, "CNTY_FIPS": "045", "STATE_NAME": "WYOMING", "STATE_CODE": null, "MINE_NAME": "SHANNON LEASE", "QC_FLAG": null, "ZIPCODE": null, "QAQC": "Y", "MADS": null }, "geometry": { "type": "Point", "coordinates": [ -104.769726377306114, 44.462224906870595 ] } },
{ "type": "Feature", "properties": { "ICF_ID": 22230, "DB_ALIAS": 5, "DBUNIQUE": "0560450071", "LATITUDE": 44.6736, "LONGITUDE": -104.0931, "DATUM": null, "COUNTY_NAM": null, "CNTY_FIPS": "045", "STATE_NAME": "WYOMING", "STATE_CODE": null, "MINE_NAME": "SISSON", "QC_FLAG": null, "ZIPCODE": null, "QAQC": "Y", "MADS": null }, "geometry": { "type": "Point", "coordinates": [ -104.093058115613104, 44.673613745795443 ] } },
{ "type": "Feature", "properties": { "ICF_ID": 22231, "DB_ALIAS": 5, "DBUNIQUE": "0560450072", "LATITUDE": 44.7792, "LONGITUDE": -104.8814, "DATUM": null, "COUNTY_NAM": null, "CNTY_FIPS": "045", "STATE_NAME": "WYOMING", "STATE_CODE": null, "MINE_NAME": "SODAK MINE", "QC_FLAG": null, "ZIPCODE": null, "QAQC": "Y", "MADS": null }, "geometry": { "type": "Point", "coordinates": [ -104.881393447666426, 44.779170982560544 ] } },
{ "type": "Feature", "properties": { "ICF_ID": 22232, "DB_ALIAS": 5, "DBUNIQUE": "0560450073", "LATITUDE": 44.4739, "LONGITUDE": -104.7103, "DATUM": null, "COUNTY_NAM": null, "CNTY_FIPS": "045", "STATE_NAME": "WYOMING", "STATE_CODE": null, "MINE_NAME": "SUNNY DIVIDE", "QC_FLAG": null, "ZIPCODE": null, "QAQC": "Y", "MADS": null }, "geometry": { "type": "Point", "coordinates": [ -104.710282126342406, 44.473891845396409 ] } },
{ "type": "Feature", "properties": { "ICF_ID": 22233, "DB_ALIAS": 5, "DBUNIQUE": "0560450075", "LATITUDE": 44.8122, "LONGITUDE": -104.7439, "DATUM": null, "COUNTY_NAM": null, "CNTY_FIPS": "045", "STATE_NAME": "WYOMING", "STATE_CODE": null, "MINE_NAME": "VICKERS MINE", "QC_FLAG": null, "ZIPCODE": null, "QAQC": "Y", "MADS": null }, "geometry": { "type": "Point", "coordinates": [ -104.743892401353719, 44.812225577586702 ] } },
{ "type": "Feature", "properties": { "ICF_ID": 22234, "DB_ALIAS": 5, "DBUNIQUE": "0560450077", "LATITUDE": 43.9586, "LONGITUDE": -104.1806, "DATUM": null, "COUNTY_NAM": null, "CNTY_FIPS": "045", "STATE_NAME": "WYOMING", "STATE_CODE": null, "MINE_NAME": "UNKNOWN", "QC_FLAG": null, "ZIPCODE": null, "QAQC": null, "MADS": null }, "geometry": { "type": "Point", "coordinates": [ -104.180558237332932, 43.958612666512153 ] } },
{ "type": "Feature", "properties": { "ICF_ID": 22329, "DB_ALIAS": 4, "DBUNIQUE": "DC08833", "LATITUDE": 45.1411, "LONGITUDE": -104.9275, "DATUM": null, "COUNTY_NAM": "CARTER", "CNTY_FIPS": null, "STATE_NAME": null, "STATE_CODE": "MT", "MINE_NAME": "RICHARDSON RANCH", "QC_FLAG": null, "ZIPCODE": null, "QAQC": null, "MADS": null }, "geometry": { "type": "Point", "coordinates": [ -104.927503114440611, 45.141103702140924 ] } },
{ "type": "Feature", "properties": { "ICF_ID": 22778, "DB_ALIAS": 4, "DBUNIQUE": "D000619", "LATITUDE": 43.3833, "LONGITUDE": -103.8167, "DATUM": null, "COUNTY_NAM": "FALL RIVER", "CNTY_FIPS": null, "STATE_NAME": null, "STATE_CODE": "SD", "MINE_NAME": "RUNGE", "QC_FLAG": null, "ZIPCODE": null, "QAQC": "Y", "MADS": null }, "geometry": { "type": "Point", "coordinates": [ -103.816706137770964, 43.383304481100026 ] } },
{ "type": "Feature", "properties": { "ICF_ID": 22779, "DB_ALIAS": 4, "DBUNIQUE": "D000621", "LATITUDE": 43.75, "LONGITUDE": -102.6333, "DATUM": null, "COUNTY_NAM": "PENNINGTON", "CNTY_FIPS": null, "STATE_NAME": null, "STATE_CODE": "SD", "MINE_NAME": "SCENIC", "QC_FLAG": null, "ZIPCODE": null, "QAQC": null, "MADS": null }, "geometry": { "type": "Point", "coordinates": [ -102.633298547694267, 43.750003435645418 ] } },
{ "type": "Feature", "properties": { "ICF_ID": 22790, "DB_ALIAS": 4, "DBUNIQUE": "SD01502", "LATITUDE": 45.5356, "LONGITUDE": -103.1258, "DATUM": null, "COUNTY_NAM": "HARDING", "CNTY_FIPS": null, "STATE_NAME": null, "STATE_CODE": "SD", "MINE_NAME": "THYBOE PROSPECT", "QC_FLAG": null, "ZIPCODE": null, "QAQC": "Y", "MADS": null }, "geometry": { "type": "Point", "coordinates": [ -103.125801099220567, 45.535603109584557 ] } },
{ "type": "Feature", "properties": { "ICF_ID": 22791, "DB_ALIAS": 4, "DBUNIQUE": "SD01631", "LATITUDE": 45.4747, "LONGITUDE": -103.1586, "DATUM": null, "COUNTY_NAM": "HARDING", "CNTY_FIPS": null, "STATE_NAME": null, "STATE_CODE": "SD", "MINE_NAME": "UNNAMED MINE", "QC_FLAG": null, "ZIPCODE": null, "QAQC": "Y", "MADS": null }, "geometry": { "type": "Point", "coordinates": [ -103.158601134511983, 45.47470310702316 ] } },
{ "type": "Feature", "properties": { "ICF_ID": 22792, "DB_ALIAS": 4, "DBUNIQUE": "SD01659", "LATITUDE": 45.4025, "LONGITUDE": -103.0581, "DATUM": null, "COUNTY_NAM": "HARDING", "CNTY_FIPS": null, "STATE_NAME": null, "STATE_CODE": "SD", "MINE_NAME": "UNNAMED MINE", "QC_FLAG": null, "ZIPCODE": null, "QAQC": "Y", "MADS": null }, "geometry": { "type": "Point", "coordinates": [ -103.058100957316967, 45.402502878796611 ] } },
{ "type": "Feature", "properties": { "ICF_ID": 22793, "DB_ALIAS": 4, "DBUNIQUE": "SD01660", "LATITUDE": 45.4025, "LONGITUDE": -103.0558, "DATUM": null, "COUNTY_NAM": "HARDING", "CNTY_FIPS": null, "STATE_NAME": null, "STATE_CODE": "SD", "MINE_NAME": "UNNAMED MINE", "QC_FLAG": null, "ZIPCODE": null, "QAQC": "Y", "MADS": null }, "geometry": { "type": "Point", "coordinates": [ -103.05580095362879, 45.402502875646945 ] } },
{ "type": "Feature", "properties": { "ICF_ID": 22794, "DB_ALIAS": 4, "DBUNIQUE": "SD01681", "LATITUDE": 45.3739, "LONGITUDE": -103.1164, "DATUM": null, "COUNTY_NAM": "HARDING", "CNTY_FIPS": null, "STATE_NAME": null, "STATE_CODE": "SD", "MINE_NAME": "UNNAMED MINE", "QC_FLAG": null, "ZIPCODE": null, "QAQC": "Y", "MADS": null }, "geometry": { "type": "Point", "coordinates": [ -103.116401047241638, 45.373902931692086 ] } },
{ "type": "Feature", "properties": { "ICF_ID": 22795, "DB_ALIAS": 4, "DBUNIQUE": "SD01682", "LATITUDE": 45.3842, "LONGITUDE": -103.0992, "DATUM": null, "COUNTY_NAM": "HARDING", "CNTY_FIPS": null, "STATE_NAME": null, "STATE_CODE": "SD", "MINE_NAME": "UNNAMED MINE", "QC_FLAG": null, "ZIPCODE": null, "QAQC": "Y", "MADS": null }, "geometry": { "type": "Point", "coordinates": [ -103.099201021671007, 45.384202920174268 ] } },
{ "type": "Feature", "properties": { "ICF_ID": 22796, "DB_ALIAS": 4, "DBUNIQUE": "SD01684", "LATITUDE": 45.3831, "LONGITUDE": -103.0522, "DATUM": null, "COUNTY_NAM": "HARDING", "CNTY_FIPS": null, "STATE_NAME": null, "STATE_CODE": "SD", "MINE_NAME": "UNNAMED MINE", "QC_FLAG": null, "ZIPCODE": null, "QAQC": "Y", "MADS": null }, "geometry": { "type": "Point", "coordinates": [ -103.05220094831742, 45.383102861675226 ] } },
{ "type": "Feature", "properties": { "ICF_ID": 22797, "DB_ALIAS": 4, "DBUNIQUE": "SD01687", "LATITUDE": 45.3589, "LONGITUDE": -103.0839, "DATUM": null, "COUNTY_NAM": "HARDING", "CNTY_FIPS": null, "STATE_NAME": null, "STATE_CODE": "SD", "MINE_NAME": "UNNAMED MINE", "QC_FLAG": null, "ZIPCODE": null, "QAQC": "Y", "MADS": null }, "geometry": { "type": "Point", "coordinates": [ -103.083900996531824, 45.358902883560624 ] } },
{ "type": "Feature", "properties": { "ICF_ID": 22798, "DB_ALIAS": 4, "DBUNIQUE": "SD01697", "LATITUDE": 45.3481, "LONGITUDE": -103.0547, "DATUM": null, "COUNTY_NAM": "HARDING", "CNTY_FIPS": null, "STATE_NAME": null, "STATE_CODE": "SD", "MINE_NAME": "UNNAMED MINE", "QC_FLAG": null, "ZIPCODE": null, "QAQC": "Y", "MADS": null }, "geometry": { "type": "Point", "coordinates": [ -103.05470095284457, 45.348102847777987 ] } },
{ "type": "Feature", "properties": { "ICF_ID": 22799, "DB_ALIAS": 4, "DBUNIQUE": "SD01718", "LATITUDE": 45.4147, "LONGITUDE": -103.1356, "DATUM": null, "COUNTY_NAM": "HARDING", "CNTY_FIPS": null, "STATE_NAME": null, "STATE_CODE": "SD", "MINE_NAME": "CEDAR CANYON - THYBO WELL", "QC_FLAG": null, "ZIPCODE": null, "QAQC": "Y", "MADS": null }, "geometry": { "type": "Point", "coordinates": [ -103.135601083654564, 45.414702998155342 ] } },
{ "type": "Feature", "properties": { "ICF_ID": 22800, "DB_ALIAS": 4, "DBUNIQUE": "SD01729", "LATITUDE": 45.3758, "LONGITUDE": -103.1439, "DATUM": null, "COUNTY_NAM": "HARDING", "CNTY_FIPS": null, "STATE_NAME": null, "STATE_CODE": "SD", "MINE_NAME": "CEDAR CANYON - THYBO SPRING", "QC_FLAG": null, "ZIPCODE": null, "QAQC": "Y", "MADS": null }, "geometry": { "type": "Point", "coordinates": [ -103.143901089879449, 45.375802965697595 ] } },
{ "type": "Feature", "properties": { "ICF_ID": 22801, "DB_ALIAS": 4, "DBUNIQUE": "SD01748", "LATITUDE": 45.3711, "LONGITUDE": -103.1586, "DATUM": null, "COUNTY_NAM": "HARDING", "CNTY_FIPS": null, "STATE_NAME": null, "STATE_CODE": "SD", "MINE_NAME": "CEDAR CANYON", "QC_FLAG": null, "ZIPCODE": null, "QAQC": "Y", "MADS": null }, "geometry": { "type": "Point", "coordinates": [ -103.158601111500829, 45.37110297702057 ] } },
{ "type": "Feature", "properties": { "ICF_ID": 22802, "DB_ALIAS": 4, "DBUNIQUE": "SD01749", "LATITUDE": 45.3708, "LONGITUDE": -103.1608, "DATUM": null, "COUNTY_NAM": "HARDING", "CNTY_FIPS": null, "STATE_NAME": null, "STATE_CODE": "SD", "MINE_NAME": "CEDAR CANYON - SPLE. NO. 1", "QC_FLAG": null, "ZIPCODE": null, "QAQC": "Y", "MADS": null }, "geometry": { "type": "Point", "coordinates": [ -103.160801114800847, 45.37080297913981 ] } },
{ "type": "Feature", "properties": { "ICF_ID": 22803, "DB_ALIAS": 4, "DBUNIQUE": "SD01750", "LATITUDE": 45.3706, "LONGITUDE": -103.1603, "DATUM": null, "COUNTY_NAM": "HARDING", "CNTY_FIPS": null, "STATE_NAME": null, "STATE_CODE": "SD", "MINE_NAME": "CEDAR CANYON - SPLE. NO. 2", "QC_FLAG": null, "ZIPCODE": null, "QAQC": "Y", "MADS": null }, "geometry": { "type": "Point", "coordinates": [ -103.160301113990499, 45.370602978319113 ] } },
{ "type": "Feature", "properties": { "ICF_ID": 22804, "DB_ALIAS": 4, "DBUNIQUE": "SD01751", "LATITUDE": 45.3706, "LONGITUDE": -103.1603, "DATUM": null, "COUNTY_NAM": "HARDING", "CNTY_FIPS": null, "STATE_NAME": null, "STATE_CODE": "SD", "MINE_NAME": "CEDAR CANYON - SPLE. NO. 3", "QC_FLAG": null, "ZIPCODE": null, "QAQC": "Y", "MADS": null }, "geometry": { "type": "Point", "coordinates": [ -103.160301113990499, 45.370602978319113 ] } },
{ "type": "Feature", "properties": { "ICF_ID": 22805, "DB_ALIAS": 4, "DBUNIQUE": "SD01752", "LATITUDE": 45.3706, "LONGITUDE": -103.1603, "DATUM": null, "COUNTY_NAM": "HARDING", "CNTY_FIPS": null, "STATE_NAME": null, "STATE_CODE": "SD", "MINE_NAME": "CEDAR CANYON - SPLE. NO. 4", "QC_FLAG": null, "ZIPCODE": null, "QAQC": "Y", "MADS": null }, "geometry": { "type": "Point", "coordinates": [ -103.160301113990499, 45.370602978319113 ] } },
{ "type": "Feature", "properties": { "ICF_ID": 22806, "DB_ALIAS": 4, "DBUNIQUE": "SD01753", "LATITUDE": 45.3706, "LONGITUDE": -103.1603, "DATUM": null, "COUNTY_NAM": "HARDING", "CNTY_FIPS": null, "STATE_NAME": null, "STATE_CODE": "SD", "MINE_NAME": "CEDAR CANYON - SPLE. NO. 5", "QC_FLAG": null, "ZIPCODE": null, "QAQC": "Y", "MADS": null }, "geometry": { "type": "Point", "coordinates": [ -103.160301113990499, 45.370602978319113 ] } },
{ "type": "Feature", "properties": { "ICF_ID": 22807, "DB_ALIAS": 4, "DBUNIQUE": "SD01754", "LATITUDE": 45.3703, "LONGITUDE": -103.16, "DATUM": null, "COUNTY_NAM": "HARDING", "CNTY_FIPS": null, "STATE_NAME": null, "STATE_CODE": "SD", "MINE_NAME": "CEDAR CANYON - SPLE. NO. 6", "QC_FLAG": null, "ZIPCODE": null, "QAQC": "Y", "MADS": null }, "geometry": { "type": "Point", "coordinates": [ -103.160001113463935, 45.370302977599636 ] } },
{ "type": "Feature", "properties": { "ICF_ID": 22808, "DB_ALIAS": 4, "DBUNIQUE": "SD01755", "LATITUDE": 45.37, "LONGITUDE": -103.1617, "DATUM": null, "COUNTY_NAM": "HARDING", "CNTY_FIPS": null, "STATE_NAME": null, "STATE_CODE": "SD", "MINE_NAME": "CEDAR CANYON - SPLE. NO. 7", "QC_FLAG": null, "ZIPCODE": null, "QAQC": "Y", "MADS": null }, "geometry": { "type": "Point", "coordinates": [ -103.161701115994688, 45.370002979138505 ] } },
{ "type": "Feature", "properties": { "ICF_ID": 22809, "DB_ALIAS": 4, "DBUNIQUE": "SD01756", "LATITUDE": 45.3628, "LONGITUDE": -103.1569, "DATUM": null, "COUNTY_NAM": "HARDING", "CNTY_FIPS": null, "STATE_NAME": null, "STATE_CODE": "SD", "MINE_NAME": "CEDAR CANYON - SPLE. NO. 8", "QC_FLAG": null, "ZIPCODE": null, "QAQC": "Y", "MADS": null }, "geometry": { "type": "Point", "coordinates": [ -103.156901107087165, 45.362802964777615 ] } },
{ "type": "Feature", "properties": { "ICF_ID": 22810, "DB_ALIAS": 4, "DBUNIQUE": "SD01757", "LATITUDE": 45.4, "LONGITUDE": -103.1697, "DATUM": null, "COUNTY_NAM": "HARDING", "CNTY_FIPS": null, "STATE_NAME": null, "STATE_CODE": "SD", "MINE_NAME": "CEDAR CANYON - SPLE. NO. 9", "QC_FLAG": null, "ZIPCODE": null, "QAQC": "Y", "MADS": null }, "geometry": { "type": "Point", "coordinates": [ -103.169701135655387, 45.400003028280551 ] } },
{ "type": "Feature", "properties": { "ICF_ID": 22811, "DB_ALIAS": 4, "DBUNIQUE": "SD01860", "LATITUDE": 45.375, "LONGITUDE": -103.625, "DATUM": null, "COUNTY_NAM": "HARDING", "CNTY_FIPS": null, "STATE_NAME": null, "STATE_CODE": "SD", "MINE_NAME": "REDIG QUAD", "QC_FLAG": null, "ZIPCODE": null, "QAQC": "Y", "MADS": null }, "geometry": { "type": "Point", "coordinates": [ -103.625001999516243, 45.375003105873667 ] } },
{ "type": "Feature", "properties": { "ICF_ID": 22812, "DB_ALIAS": 4, "DBUNIQUE": "SD01862", "LATITUDE": 45.375, "LONGITUDE": -103.8975, "DATUM": null, "COUNTY_NAM": "HARDING", "CNTY_FIPS": null, "STATE_NAME": null, "STATE_CODE": "SD", "MINE_NAME": "HARDING & ERICKSON NO. 1 QUADS", "QC_FLAG": null, "ZIPCODE": null, "QAQC": "Y", "MADS": null }, "geometry": { "type": "Point", "coordinates": [ -103.897502174536811, 45.375003517220136 ] } },
{ "type": "Feature", "properties": { "ICF_ID": 22813, "DB_ALIAS": 4, "DBUNIQUE": "SD02073", "LATITUDE": 44.3228, "LONGITUDE": -103.8003, "DATUM": null, "COUNTY_NAM": "LAWRENCE", "CNTY_FIPS": null, "STATE_NAME": null, "STATE_CODE": "SD", "MINE_NAME": "ROSS HANNIBAL GROUP", "QC_FLAG": null, "ZIPCODE": null, "QAQC": null, "MADS": null }, "geometry": { "type": "Point", "coordinates": [ -103.800301458547949, 44.32280252597635 ] } },
{ "type": "Feature", "properties": { "ICF_ID": 22814, "DB_ALIAS": 4, "DBUNIQUE": "SD02195", "LATITUDE": 44.0769, "LONGITUDE": -103.4786, "DATUM": null, "COUNTY_NAM": "PENNINGTON", "CNTY_FIPS": null, "STATE_NAME": null, "STATE_CODE": "SD", "MINE_NAME": "COPPER GLANCE", "QC_FLAG": null, "ZIPCODE": null, "QAQC": null, "MADS": null }, "geometry": { "type": "Point", "coordinates": [ -103.478599085220296, 44.076902642933852 ] } },
{ "type": "Feature", "properties": { "ICF_ID": 22973, "DB_ALIAS": 4, "DBUNIQUE": "D002433", "LATITUDE": 42.9833, "LONGITUDE": -105.25, "DATUM": null, "COUNTY_NAM": "NATRONA", "CNTY_FIPS": null, "STATE_NAME": null, "STATE_CODE": "WY", "MINE_NAME": "DRY LAKE AND ZERO CLAIMS", "QC_FLAG": null, "ZIPCODE": null, "QAQC": "Y", "MADS": null }, "geometry": { "type": "Point", "coordinates": [ -105.250004113205634, 42.983305831750194 ] } },
{ "type": "Feature", "properties": { "ICF_ID": 22976, "DB_ALIAS": 4, "DBUNIQUE": "D002797", "LATITUDE": 42.45, "LONGITUDE": -104.2333, "DATUM": null, "COUNTY_NAM": "SWEETWATER", "CNTY_FIPS": null, "STATE_NAME": null, "STATE_CODE": "WY", "MINE_NAME": "PHILLIP AND FLANAGAN CLAIMS", "QC_FLAG": null, "ZIPCODE": null, "QAQC": null, "MADS": null }, "geometry": { "type": "Point", "coordinates": [ -104.233300387731774, 42.450007042426037 ] } },
{ "type": "Feature", "properties": { "ICF_ID": 22983, "DB_ALIAS": 4, "DBUNIQUE": "W031619", "LATITUDE": 43.0997, "LONGITUDE": -105.5844, "DATUM": null, "COUNTY_NAM": "CONVERSE", "CNTY_FIPS": null, "STATE_NAME": null, "STATE_CODE": "WY", "MINE_NAME": "MORTON RANCH URANIUM MINE", "QC_FLAG": null, "ZIPCODE": null, "QAQC": "Y", "MADS": null }, "geometry": { "type": "Point", "coordinates": [ -105.584404949669647, 43.099705428452886 ] } },
{ "type": "Feature", "properties": { "ICF_ID": 22988, "DB_ALIAS": 4, "DBUNIQUE": "W031624", "LATITUDE": 43.0833, "LONGITUDE": -105.525, "DATUM": null, "COUNTY_NAM": "CONVERSE", "CNTY_FIPS": null, "STATE_NAME": null, "STATE_CODE": "WY", "MINE_NAME": "HIGHLAND URANIUM OPERATION", "QC_FLAG": null, "ZIPCODE": null, "QAQC": "Y", "MADS": null }, "geometry": { "type": "Point", "coordinates": [ -105.525004774261319, 43.083305471638305 ] } },
{ "type": "Feature", "properties": { "ICF_ID": 22991, "DB_ALIAS": 4, "DBUNIQUE": "W031985", "LATITUDE": 43.2814, "LONGITUDE": -105.6139, "DATUM": null, "COUNTY_NAM": "CONVERSE", "CNTY_FIPS": null, "STATE_NAME": null, "STATE_CODE": "WY", "MINE_NAME": "BEAR CREEK", "QC_FLAG": null, "ZIPCODE": null, "QAQC": "Y", "MADS": null }, "geometry": { "type": "Point", "coordinates": [ -105.613905602206643, 43.281405391772942 ] } },
{ "type": "Feature", "properties": { "ICF_ID": 23034, "DB_ALIAS": 4, "DBUNIQUE": "W032738", "LATITUDE": 43.2144, "LONGITUDE": -105.6019, "DATUM": null, "COUNTY_NAM": "CONVERSE", "CNTY_FIPS": null, "STATE_NAME": null, "STATE_CODE": "WY", "MINE_NAME": "KERR MCGEE PAT CLAIM", "QC_FLAG": null, "ZIPCODE": null, "QAQC": "Y", "MADS": null }, "geometry": { "type": "Point", "coordinates": [ -105.601905347276983, 43.21440539154203 ] } },
{ "type": "Feature", "properties": { "ICF_ID": 23036, "DB_ALIAS": 4, "DBUNIQUE": "W032740", "LATITUDE": 44.7731, "LONGITUDE": -104.8806, "DATUM": null, "COUNTY_NAM": "CROOK", "CNTY_FIPS": null, "STATE_NAME": null, "STATE_CODE": "WY", "MINE_NAME": "NEW HAVEN (HOMESTAKE)", "QC_FLAG": null, "ZIPCODE": null, "QAQC": "Y", "MADS": null }, "geometry": { "type": "Point", "coordinates": [ -104.880604459772201, 44.773103980127452 ] } },
{ "type": "Feature", "properties": { "ICF_ID": 23037, "DB_ALIAS": 4, "DBUNIQUE": "W032741", "LATITUDE": 43.0872, "LONGITUDE": -105.375, "DATUM": null, "COUNTY_NAM": "CONVERSE", "CNTY_FIPS": null, "STATE_NAME": null, "STATE_CODE": "WY", "MINE_NAME": "D-15 CLAIM", "QC_FLAG": null, "ZIPCODE": null, "QAQC": "Y", "MADS": null }, "geometry": { "type": "Point", "coordinates": [ -105.37500458041815, 43.087205660832723 ] } },
{ "type": "Feature", "properties": { "ICF_ID": 23038, "DB_ALIAS": 4, "DBUNIQUE": "W032742", "LATITUDE": 43.0653, "LONGITUDE": -105.3475, "DATUM": null, "COUNTY_NAM": "CONVERSE", "CNTY_FIPS": null, "STATE_NAME": null, "STATE_CODE": "WY", "MINE_NAME": "UNIDENTIFIED OCCURRENCE", "QC_FLAG": null, "ZIPCODE": null, "QAQC": "Y", "MADS": null }, "geometry": { "type": "Point", "coordinates": [ -105.347504478182842, 43.065305706182897 ] } },
{ "type": "Feature", "properties": { "ICF_ID": 23040, "DB_ALIAS": 4, "DBUNIQUE": "W032744", "LATITUDE": 43.0089, "LONGITUDE": -105.4581, "DATUM": null, "COUNTY_NAM": "CONVERSE", "CNTY_FIPS": null, "STATE_NAME": null, "STATE_CODE": "WY", "MINE_NAME": "LAMB CLAIMS", "QC_FLAG": null, "ZIPCODE": null, "QAQC": "Y", "MADS": null }, "geometry": { "type": "Point", "coordinates": [ -105.458104427069301, 43.008905596635962 ] } },
{ "type": "Feature", "properties": { "ICF_ID": 23041, "DB_ALIAS": 4, "DBUNIQUE": "W032745", "LATITUDE": 43.0528, "LONGITUDE": -105.3264, "DATUM": null, "COUNTY_NAM": "CONVERSE", "CNTY_FIPS": null, "STATE_NAME": null, "STATE_CODE": "WY", "MINE_NAME": "D-9 CLAIM", "QC_FLAG": null, "ZIPCODE": null, "QAQC": "Y", "MADS": null }, "geometry": { "type": "Point", "coordinates": [ -105.326404414202145, 43.052805737191299 ] } },
{ "type": "Feature", "properties": { "ICF_ID": 23061, "DB_ALIAS": 4, "DBUNIQUE": "W032847", "LATITUDE": 43.0833, "LONGITUDE": -105.5236, "DATUM": null, "COUNTY_NAM": "CONVERSE", "CNTY_FIPS": null, "STATE_NAME": null, "STATE_CODE": "WY", "MINE_NAME": "BUFFALO SHAFT", "QC_FLAG": null, "ZIPCODE": null, "QAQC": "Y", "MADS": null }, "geometry": { "type": "Point", "coordinates": [ -105.523604771358549, 43.083305472524721 ] } },
{ "type": "Feature", "properties": { "ICF_ID": 23063, "DB_ALIAS": 4, "DBUNIQUE": "W032849", "LATITUDE": 43.5728, "LONGITUDE": -105.6194, "DATUM": null, "COUNTY_NAM": "CAMPBELL", "CNTY_FIPS": null, "STATE_NAME": null, "STATE_CODE": "WY", "MINE_NAME": "RENO CREEK PROJECT", "QC_FLAG": null, "ZIPCODE": null, "QAQC": "Y", "MADS": null }, "geometry": { "type": "Point", "coordinates": [ -105.619406578985505, 43.572805382886195 ] } },
{ "type": "Feature", "properties": { "ICF_ID": 23065, "DB_ALIAS": 4, "DBUNIQUE": "W032855", "LATITUDE": 42.7592, "LONGITUDE": -105.0911, "DATUM": null, "COUNTY_NAM": "CONVERSE", "CNTY_FIPS": null, "STATE_NAME": null, "STATE_CODE": "WY", "MINE_NAME": "LOST SPRINGS DISTRICT PROSPECT", "QC_FLAG": null, "ZIPCODE": null, "QAQC": "Y", "MADS": null }, "geometry": { "type": "Point", "coordinates": [ -105.091103342480437, 42.759206006670233 ] } },
{ "type": "Feature", "properties": { "ICF_ID": 23083, "DB_ALIAS": 4, "DBUNIQUE": "W032877", "LATITUDE": 42.4967, "LONGITUDE": -105.3503, "DATUM": null, "COUNTY_NAM": "CONVERSE", "CNTY_FIPS": null, "STATE_NAME": null, "STATE_CODE": "WY", "MINE_NAME": "TRAIL CREEK MINE", "QC_FLAG": null, "ZIPCODE": null, "QAQC": null, "MADS": null }, "geometry": { "type": "Point", "coordinates": [ -105.35030287125069, 42.496705389941717 ] } },
{ "type": "Feature", "properties": { "ICF_ID": 23084, "DB_ALIAS": 4, "DBUNIQUE": "W032878", "LATITUDE": 43.0478, "LONGITUDE": -104.6683, "DATUM": null, "COUNTY_NAM": "NIOBRARA", "CNTY_FIPS": null, "STATE_NAME": null, "STATE_CODE": "WY", "MINE_NAME": "DAVIS FEE LAND", "QC_FLAG": null, "ZIPCODE": null, "QAQC": "Y", "MADS": null }, "geometry": { "type": "Point", "coordinates": [ -104.668303848903221, 43.047805844061763 ] } },
{ "type": "Feature", "properties": { "ICF_ID": 23085, "DB_ALIAS": 4, "DBUNIQUE": "W032879", "LATITUDE": 43.065, "LONGITUDE": -104.6203, "DATUM": null, "COUNTY_NAM": "NIOBRARA", "CNTY_FIPS": null, "STATE_NAME": null, "STATE_CODE": "WY", "MINE_NAME": "MOORE CLAIM", "QC_FLAG": null, "ZIPCODE": null, "QAQC": "Y", "MADS": null }, "geometry": { "type": "Point", "coordinates": [ -104.620303904069345, 43.065005730184069 ] } },
{ "type": "Feature", "properties": { "ICF_ID": 23086, "DB_ALIAS": 4, "DBUNIQUE": "W032880", "LATITUDE": 43.0861, "LONGITUDE": -104.6742, "DATUM": null, "COUNTY_NAM": "NIOBRARA", "CNTY_FIPS": null, "STATE_NAME": null, "STATE_CODE": "WY", "MINE_NAME": "NELSON FEE LAND", "QC_FLAG": null, "ZIPCODE": null, "QAQC": "Y", "MADS": null }, "geometry": { "type": "Point", "coordinates": [ -104.674203935643575, 43.086105676535723 ] } },
{ "type": "Feature", "properties": { "ICF_ID": 23087, "DB_ALIAS": 4, "DBUNIQUE": "W032881", "LATITUDE": 43.1533, "LONGITUDE": -104.3128, "DATUM": null, "COUNTY_NAM": "NIOBRARA", "CNTY_FIPS": null, "STATE_NAME": null, "STATE_CODE": "WY", "MINE_NAME": "UNIDENTIFIED OCCURRENCE", "QC_FLAG": null, "ZIPCODE": null, "QAQC": "Y", "MADS": null }, "geometry": { "type": "Point", "coordinates": [ -104.312804693676199, 43.153305111023393 ] } },
{ "type": "Feature", "properties": { "ICF_ID": 23088, "DB_ALIAS": 4, "DBUNIQUE": "W032882", "LATITUDE": 42.7625, "LONGITUDE": -104.4856, "DATUM": null, "COUNTY_NAM": "NIOBRARA", "CNTY_FIPS": null, "STATE_NAME": null, "STATE_CODE": "WY", "MINE_NAME": "SILVER CLIFF MINE", "QC_FLAG": null, "ZIPCODE": null, "QAQC": "Y", "MADS": null }, "geometry": { "type": "Point", "coordinates": [ -104.485603035357499, 42.762506513908903 ] } },
{ "type": "Feature", "properties": { "ICF_ID": 23091, "DB_ALIAS": 4, "DBUNIQUE": "W032896", "LATITUDE": 43.1781, "LONGITUDE": -105.5889, "DATUM": null, "COUNTY_NAM": "CONVERSE", "CNTY_FIPS": null, "STATE_NAME": null, "STATE_CODE": "WY", "MINE_NAME": "DRILL HOLE #1 PROSPECT", "QC_FLAG": null, "ZIPCODE": null, "QAQC": "Y", "MADS": null }, "geometry": { "type": "Point", "coordinates": [ -105.588905208011766, 43.17810540139785 ] } },
{ "type": "Feature", "properties": { "ICF_ID": 23093, "DB_ALIAS": 4, "DBUNIQUE": "W032905", "LATITUDE": 44.4769, "LONGITUDE": -104.7286, "DATUM": null, "COUNTY_NAM": "CROOK", "CNTY_FIPS": null, "STATE_NAME": null, "STATE_CODE": "WY", "MINE_NAME": "CARLILE PROSPECT", "QC_FLAG": null, "ZIPCODE": null, "QAQC": "Y", "MADS": null }, "geometry": { "type": "Point", "coordinates": [ -104.728604195524454, 44.476902879275698 ] } },
{ "type": "Feature", "properties": { "ICF_ID": 23300, "DB_ALIAS": 22, "DBUNIQUE": "23", "LATITUDE": 45.3199, "LONGITUDE": -103.0435, "DATUM": null, "COUNTY_NAM": "Harding", "CNTY_FIPS": null, "STATE_NAME": null, "STATE_CODE": "SD", "MINE_NAME": null, "QC_FLAG": null, "ZIPCODE": null, "QAQC": "Y", "MADS": null }, "geometry": { "type": "Point", "coordinates": [ -103.043534937579949, 45.319871825646132 ] } },
{ "type": "Feature", "properties": { "ICF_ID": 23301, "DB_ALIAS": 22, "DBUNIQUE": "24", "LATITUDE": 45.3444, "LONGITUDE": -103.0393, "DATUM": null, "COUNTY_NAM": "Harding", "CNTY_FIPS": null, "STATE_NAME": null, "STATE_CODE": "SD", "MINE_NAME": null, "QC_FLAG": null, "ZIPCODE": null, "QAQC": "Y", "MADS": null }, "geometry": { "type": "Point", "coordinates": [ -103.039304930290939, 45.344385831526409 ] } },
{ "type": "Feature", "properties": { "ICF_ID": 23302, "DB_ALIAS": 22, "DBUNIQUE": "25", "LATITUDE": 45.3457, "LONGITUDE": -103.102, "DATUM": null, "COUNTY_NAM": "Harding", "CNTY_FIPS": null, "STATE_NAME": null, "STATE_CODE": "SD", "MINE_NAME": null, "QC_FLAG": null, "ZIPCODE": null, "QAQC": "Y", "MADS": null }, "geometry": { "type": "Point", "coordinates": [ -103.101967022478973, 45.345721891455007 ] } },
{ "type": "Feature", "properties": { "ICF_ID": 23303, "DB_ALIAS": 22, "DBUNIQUE": "26", "LATITUDE": 45.3605, "LONGITUDE": -103.0965, "DATUM": null, "COUNTY_NAM": "Harding", "CNTY_FIPS": null, "STATE_NAME": null, "STATE_CODE": "SD", "MINE_NAME": null, "QC_FLAG": null, "ZIPCODE": null, "QAQC": "Y", "MADS": null }, "geometry": { "type": "Point", "coordinates": [ -103.096464015535958, 45.360487897962777 ] } },
{ "type": "Feature", "properties": { "ICF_ID": 23304, "DB_ALIAS": 22, "DBUNIQUE": "27", "LATITUDE": 45.3754, "LONGITUDE": -103.103, "DATUM": null, "COUNTY_NAM": "Harding", "CNTY_FIPS": null, "STATE_NAME": null, "STATE_CODE": "SD", "MINE_NAME": null, "QC_FLAG": null, "ZIPCODE": null, "QAQC": "Y", "MADS": null }, "geometry": { "type": "Point", "coordinates": [ -103.102959026717997, 45.375431917422347 ] } },
{ "type": "Feature", "properties": { "ICF_ID": 23305, "DB_ALIAS": 22, "DBUNIQUE": "28", "LATITUDE": 45.3815, "LONGITUDE": -103.1097, "DATUM": null, "COUNTY_NAM": "Harding", "CNTY_FIPS": null, "STATE_NAME": null, "STATE_CODE": "SD", "MINE_NAME": null, "QC_FLAG": null, "ZIPCODE": null, "QAQC": "Y", "MADS": null }, "geometry": { "type": "Point", "coordinates": [ -103.109690037755513, 45.381528930729161 ] } },
{ "type": "Feature", "properties": { "ICF_ID": 23306, "DB_ALIAS": 22, "DBUNIQUE": "29", "LATITUDE": 45.4926, "LONGITUDE": -103.1897, "DATUM": null, "COUNTY_NAM": "Harding", "CNTY_FIPS": null, "STATE_NAME": null, "STATE_CODE": "SD", "MINE_NAME": null, "QC_FLAG": null, "ZIPCODE": null, "QAQC": "Y", "MADS": null }, "geometry": { "type": "Point", "coordinates": [ -103.18971419485149, 45.492580192839121 ] } },
{ "type": "Feature", "properties": { "ICF_ID": 23428, "DB_ALIAS": 22, "DBUNIQUE": "151", "LATITUDE": 45.3479, "LONGITUDE": -102.9687, "DATUM": null, "COUNTY_NAM": "Harding", "CNTY_FIPS": null, "STATE_NAME": null, "STATE_CODE": "SD", "MINE_NAME": null, "QC_FLAG": null, "ZIPCODE": null, "QAQC": null, "MADS": null }, "geometry": { "type": "Point", "coordinates": [ -102.968650838410781, 45.347872772521967 ] } },
{ "type": "Feature", "properties": { "ICF_ID": 23429, "DB_ALIAS": 22, "DBUNIQUE": "152", "LATITUDE": 45.3497, "LONGITUDE": -103.0382, "DATUM": null, "COUNTY_NAM": "Harding", "CNTY_FIPS": null, "STATE_NAME": null, "STATE_CODE": "SD", "MINE_NAME": null, "QC_FLAG": null, "ZIPCODE": null, "QAQC": "Y", "MADS": null }, "geometry": { "type": "Point", "coordinates": [ -103.038196928363433, 45.349720832419109 ] } },
{ "type": "Feature", "properties": { "ICF_ID": 23430, "DB_ALIAS": 22, "DBUNIQUE": "153", "LATITUDE": 45.3507, "LONGITUDE": -103.0525, "DATUM": null, "COUNTY_NAM": "Harding", "CNTY_FIPS": null, "STATE_NAME": null, "STATE_CODE": "SD", "MINE_NAME": null, "QC_FLAG": null, "ZIPCODE": null, "QAQC": "Y", "MADS": null }, "geometry": { "type": "Point", "coordinates": [ -103.052535949585675, 45.350683846895663 ] } },
{ "type": "Feature", "properties": { "ICF_ID": 23431, "DB_ALIAS": 22, "DBUNIQUE": "154", "LATITUDE": 45.3426, "LONGITUDE": -103.0514, "DATUM": null, "COUNTY_NAM": "Harding", "CNTY_FIPS": null, "STATE_NAME": null, "STATE_CODE": "SD", "MINE_NAME": null, "QC_FLAG": null, "ZIPCODE": null, "QAQC": "Y", "MADS": null }, "geometry": { "type": "Point", "coordinates": [ -103.051448948178162, 45.342635842118604 ] } },
{ "type": "Feature", "properties": { "ICF_ID": 23432, "DB_ALIAS": 22, "DBUNIQUE": "155", "LATITUDE": 45.3323, "LONGITUDE": -103.045, "DATUM": null, "COUNTY_NAM": "Harding", "CNTY_FIPS": null, "STATE_NAME": null, "STATE_CODE": "SD", "MINE_NAME": null, "QC_FLAG": null, "ZIPCODE": null, "QAQC": "Y", "MADS": null }, "geometry": { "type": "Point", "coordinates": [ -103.045004939152506, 45.332340831905007 ] } },
{ "type": "Feature", "properties": { "ICF_ID": 23433, "DB_ALIAS": 22, "DBUNIQUE": "156", "LATITUDE": 45.3451, "LONGITUDE": -103.0613, "DATUM": null, "COUNTY_NAM": "Harding", "CNTY_FIPS": null, "STATE_NAME": null, "STATE_CODE": "SD", "MINE_NAME": null, "QC_FLAG": null, "ZIPCODE": null, "QAQC": "Y", "MADS": null }, "geometry": { "type": "Point", "coordinates": [ -103.061305962613972, 45.345091852552706 ] } },
{ "type": "Feature", "properties": { "ICF_ID": 23434, "DB_ALIAS": 22, "DBUNIQUE": "157", "LATITUDE": 45.3486, "LONGITUDE": -103.0707, "DATUM": null, "COUNTY_NAM": "Harding", "CNTY_FIPS": null, "STATE_NAME": null, "STATE_CODE": "SD", "MINE_NAME": null, "QC_FLAG": null, "ZIPCODE": null, "QAQC": "Y", "MADS": null }, "geometry": { "type": "Point", "coordinates": [ -103.07067497646041, 45.348569863492585 ] } },
{ "type": "Feature", "properties": { "ICF_ID": 23435, "DB_ALIAS": 22, "DBUNIQUE": "158", "LATITUDE": 45.3426, "LONGITUDE": -103.0716, "DATUM": null, "COUNTY_NAM": "Harding", "CNTY_FIPS": null, "STATE_NAME": null, "STATE_CODE": "SD", "MINE_NAME": null, "QC_FLAG": null, "ZIPCODE": null, "QAQC": "Y", "MADS": null }, "geometry": { "type": "Point", "coordinates": [ -103.071608977715002, 45.342554860729301 ] } },
{ "type": "Feature", "properties": { "ICF_ID": 23436, "DB_ALIAS": 22, "DBUNIQUE": "159", "LATITUDE": 45.3317, "LONGITUDE": -103.0888, "DATUM": null, "COUNTY_NAM": "Harding", "CNTY_FIPS": null, "STATE_NAME": null, "STATE_CODE": "SD", "MINE_NAME": null, "QC_FLAG": null, "ZIPCODE": null, "QAQC": "Y", "MADS": null }, "geometry": { "type": "Point", "coordinates": [ -103.088818002266834, 45.331711868650672 ] } },
{ "type": "Feature", "properties": { "ICF_ID": 23437, "DB_ALIAS": 22, "DBUNIQUE": "160", "LATITUDE": 45.339, "LONGITUDE": -103.0889, "DATUM": null, "COUNTY_NAM": "Harding", "CNTY_FIPS": null, "STATE_NAME": null, "STATE_CODE": "SD", "MINE_NAME": null, "QC_FLAG": null, "ZIPCODE": null, "QAQC": "Y", "MADS": null }, "geometry": { "type": "Point", "coordinates": [ -103.088897002823501, 45.338969874074643 ] } },
{ "type": "Feature", "properties": { "ICF_ID": 23438, "DB_ALIAS": 22, "DBUNIQUE": "161", "LATITUDE": 45.3436, "LONGITUDE": -103.0929, "DATUM": null, "COUNTY_NAM": "Harding", "CNTY_FIPS": null, "STATE_NAME": null, "STATE_CODE": "SD", "MINE_NAME": null, "QC_FLAG": null, "ZIPCODE": null, "QAQC": "Y", "MADS": null }, "geometry": { "type": "Point", "coordinates": [ -103.092947009049325, 45.343602881272012 ] } },
{ "type": "Feature", "properties": { "ICF_ID": 23439, "DB_ALIAS": 22, "DBUNIQUE": "162", "LATITUDE": 45.3435, "LONGITUDE": -103.0828, "DATUM": null, "COUNTY_NAM": "Harding", "CNTY_FIPS": null, "STATE_NAME": null, "STATE_CODE": "SD", "MINE_NAME": null, "QC_FLAG": null, "ZIPCODE": null, "QAQC": "Y", "MADS": null }, "geometry": { "type": "Point", "coordinates": [ -103.082782994130881, 45.343530871741478 ] } },
{ "type": "Feature", "properties": { "ICF_ID": 23440, "DB_ALIAS": 22, "DBUNIQUE": "163", "LATITUDE": 45.3505, "LONGITUDE": -103.081, "DATUM": null, "COUNTY_NAM": "Harding", "CNTY_FIPS": null, "STATE_NAME": null, "STATE_CODE": "SD", "MINE_NAME": null, "QC_FLAG": null, "ZIPCODE": null, "QAQC": "Y", "MADS": null }, "geometry": { "type": "Point", "coordinates": [ -103.081024991848011, 45.350455874809896 ] } },
{ "type": "Feature", "properties": { "ICF_ID": 23441, "DB_ALIAS": 22, "DBUNIQUE": "164", "LATITUDE": 45.3495, "LONGITUDE": -103.0933, "DATUM": null, "COUNTY_NAM": "Harding", "CNTY_FIPS": null, "STATE_NAME": null, "STATE_CODE": "SD", "MINE_NAME": null, "QC_FLAG": null, "ZIPCODE": null, "QAQC": "Y", "MADS": null }, "geometry": { "type": "Point", "coordinates": [ -103.093345010053767, 45.349498886189586 ] } },
{ "type": "Feature", "properties": { "ICF_ID": 23442, "DB_ALIAS": 22, "DBUNIQUE": "165", "LATITUDE": 45.3514, "LONGITUDE": -103.1042, "DATUM": null, "COUNTY_NAM": "Harding", "CNTY_FIPS": null, "STATE_NAME": null, "STATE_CODE": "SD", "MINE_NAME": null, "QC_FLAG": null, "ZIPCODE": null, "QAQC": "Y", "MADS": null }, "geometry": { "type": "Point", "coordinates": [ -103.104195026305021, 45.351383898389528 ] } },
{ "type": "Feature", "properties": { "ICF_ID": 23443, "DB_ALIAS": 22, "DBUNIQUE": "166", "LATITUDE": 45.3481, "LONGITUDE": -103.1127, "DATUM": null, "COUNTY_NAM": "Harding", "CNTY_FIPS": null, "STATE_NAME": null, "STATE_CODE": "SD", "MINE_NAME": null, "QC_FLAG": null, "ZIPCODE": null, "QAQC": "Y", "MADS": null }, "geometry": { "type": "Point", "coordinates": [ -103.112656038487927, 45.348060903731714 ] } },
{ "type": "Feature", "properties": { "ICF_ID": 23444, "DB_ALIAS": 22, "DBUNIQUE": "167", "LATITUDE": 45.3549, "LONGITUDE": -103.1096, "DATUM": null, "COUNTY_NAM": "Harding", "CNTY_FIPS": null, "STATE_NAME": null, "STATE_CODE": "SD", "MINE_NAME": null, "QC_FLAG": null, "ZIPCODE": null, "QAQC": "Y", "MADS": null }, "geometry": { "type": "Point", "coordinates": [ -103.109565034661827, 45.354877906822551 ] } },
{ "type": "Feature", "properties": { "ICF_ID": 23445, "DB_ALIAS": 22, "DBUNIQUE": "168", "LATITUDE": 45.3488, "LONGITUDE": -103.1513, "DATUM": null, "COUNTY_NAM": "Harding", "CNTY_FIPS": null, "STATE_NAME": null, "STATE_CODE": "SD", "MINE_NAME": null, "QC_FLAG": null, "ZIPCODE": null, "QAQC": "Y", "MADS": null }, "geometry": { "type": "Point", "coordinates": [ -103.151320095777777, 45.348812941977194 ] } },
{ "type": "Feature", "properties": { "ICF_ID": 23446, "DB_ALIAS": 22, "DBUNIQUE": "169", "LATITUDE": 45.3596, "LONGITUDE": -103.1286, "DATUM": null, "COUNTY_NAM": "Harding", "CNTY_FIPS": null, "STATE_NAME": null, "STATE_CODE": "SD", "MINE_NAME": null, "QC_FLAG": null, "ZIPCODE": null, "QAQC": "Y", "MADS": null }, "geometry": { "type": "Point", "coordinates": [ -103.128611063823186, 45.359564931019499 ] } },
{ "type": "Feature", "properties": { "ICF_ID": 23447, "DB_ALIAS": 22, "DBUNIQUE": "170", "LATITUDE": 45.3632, "LONGITUDE": -103.1092, "DATUM": null, "COUNTY_NAM": "Harding", "CNTY_FIPS": null, "STATE_NAME": null, "STATE_CODE": "SD", "MINE_NAME": null, "QC_FLAG": null, "ZIPCODE": null, "QAQC": "Y", "MADS": null }, "geometry": { "type": "Point", "coordinates": [ -103.109156034944036, 45.363158913762874 ] } },
{ "type": "Feature", "properties": { "ICF_ID": 23448, "DB_ALIAS": 22, "DBUNIQUE": "171", "LATITUDE": 45.3675, "LONGITUDE": -103.1007, "DATUM": null, "COUNTY_NAM": "Harding", "CNTY_FIPS": null, "STATE_NAME": null, "STATE_CODE": "SD", "MINE_NAME": null, "QC_FLAG": null, "ZIPCODE": null, "QAQC": "Y", "MADS": null }, "geometry": { "type": "Point", "coordinates": [ -103.100706022545808, 45.367501908241749 ] } },
{ "type": "Feature", "properties": { "ICF_ID": 23449, "DB_ALIAS": 22, "DBUNIQUE": "172", "LATITUDE": 45.3753, "LONGITUDE": -103.0945, "DATUM": null, "COUNTY_NAM": "Harding", "CNTY_FIPS": null, "STATE_NAME": null, "STATE_CODE": "SD", "MINE_NAME": null, "QC_FLAG": null, "ZIPCODE": null, "QAQC": "Y", "MADS": null }, "geometry": { "type": "Point", "coordinates": [ -103.094460013615191, 45.375352907427747 ] } },
{ "type": "Feature", "properties": { "ICF_ID": 23450, "DB_ALIAS": 22, "DBUNIQUE": "173", "LATITUDE": 45.3675, "LONGITUDE": -103.0802, "DATUM": null, "COUNTY_NAM": "Harding", "CNTY_FIPS": null, "STATE_NAME": null, "STATE_CODE": "SD", "MINE_NAME": null, "QC_FLAG": null, "ZIPCODE": null, "QAQC": "Y", "MADS": null }, "geometry": { "type": "Point", "coordinates": [ -103.080211991338871, 45.367470885473708 ] } },
{ "type": "Feature", "properties": { "ICF_ID": 23451, "DB_ALIAS": 22, "DBUNIQUE": "174", "LATITUDE": 45.3744, "LONGITUDE": -103.1116, "DATUM": null, "COUNTY_NAM": "Harding", "CNTY_FIPS": null, "STATE_NAME": null, "STATE_CODE": "SD", "MINE_NAME": null, "QC_FLAG": null, "ZIPCODE": null, "QAQC": "Y", "MADS": null }, "geometry": { "type": "Point", "coordinates": [ -103.111611039930978, 45.374376926577852 ] } },
{ "type": "Feature", "properties": { "ICF_ID": 23452, "DB_ALIAS": 22, "DBUNIQUE": "175", "LATITUDE": 45.376, "LONGITUDE": -103.1191, "DATUM": null, "COUNTY_NAM": "Harding", "CNTY_FIPS": null, "STATE_NAME": null, "STATE_CODE": "SD", "MINE_NAME": null, "QC_FLAG": null, "ZIPCODE": null, "QAQC": "Y", "MADS": null }, "geometry": { "type": "Point", "coordinates": [ -103.119127051713519, 45.3760479369111 ] } },
{ "type": "Feature", "properties": { "ICF_ID": 23453, "DB_ALIAS": 22, "DBUNIQUE": "176", "LATITUDE": 45.3774, "LONGITUDE": -103.1321, "DATUM": null, "COUNTY_NAM": "Harding", "CNTY_FIPS": null, "STATE_NAME": null, "STATE_CODE": "SD", "MINE_NAME": null, "QC_FLAG": null, "ZIPCODE": null, "QAQC": "Y", "MADS": null }, "geometry": { "type": "Point", "coordinates": [ -103.132138071992529, 45.377355953561597 ] } },
{ "type": "Feature", "properties": { "ICF_ID": 23454, "DB_ALIAS": 22, "DBUNIQUE": "177", "LATITUDE": 45.3789, "LONGITUDE": -103.1516, "DATUM": null, "COUNTY_NAM": "Harding", "CNTY_FIPS": null, "STATE_NAME": null, "STATE_CODE": "SD", "MINE_NAME": null, "QC_FLAG": null, "ZIPCODE": null, "QAQC": "Y", "MADS": null }, "geometry": { "type": "Point", "coordinates": [ -103.15164810245534, 45.378865978458805 ] } },
{ "type": "Feature", "properties": { "ICF_ID": 23455, "DB_ALIAS": 22, "DBUNIQUE": "178", "LATITUDE": 45.4027, "LONGITUDE": -103.2302, "DATUM": null, "COUNTY_NAM": "Harding", "CNTY_FIPS": null, "STATE_NAME": null, "STATE_CODE": "SD", "MINE_NAME": null, "QC_FLAG": null, "ZIPCODE": null, "QAQC": "Y", "MADS": null }, "geometry": { "type": "Point", "coordinates": [ -103.230219233398415, 45.402707114862011 ] } },
{ "type": "Feature", "properties": { "ICF_ID": 23456, "DB_ALIAS": 22, "DBUNIQUE": "179", "LATITUDE": 45.4911, "LONGITUDE": -103.2104, "DATUM": null, "COUNTY_NAM": "Harding", "CNTY_FIPS": null, "STATE_NAME": null, "STATE_CODE": "SD", "MINE_NAME": null, "QC_FLAG": null, "ZIPCODE": null, "QAQC": "Y", "MADS": null }, "geometry": { "type": "Point", "coordinates": [ -103.210359231761444, 45.491136232530771 ] } },
{ "type": "Feature", "properties": { "ICF_ID": 23457, "DB_ALIAS": 22, "DBUNIQUE": "180", "LATITUDE": 45.5078, "LONGITUDE": -103.1662, "DATUM": null, "COUNTY_NAM": "Harding", "CNTY_FIPS": null, "STATE_NAME": null, "STATE_CODE": "SD", "MINE_NAME": null, "QC_FLAG": null, "ZIPCODE": null, "QAQC": "Y", "MADS": null }, "geometry": { "type": "Point", "coordinates": [ -103.166220158119842, 45.507758163454461 ] } },
{ "type": "Feature", "properties": { "ICF_ID": 23458, "DB_ALIAS": 22, "DBUNIQUE": "181", "LATITUDE": 45.5744, "LONGITUDE": -103.141, "DATUM": null, "COUNTY_NAM": "Harding", "CNTY_FIPS": null, "STATE_NAME": null, "STATE_CODE": "SD", "MINE_NAME": null, "QC_FLAG": null, "ZIPCODE": null, "QAQC": "Y", "MADS": null }, "geometry": { "type": "Point", "coordinates": [ -103.140957147381172, 45.574433184857227 ] } }
]
}
